[2026-06-29T22:37:54.405Z] {"timestamp":1782772673646,"type":"xhr","method":"GET","url":"/api/dashboard/timeline?per_page=20&category=all","request":{"body":null},"response":{"status":500,"statusText":"Internal Server Error","body":""},"duration":6,"error":null}
[2026-06-29T22:37:55.043Z] {"timestamp":1782772673631,"type":"xhr","method":"GET","url":"/api/dashboard/timeline?per_page=20&category=all","request":{"body":null},"response":{"status":500,"statusText":"Internal Server Error","body":""},"duration":4,"error":null}
[2026-06-29T22:37:58.814Z] {"timestamp":1782772677171,"type":"xhr","method":"GET","url":"/api/admin/conversas/fila/estatisticas","request":{"body":null},"response":{"status":200,"statusText":"OK","body":{"success":true,"data":{"mensagens_nao_lidas":99}}},"duration":4,"error":null}
[2026-06-29T22:37:58.815Z] {"timestamp":1782772677172,"type":"xhr","method":"GET","url":"/api/notifications/summary","request":{"body":null},"response":{"status":200,"statusText":"OK","body":{"unread":6}},"duration":3,"error":null}
[2026-06-29T22:37:59.501Z] {"timestamp":1782772679090,"type":"xhr","method":"GET","url":"/api/notifications/summary","request":{"body":null},"response":{"status":200,"statusText":"OK","body":{"unread":6}},"duration":3,"error":null}
[2026-06-29T22:37:59.501Z] {"timestamp":1782772679091,"type":"xhr","method":"GET","url":"/api/admin/conversas/fila/estatisticas","request":{"body":null},"response":{"status":200,"statusText":"OK","body":{"success":true,"data":{"mensagens_nao_lidas":99}}},"duration":3,"error":null}
[2026-06-29T22:38:04.828Z] {"timestamp":1782772684186,"type":"xhr","method":"GET","url":"/api/admin/conversas/fila/estatisticas","request":{"body":null},"response":{"status":200,"statusText":"OK","body":{"success":true,"data":{"mensagens_nao_lidas":99}}},"duration":4,"error":null}
[2026-06-29T22:38:04.828Z] {"timestamp":1782772684187,"type":"xhr","method":"GET","url":"/api/notifications/summary","request":{"body":null},"response":{"status":200,"statusText":"OK","body":{"unread":6}},"duration":3,"error":null}
[2026-06-29T22:38:07.494Z] {"timestamp":1782772686100,"type":"xhr","method":"GET","url":"/api/notifications/summary","request":{"body":null},"response":{"status":200,"statusText":"OK","body":{"unread":6}},"duration":4,"error":null}
[2026-06-29T22:38:07.494Z] {"timestamp":1782772686100,"type":"xhr","method":"GET","url":"/api/admin/conversas/fila/estatisticas","request":{"body":null},"response":{"status":200,"statusText":"OK","body":{"success":true,"data":{"mensagens_nao_lidas":99}}},"duration":4,"error":null}
[2026-06-29T22:38:12.824Z] {"timestamp":1782772691204,"type":"xhr","method":"GET","url":"/api/admin/conversas/fila/estatisticas","request":{"body":null},"response":{"status":200,"statusText":"OK","body":{"success":true,"data":{"mensagens_nao_lidas":99}}},"duration":4,"error":null}
[2026-06-29T22:38:12.824Z] {"timestamp":1782772691205,"type":"xhr","method":"GET","url":"/api/notifications/summary","request":{"body":null},"response":{"status":200,"statusText":"OK","body":{"unread":6}},"duration":3,"error":null}
[2026-06-29T22:38:13.502Z] {"timestamp":1782772693116,"type":"xhr","method":"GET","url":"/api/notifications/summary","request":{"body":null},"response":{"status":200,"statusText":"OK","body":{"unread":6}},"duration":4,"error":null}
[2026-06-29T22:38:13.502Z] {"timestamp":1782772693117,"type":"xhr","method":"GET","url":"/api/admin/conversas/fila/estatisticas","request":{"body":null},"response":{"status":200,"statusText":"OK","body":{"success":true,"data":{"mensagens_nao_lidas":99}}},"duration":3,"error":null}
[2026-06-29T22:38:18.819Z] {"timestamp":1782772698220,"type":"xhr","method":"GET","url":"/api/admin/conversas/fila/estatisticas","request":{"body":null},"response":{"status":200,"statusText":"OK","body":{"success":true,"data":{"mensagens_nao_lidas":99}}},"duration":5,"error":null}
[2026-06-29T22:38:18.819Z] {"timestamp":1782772698221,"type":"xhr","method":"GET","url":"/api/notifications/summary","request":{"body":null},"response":{"status":200,"statusText":"OK","body":{"unread":6}},"duration":5,"error":null}
[2026-06-29T22:38:21.501Z] {"timestamp":1782772700123,"type":"xhr","method":"GET","url":"/api/notifications/summary","request":{"body":null},"response":{"status":200,"statusText":"OK","body":{"unread":6}},"duration":5,"error":null}
[2026-06-29T22:38:21.501Z] {"timestamp":1782772700124,"type":"xhr","method":"GET","url":"/api/admin/conversas/fila/estatisticas","request":{"body":null},"response":{"status":200,"statusText":"OK","body":{"success":true,"data":{"mensagens_nao_lidas":99}}},"duration":4,"error":null}
[2026-06-29T22:38:26.820Z] {"timestamp":1782772705231,"type":"xhr","method":"GET","url":"/api/admin/conversas/fila/estatisticas","request":{"body":null},"response":{"status":200,"statusText":"OK","body":{"success":true,"data":{"mensagens_nao_lidas":99}}},"duration":4,"error":null}
[2026-06-29T22:38:26.820Z] {"timestamp":1782772705232,"type":"xhr","method":"GET","url":"/api/notifications/summary","request":{"body":null},"response":{"status":200,"statusText":"OK","body":{"unread":6}},"duration":4,"error":null}
[2026-06-29T22:38:27.498Z] {"timestamp":1782772707130,"type":"xhr","method":"GET","url":"/api/admin/conversas/fila/estatisticas","request":{"body":null},"response":{"status":200,"statusText":"OK","body":{"success":true,"data":{"mensagens_nao_lidas":99}}},"duration":3,"error":null}
[2026-06-29T22:38:27.498Z] {"timestamp":1782772707129,"type":"xhr","method":"GET","url":"/api/notifications/summary","request":{"body":null},"response":{"status":200,"statusText":"OK","body":{"unread":6}},"duration":5,"error":null}
[2026-06-29T22:38:32.824Z] {"timestamp":1782772712237,"type":"xhr","method":"GET","url":"/api/admin/conversas/fila/estatisticas","request":{"body":null},"response":{"status":200,"statusText":"OK","body":{"success":true,"data":{"mensagens_nao_lidas":99}}},"duration":8,"error":null}
[2026-06-29T22:38:32.824Z] {"timestamp":1782772712239,"type":"xhr","method":"GET","url":"/api/notifications/summary","request":{"body":null},"response":{"status":200,"statusText":"OK","body":{"unread":6}},"duration":7,"error":null}
[2026-06-29T22:38:35.496Z] {"timestamp":1782772714134,"type":"xhr","method":"GET","url":"/api/admin/conversas/fila/estatisticas","request":{"body":null},"response":{"status":200,"statusText":"OK","body":{"success":true,"data":{"mensagens_nao_lidas":99}}},"duration":4,"error":null}
[2026-06-29T22:38:35.496Z] {"timestamp":1782772714134,"type":"xhr","method":"GET","url":"/api/notifications/summary","request":{"body":null},"response":{"status":200,"statusText":"OK","body":{"unread":6}},"duration":5,"error":null}
[2026-06-29T22:38:40.823Z] {"timestamp":1782772719253,"type":"xhr","method":"GET","url":"/api/admin/conversas/fila/estatisticas","request":{"body":null},"response":{"status":200,"statusText":"OK","body":{"success":true,"data":{"mensagens_nao_lidas":99}}},"duration":6,"error":null}
[2026-06-29T22:38:40.823Z] {"timestamp":1782772719254,"type":"xhr","method":"GET","url":"/api/notifications/summary","request":{"body":null},"response":{"status":200,"statusText":"OK","body":{"unread":6}},"duration":7,"error":null}
[2026-06-29T22:38:41.497Z] {"timestamp":1782772721148,"type":"xhr","method":"GET","url":"/api/admin/conversas/fila/estatisticas","request":{"body":null},"response":{"status":200,"statusText":"OK","body":{"success":true,"data":{"mensagens_nao_lidas":99}}},"duration":4,"error":null}
[2026-06-29T22:38:41.497Z] {"timestamp":1782772721149,"type":"xhr","method":"GET","url":"/api/notifications/summary","request":{"body":null},"response":{"status":200,"statusText":"OK","body":{"unread":6}},"duration":3,"error":null}
[2026-06-29T22:38:46.397Z] {"timestamp":1782772725093,"type":"xhr","method":"GET","url":"/api/notifications/summary","request":{"body":null},"response":{"status":500,"statusText":"Internal Server Error","body":""},"duration":8,"error":null}
[2026-06-29T22:38:46.397Z] {"timestamp":1782772725094,"type":"xhr","method":"GET","url":"/api/admin/conversas/fila/estatisticas","request":{"body":null},"response":{"status":500,"statusText":"Internal Server Error","body":""},"duration":7,"error":null}
[2026-06-29T22:38:46.822Z] {"timestamp":1782772726271,"type":"xhr","method":"GET","url":"/api/admin/conversas/fila/estatisticas","request":{"body":null},"response":{"status":200,"statusText":"OK","body":{"success":true,"data":{"mensagens_nao_lidas":99}}},"duration":4,"error":null}
[2026-06-29T22:38:46.822Z] {"timestamp":1782772726272,"type":"xhr","method":"GET","url":"/api/notifications/summary","request":{"body":null},"response":{"status":200,"statusText":"OK","body":{"unread":6}},"duration":4,"error":null}
[2026-06-29T22:38:47.035Z] {"timestamp":1782772725122,"type":"xhr","method":"GET","url":"/api/notifications/summary","request":{"body":null},"response":{"status":500,"statusText":"Internal Server Error","body":""},"duration":9,"error":null}
[2026-06-29T22:38:47.035Z] {"timestamp":1782772725123,"type":"xhr","method":"GET","url":"/api/admin/conversas/fila/estatisticas","request":{"body":null},"response":{"status":500,"statusText":"Internal Server Error","body":""},"duration":8,"error":null}
[2026-06-29T22:38:49.505Z] {"timestamp":1782772728153,"type":"xhr","method":"GET","url":"/api/admin/conversas/fila/estatisticas","request":{"body":null},"response":{"status":200,"statusText":"OK","body":{"success":true,"data":{"mensagens_nao_lidas":99}}},"duration":5,"error":null}
[2026-06-29T22:38:49.505Z] {"timestamp":1782772728154,"type":"xhr","method":"GET","url":"/api/notifications/summary","request":{"body":null},"response":{"status":200,"statusText":"OK","body":{"unread":6}},"duration":4,"error":null}
[2026-06-29T22:38:54.411Z] {"timestamp":1782772733655,"type":"xhr","method":"GET","url":"/api/dashboard/timeline?per_page=20&category=all","request":{"body":null},"response":{"status":500,"statusText":"Internal Server Error","body":""},"duration":6,"error":null}
[2026-06-29T22:38:54.815Z] {"timestamp":1782772733278,"type":"xhr","method":"GET","url":"/api/admin/conversas/fila/estatisticas","request":{"body":null},"response":{"status":200,"statusText":"OK","body":{"success":true,"data":{"mensagens_nao_lidas":99}}},"duration":4,"error":null}
[2026-06-29T22:38:54.815Z] {"timestamp":1782772733278,"type":"xhr","method":"GET","url":"/api/notifications/summary","request":{"body":null},"response":{"status":200,"statusText":"OK","body":{"unread":6}},"duration":4,"error":null}
[2026-06-29T22:38:55.033Z] {"timestamp":1782772733639,"type":"xhr","method":"GET","url":"/api/dashboard/timeline?per_page=20&category=all","request":{"body":null},"response":{"status":500,"statusText":"Internal Server Error","body":""},"duration":15,"error":null}
[2026-06-29T22:38:55.033Z] {"timestamp":1782772734655,"type":"xhr","method":"GET","url":"/api/dashboard/timeline?per_page=20&category=all","request":{"body":null},"response":{"status":500,"statusText":"Internal Server Error","body":""},"duration":5,"error":null}
[2026-06-29T22:38:55.493Z] {"timestamp":1782772735159,"type":"xhr","method":"GET","url":"/api/admin/conversas/fila/estatisticas","request":{"body":null},"response":{"status":200,"statusText":"OK","body":{"success":true,"data":{"mensagens_nao_lidas":99}}},"duration":4,"error":null}
[2026-06-29T22:38:55.493Z] {"timestamp":1782772735160,"type":"xhr","method":"GET","url":"/api/notifications/summary","request":{"body":null},"response":{"status":200,"statusText":"OK","body":{"unread":6}},"duration":3,"error":null}
[2026-06-29T22:38:56.401Z] {"timestamp":1782772734670,"type":"xhr","method":"GET","url":"/api/dashboard/timeline?per_page=20&category=all","request":{"body":null},"response":{"status":500,"statusText":"Internal Server Error","body":""},"duration":5,"error":null}
[2026-06-29T22:38:57.035Z] {"timestamp":1782772736672,"type":"xhr","method":"GET","url":"/api/dashboard/timeline?per_page=20&category=all","request":{"body":null},"response":{"status":500,"statusText":"Internal Server Error","body":""},"duration":5,"error":null}
[2026-06-29T22:38:58.406Z] {"timestamp":1782772736687,"type":"xhr","method":"GET","url":"/api/dashboard/timeline?per_page=20&category=all","request":{"body":null},"response":{"status":500,"statusText":"Internal Server Error","body":""},"duration":5,"error":null}
[2026-06-29T22:39:00.824Z] {"timestamp":1782772740288,"type":"xhr","method":"GET","url":"/api/admin/conversas/fila/estatisticas","request":{"body":null},"response":{"status":200,"statusText":"OK","body":{"success":true,"data":{"mensagens_nao_lidas":99}}},"duration":4,"error":null}
[2026-06-29T22:39:00.824Z] {"timestamp":1782772740289,"type":"xhr","method":"GET","url":"/api/notifications/summary","request":{"body":null},"response":{"status":200,"statusText":"OK","body":{"unread":6}},"duration":4,"error":null}
[2026-06-29T22:39:01.039Z] {"timestamp":1782772740679,"type":"xhr","method":"GET","url":"/api/dashboard/timeline?per_page=20&category=all","request":{"body":null},"response":{"status":500,"statusText":"Internal Server Error","body":""},"duration":5,"error":null}
[2026-06-29T22:39:02.401Z] {"timestamp":1782772740695,"type":"xhr","method":"GET","url":"/api/dashboard/timeline?per_page=20&category=all","request":{"body":null},"response":{"status":500,"statusText":"Internal Server Error","body":""},"duration":5,"error":null}
[2026-06-29T22:39:03.495Z] {"timestamp":1782772742165,"type":"xhr","method":"GET","url":"/api/admin/conversas/fila/estatisticas","request":{"body":null},"response":{"status":200,"statusText":"OK","body":{"success":true,"data":{"mensagens_nao_lidas":99}}},"duration":4,"error":null}
[2026-06-29T22:39:03.495Z] {"timestamp":1782772742166,"type":"xhr","method":"GET","url":"/api/notifications/summary","request":{"body":null},"response":{"status":200,"statusText":"OK","body":{"unread":6}},"duration":3,"error":null}
[2026-06-29T22:39:08.825Z] {"timestamp":1782772747304,"type":"xhr","method":"GET","url":"/api/admin/conversas/fila/estatisticas","request":{"body":null},"response":{"status":200,"statusText":"OK","body":{"success":true,"data":{"mensagens_nao_lidas":99}}},"duration":5,"error":null}
[2026-06-29T22:39:08.825Z] {"timestamp":1782772747304,"type":"xhr","method":"GET","url":"/api/notifications/summary","request":{"body":null},"response":{"status":200,"statusText":"OK","body":{"unread":6}},"duration":5,"error":null}
[2026-06-29T22:39:09.502Z] {"timestamp":1782772749171,"type":"xhr","method":"GET","url":"/api/admin/conversas/fila/estatisticas","request":{"body":null},"response":{"status":200,"statusText":"OK","body":{"success":true,"data":{"mensagens_nao_lidas":99}}},"duration":4,"error":null}
[2026-06-29T22:39:09.502Z] {"timestamp":1782772749171,"type":"xhr","method":"GET","url":"/api/notifications/summary","request":{"body":null},"response":{"status":200,"statusText":"OK","body":{"unread":6}},"duration":4,"error":null}
[2026-06-29T22:39:14.822Z] {"timestamp":1782772754317,"type":"xhr","method":"GET","url":"/api/admin/conversas/fila/estatisticas","request":{"body":null},"response":{"status":200,"statusText":"OK","body":{"success":true,"data":{"mensagens_nao_lidas":99}}},"duration":11,"error":null}
[2026-06-29T22:39:14.822Z] {"timestamp":1782772754318,"type":"xhr","method":"GET","url":"/api/notifications/summary","request":{"body":null},"response":{"status":200,"statusText":"OK","body":{"unread":6}},"duration":10,"error":null}
[2026-06-29T22:39:17.501Z] {"timestamp":1782772756185,"type":"xhr","method":"GET","url":"/api/admin/conversas/fila/estatisticas","request":{"body":null},"response":{"status":200,"statusText":"OK","body":{"success":true,"data":{"mensagens_nao_lidas":99}}},"duration":7,"error":null}
[2026-06-29T22:39:17.501Z] {"timestamp":1782772756186,"type":"xhr","method":"GET","url":"/api/notifications/summary","request":{"body":null},"response":{"status":200,"statusText":"OK","body":{"unread":6}},"duration":7,"error":null}
[2026-06-29T22:39:22.813Z] {"timestamp":1782772761344,"type":"xhr","method":"GET","url":"/api/admin/conversas/fila/estatisticas","request":{"body":null},"response":{"status":200,"statusText":"OK","body":{"success":true,"data":{"mensagens_nao_lidas":99}}},"duration":5,"error":null}
[2026-06-29T22:39:22.813Z] {"timestamp":1782772761345,"type":"xhr","method":"GET","url":"/api/notifications/summary","request":{"body":null},"response":{"status":200,"statusText":"OK","body":{"unread":6}},"duration":4,"error":null}
[2026-06-29T22:39:23.495Z] {"timestamp":1782772763197,"type":"xhr","method":"GET","url":"/api/admin/conversas/fila/estatisticas","request":{"body":null},"response":{"status":200,"statusText":"OK","body":{"success":true,"data":{"mensagens_nao_lidas":99}}},"duration":3,"error":null}
[2026-06-29T22:39:23.495Z] {"timestamp":1782772763197,"type":"xhr","method":"GET","url":"/api/notifications/summary","request":{"body":null},"response":{"status":200,"statusText":"OK","body":{"unread":6}},"duration":4,"error":null}
[2026-06-29T22:39:28.822Z] {"timestamp":1782772768354,"type":"xhr","method":"GET","url":"/api/notifications/summary","request":{"body":null},"response":{"status":200,"statusText":"OK","body":{"unread":6}},"duration":3,"error":null}
[2026-06-29T22:39:28.822Z] {"timestamp":1782772768353,"type":"xhr","method":"GET","url":"/api/admin/conversas/fila/estatisticas","request":{"body":null},"response":{"status":200,"statusText":"OK","body":{"success":true,"data":{"mensagens_nao_lidas":99}}},"duration":5,"error":null}
[2026-06-29T22:39:31.492Z] {"timestamp":1782772770206,"type":"xhr","method":"GET","url":"/api/admin/conversas/fila/estatisticas","request":{"body":null},"response":{"status":200,"statusText":"OK","body":{"success":true,"data":{"mensagens_nao_lidas":99}}},"duration":4,"error":null}
[2026-06-29T22:39:31.492Z] {"timestamp":1782772770206,"type":"xhr","method":"GET","url":"/api/notifications/summary","request":{"body":null},"response":{"status":200,"statusText":"OK","body":{"unread":6}},"duration":4,"error":null}
[2026-06-29T22:39:36.821Z] {"timestamp":1782772775374,"type":"xhr","method":"GET","url":"/api/notifications/summary","request":{"body":null},"response":{"status":200,"statusText":"OK","body":{"unread":6}},"duration":4,"error":null}
[2026-06-29T22:39:36.821Z] {"timestamp":1782772775374,"type":"xhr","method":"GET","url":"/api/admin/conversas/fila/estatisticas","request":{"body":null},"response":{"status":200,"statusText":"OK","body":{"success":true,"data":{"mensagens_nao_lidas":99}}},"duration":4,"error":null}
[2026-06-29T22:39:37.501Z] {"timestamp":1782772777220,"type":"xhr","method":"GET","url":"/api/admin/conversas/fila/estatisticas","request":{"body":null},"response":{"status":200,"statusText":"OK","body":{"success":true,"data":{"mensagens_nao_lidas":99}}},"duration":3,"error":null}
[2026-06-29T22:39:37.501Z] {"timestamp":1782772777220,"type":"xhr","method":"GET","url":"/api/notifications/summary","request":{"body":null},"response":{"status":200,"statusText":"OK","body":{"unread":6}},"duration":4,"error":null}
[2026-06-29T22:39:42.824Z] {"timestamp":1782772782386,"type":"xhr","method":"GET","url":"/api/notifications/summary","request":{"body":null},"response":{"status":200,"statusText":"OK","body":{"unread":6}},"duration":3,"error":null}
[2026-06-29T22:39:42.824Z] {"timestamp":1782772782386,"type":"xhr","method":"GET","url":"/api/admin/conversas/fila/estatisticas","request":{"body":null},"response":{"status":200,"statusText":"OK","body":{"success":true,"data":{"mensagens_nao_lidas":99}}},"duration":4,"error":null}
[2026-06-29T22:39:45.498Z] {"timestamp":1782772784237,"type":"xhr","method":"GET","url":"/api/admin/conversas/fila/estatisticas","request":{"body":null},"response":{"status":200,"statusText":"OK","body":{"success":true,"data":{"mensagens_nao_lidas":99}}},"duration":4,"error":null}
[2026-06-29T22:39:45.498Z] {"timestamp":1782772784238,"type":"xhr","method":"GET","url":"/api/notifications/summary","request":{"body":null},"response":{"status":200,"statusText":"OK","body":{"unread":6}},"duration":3,"error":null}
[2026-06-29T22:39:46.405Z] {"timestamp":1782772785102,"type":"xhr","method":"GET","url":"/api/notifications/summary","request":{"body":null},"response":{"status":500,"statusText":"Internal Server Error","body":""},"duration":9,"error":null}
[2026-06-29T22:39:46.405Z] {"timestamp":1782772785103,"type":"xhr","method":"GET","url":"/api/admin/conversas/fila/estatisticas","request":{"body":null},"response":{"status":500,"statusText":"Internal Server Error","body":""},"duration":9,"error":null}
[2026-06-29T22:39:47.045Z] {"timestamp":1782772785135,"type":"xhr","method":"GET","url":"/api/notifications/summary","request":{"body":null},"response":{"status":500,"statusText":"Internal Server Error","body":""},"duration":9,"error":null}
[2026-06-29T22:39:47.045Z] {"timestamp":1782772785136,"type":"xhr","method":"GET","url":"/api/admin/conversas/fila/estatisticas","request":{"body":null},"response":{"status":500,"statusText":"Internal Server Error","body":""},"duration":9,"error":null}
[2026-06-29T22:39:50.817Z] {"timestamp":1782772789395,"type":"xhr","method":"GET","url":"/api/notifications/summary","request":{"body":null},"response":{"status":200,"statusText":"OK","body":{"unread":6}},"duration":4,"error":null}
[2026-06-29T22:39:50.817Z] {"timestamp":1782772789395,"type":"xhr","method":"GET","url":"/api/admin/conversas/fila/estatisticas","request":{"body":null},"response":{"status":200,"statusText":"OK","body":{"success":true,"data":{"mensagens_nao_lidas":99}}},"duration":5,"error":null}
[2026-06-29T22:39:51.488Z] {"timestamp":1782772791253,"type":"xhr","method":"GET","url":"/api/admin/conversas/fila/estatisticas","request":{"body":null},"response":{"status":200,"statusText":"OK","body":{"success":true,"data":{"mensagens_nao_lidas":99}}},"duration":4,"error":null}
[2026-06-29T22:39:51.488Z] {"timestamp":1782772791253,"type":"xhr","method":"GET","url":"/api/notifications/summary","request":{"body":null},"response":{"status":200,"statusText":"OK","body":{"unread":6}},"duration":4,"error":null}
[2026-06-29T22:39:56.821Z] {"timestamp":1782772796415,"type":"xhr","method":"GET","url":"/api/notifications/summary","request":{"body":null},"response":{"status":200,"statusText":"OK","body":{"unread":6}},"duration":4,"error":null}
[2026-06-29T22:39:56.821Z] {"timestamp":1782772796416,"type":"xhr","method":"GET","url":"/api/admin/conversas/fila/estatisticas","request":{"body":null},"response":{"status":200,"statusText":"OK","body":{"success":true,"data":{"mensagens_nao_lidas":99}}},"duration":3,"error":null}
[2026-06-29T22:39:59.497Z] {"timestamp":1782772798268,"type":"xhr","method":"GET","url":"/api/admin/conversas/fila/estatisticas","request":{"body":null},"response":{"status":200,"statusText":"OK","body":{"success":true,"data":{"mensagens_nao_lidas":99}}},"duration":4,"error":null}
[2026-06-29T22:39:59.497Z] {"timestamp":1782772798269,"type":"xhr","method":"GET","url":"/api/notifications/summary","request":{"body":null},"response":{"status":200,"statusText":"OK","body":{"unread":6}},"duration":4,"error":null}
[2026-06-29T22:40:01.042Z] {"timestamp":1782772800699,"type":"xhr","method":"GET","url":"/api/dashboard/timeline?per_page=20&category=all","request":{"body":null},"response":{"status":500,"statusText":"Internal Server Error","body":""},"duration":8,"error":null}
[2026-06-29T22:40:02.397Z] {"timestamp":1782772800714,"type":"xhr","method":"GET","url":"/api/dashboard/timeline?per_page=20&category=all","request":{"body":null},"response":{"status":500,"statusText":"Internal Server Error","body":""},"duration":10,"error":null}
[2026-06-29T22:40:02.397Z] {"timestamp":1782772801733,"type":"xhr","method":"GET","url":"/api/dashboard/timeline?per_page=20&category=all","request":{"body":null},"response":{"status":500,"statusText":"Internal Server Error","body":""},"duration":4,"error":null}
[2026-06-29T22:40:03.033Z] {"timestamp":1782772801718,"type":"xhr","method":"GET","url":"/api/dashboard/timeline?per_page=20&category=all","request":{"body":null},"response":{"status":500,"statusText":"Internal Server Error","body":""},"duration":5,"error":null}
[2026-06-29T22:40:04.402Z] {"timestamp":1782772803745,"type":"xhr","method":"GET","url":"/api/dashboard/timeline?per_page=20&category=all","request":{"body":null},"response":{"status":500,"statusText":"Internal Server Error","body":""},"duration":6,"error":null}
[2026-06-29T22:40:04.820Z] {"timestamp":1782772803433,"type":"xhr","method":"GET","url":"/api/notifications/summary","request":{"body":null},"response":{"status":200,"statusText":"OK","body":{"unread":6}},"duration":4,"error":null}
[2026-06-29T22:40:04.820Z] {"timestamp":1782772803434,"type":"xhr","method":"GET","url":"/api/admin/conversas/fila/estatisticas","request":{"body":null},"response":{"status":200,"statusText":"OK","body":{"success":true,"data":{"mensagens_nao_lidas":99}}},"duration":3,"error":null}
[2026-06-29T22:40:05.035Z] {"timestamp":1782772803729,"type":"xhr","method":"GET","url":"/api/dashboard/timeline?per_page=20&category=all","request":{"body":null},"response":{"status":500,"statusText":"Internal Server Error","body":""},"duration":5,"error":null}
[2026-06-29T22:40:05.503Z] {"timestamp":1782772805277,"type":"xhr","method":"GET","url":"/api/admin/conversas/fila/estatisticas","request":{"body":null},"response":{"status":200,"statusText":"OK","body":{"success":true,"data":{"mensagens_nao_lidas":99}}},"duration":3,"error":null}
[2026-06-29T22:40:05.503Z] {"timestamp":1782772805277,"type":"xhr","method":"GET","url":"/api/notifications/summary","request":{"body":null},"response":{"status":200,"statusText":"OK","body":{"unread":6}},"duration":4,"error":null}
[2026-06-29T22:40:08.403Z] {"timestamp":1782772807753,"type":"xhr","method":"GET","url":"/api/dashboard/timeline?per_page=20&category=all","request":{"body":null},"response":{"status":500,"statusText":"Internal Server Error","body":""},"duration":10,"error":null}
[2026-06-29T22:40:09.035Z] {"timestamp":1782772807737,"type":"xhr","method":"GET","url":"/api/dashboard/timeline?per_page=20&category=all","request":{"body":null},"response":{"status":500,"statusText":"Internal Server Error","body":""},"duration":10,"error":null}
[2026-06-29T22:40:10.819Z] {"timestamp":1782772810448,"type":"xhr","method":"GET","url":"/api/admin/conversas/fila/estatisticas","request":{"body":null},"response":{"status":200,"statusText":"OK","body":{"success":true,"data":{"mensagens_nao_lidas":99}}},"duration":4,"error":null}
[2026-06-29T22:40:10.819Z] {"timestamp":1782772810447,"type":"xhr","method":"GET","url":"/api/notifications/summary","request":{"body":null},"response":{"status":200,"statusText":"OK","body":{"unread":6}},"duration":5,"error":null}
[2026-06-29T22:40:13.508Z] {"timestamp":1782772812285,"type":"xhr","method":"GET","url":"/api/admin/conversas/fila/estatisticas","request":{"body":null},"response":{"status":200,"statusText":"OK","body":{"success":true,"data":{"mensagens_nao_lidas":99}}},"duration":4,"error":null}
[2026-06-29T22:40:13.508Z] {"timestamp":1782772812285,"type":"xhr","method":"GET","url":"/api/notifications/summary","request":{"body":null},"response":{"status":200,"statusText":"OK","body":{"unread":6}},"duration":5,"error":null}
[2026-06-29T22:40:18.818Z] {"timestamp":1782772817464,"type":"xhr","method":"GET","url":"/api/admin/conversas/fila/estatisticas","request":{"body":null},"response":{"status":200,"statusText":"OK","body":{"success":true,"data":{"mensagens_nao_lidas":99}}},"duration":3,"error":null}
[2026-06-29T22:40:18.818Z] {"timestamp":1782772817464,"type":"xhr","method":"GET","url":"/api/notifications/summary","request":{"body":null},"response":{"status":200,"statusText":"OK","body":{"unread":6}},"duration":4,"error":null}
[2026-06-29T22:40:19.500Z] {"timestamp":1782772819295,"type":"xhr","method":"GET","url":"/api/admin/conversas/fila/estatisticas","request":{"body":null},"response":{"status":200,"statusText":"OK","body":{"success":true,"data":{"mensagens_nao_lidas":99}}},"duration":4,"error":null}
[2026-06-29T22:40:19.500Z] {"timestamp":1782772819295,"type":"xhr","method":"GET","url":"/api/notifications/summary","request":{"body":null},"response":{"status":200,"statusText":"OK","body":{"unread":6}},"duration":4,"error":null}
[2026-06-29T22:40:24.826Z] {"timestamp":1782772824473,"type":"xhr","method":"GET","url":"/api/admin/conversas/fila/estatisticas","request":{"body":null},"response":{"status":200,"statusText":"OK","body":{"success":true,"data":{"mensagens_nao_lidas":99}}},"duration":5,"error":null}
[2026-06-29T22:40:24.826Z] {"timestamp":1782772824474,"type":"xhr","method":"GET","url":"/api/notifications/summary","request":{"body":null},"response":{"status":200,"statusText":"OK","body":{"unread":6}},"duration":4,"error":null}
[2026-06-29T22:40:27.489Z] {"timestamp":1782772826312,"type":"xhr","method":"GET","url":"/api/admin/conversas/fila/estatisticas","request":{"body":null},"response":{"status":200,"statusText":"OK","body":{"success":true,"data":{"mensagens_nao_lidas":99}}},"duration":6,"error":null}
[2026-06-29T22:40:27.489Z] {"timestamp":1782772826313,"type":"xhr","method":"GET","url":"/api/notifications/summary","request":{"body":null},"response":{"status":200,"statusText":"OK","body":{"unread":6}},"duration":7,"error":null}
[2026-06-29T22:40:32.819Z] {"timestamp":1782772831483,"type":"xhr","method":"GET","url":"/api/notifications/summary","request":{"body":null},"response":{"status":200,"statusText":"OK","body":{"unread":6}},"duration":4,"error":null}
[2026-06-29T22:40:32.819Z] {"timestamp":1782772831483,"type":"xhr","method":"GET","url":"/api/admin/conversas/fila/estatisticas","request":{"body":null},"response":{"status":200,"statusText":"OK","body":{"success":true,"data":{"mensagens_nao_lidas":99}}},"duration":4,"error":null}
[2026-06-29T22:40:33.508Z] {"timestamp":1782772833333,"type":"xhr","method":"GET","url":"/api/admin/conversas/fila/estatisticas","request":{"body":null},"response":{"status":200,"statusText":"OK","body":{"success":true,"data":{"mensagens_nao_lidas":99}}},"duration":4,"error":null}
[2026-06-29T22:40:33.508Z] {"timestamp":1782772833334,"type":"xhr","method":"GET","url":"/api/notifications/summary","request":{"body":null},"response":{"status":200,"statusText":"OK","body":{"unread":6}},"duration":4,"error":null}
[2026-06-29T22:40:38.817Z] {"timestamp":1782772838497,"type":"xhr","method":"GET","url":"/api/notifications/summary","request":{"body":null},"response":{"status":200,"statusText":"OK","body":{"unread":6}},"duration":4,"error":null}
[2026-06-29T22:40:38.817Z] {"timestamp":1782772838497,"type":"xhr","method":"GET","url":"/api/admin/conversas/fila/estatisticas","request":{"body":null},"response":{"status":200,"statusText":"OK","body":{"success":true,"data":{"mensagens_nao_lidas":99}}},"duration":4,"error":null}
[2026-06-29T22:40:41.494Z] {"timestamp":1782772840352,"type":"xhr","method":"GET","url":"/api/admin/conversas/fila/estatisticas","request":{"body":null},"response":{"status":200,"statusText":"OK","body":{"success":true,"data":{"mensagens_nao_lidas":99}}},"duration":4,"error":null}
[2026-06-29T22:40:41.494Z] {"timestamp":1782772840353,"type":"xhr","method":"GET","url":"/api/notifications/summary","request":{"body":null},"response":{"status":200,"statusText":"OK","body":{"unread":6}},"duration":3,"error":null}
[2026-06-29T22:40:46.402Z] {"timestamp":1782772845116,"type":"xhr","method":"GET","url":"/api/notifications/summary","request":{"body":null},"response":{"status":500,"statusText":"Internal Server Error","body":""},"duration":8,"error":null}
[2026-06-29T22:40:46.402Z] {"timestamp":1782772845116,"type":"xhr","method":"GET","url":"/api/admin/conversas/fila/estatisticas","request":{"body":null},"response":{"status":500,"statusText":"Internal Server Error","body":""},"duration":8,"error":null}
[2026-06-29T22:40:46.819Z] {"timestamp":1782772845517,"type":"xhr","method":"GET","url":"/api/notifications/summary","request":{"body":null},"response":{"status":200,"statusText":"OK","body":{"unread":6}},"duration":4,"error":null}
[2026-06-29T22:40:46.819Z] {"timestamp":1782772845518,"type":"xhr","method":"GET","url":"/api/admin/conversas/fila/estatisticas","request":{"body":null},"response":{"status":200,"statusText":"OK","body":{"success":true,"data":{"mensagens_nao_lidas":99}}},"duration":4,"error":null}
[2026-06-29T22:40:47.035Z] {"timestamp":1782772845147,"type":"xhr","method":"GET","url":"/api/notifications/summary","request":{"body":null},"response":{"status":500,"statusText":"Internal Server Error","body":""},"duration":8,"error":null}
[2026-06-29T22:40:47.035Z] {"timestamp":1782772845147,"type":"xhr","method":"GET","url":"/api/admin/conversas/fila/estatisticas","request":{"body":null},"response":{"status":500,"statusText":"Internal Server Error","body":""},"duration":8,"error":null}
[2026-06-29T22:40:47.496Z] {"timestamp":1782772847363,"type":"xhr","method":"GET","url":"/api/notifications/summary","request":{"body":null},"response":{"status":200,"statusText":"OK","body":{"unread":6}},"duration":4,"error":null}
[2026-06-29T22:40:47.496Z] {"timestamp":1782772847362,"type":"xhr","method":"GET","url":"/api/admin/conversas/fila/estatisticas","request":{"body":null},"response":{"status":200,"statusText":"OK","body":{"success":true,"data":{"mensagens_nao_lidas":99}}},"duration":5,"error":null}
[2026-06-29T22:40:52.814Z] {"timestamp":1782772852528,"type":"xhr","method":"GET","url":"/api/admin/conversas/fila/estatisticas","request":{"body":null},"response":{"status":200,"statusText":"OK","body":{"success":true,"data":{"mensagens_nao_lidas":99}}},"duration":5,"error":null}
[2026-06-29T22:40:52.814Z] {"timestamp":1782772852527,"type":"xhr","method":"GET","url":"/api/notifications/summary","request":{"body":null},"response":{"status":200,"statusText":"OK","body":{"unread":6}},"duration":6,"error":null}
[2026-06-29T22:40:55.493Z] {"timestamp":1782772854381,"type":"xhr","method":"GET","url":"/api/notifications/summary","request":{"body":null},"response":{"status":200,"statusText":"OK","body":{"unread":6}},"duration":4,"error":null}
[2026-06-29T22:40:55.493Z] {"timestamp":1782772854382,"type":"xhr","method":"GET","url":"/api/admin/conversas/fila/estatisticas","request":{"body":null},"response":{"status":200,"statusText":"OK","body":{"success":true,"data":{"mensagens_nao_lidas":99}}},"duration":4,"error":null}
[2026-06-29T22:41:00.817Z] {"timestamp":1782772859538,"type":"xhr","method":"GET","url":"/api/admin/conversas/fila/estatisticas","request":{"body":null},"response":{"status":200,"statusText":"OK","body":{"success":true,"data":{"mensagens_nao_lidas":99}}},"duration":4,"error":null}
[2026-06-29T22:41:00.817Z] {"timestamp":1782772859539,"type":"xhr","method":"GET","url":"/api/notifications/summary","request":{"body":null},"response":{"status":200,"statusText":"OK","body":{"unread":6}},"duration":3,"error":null}
[2026-06-29T22:41:01.487Z] {"timestamp":1782772861391,"type":"xhr","method":"GET","url":"/api/notifications/summary","request":{"body":null},"response":{"status":200,"statusText":"OK","body":{"unread":6}},"duration":4,"error":null}
[2026-06-29T22:41:01.487Z] {"timestamp":1782772861391,"type":"xhr","method":"GET","url":"/api/admin/conversas/fila/estatisticas","request":{"body":null},"response":{"status":200,"statusText":"OK","body":{"success":true,"data":{"mensagens_nao_lidas":99}}},"duration":4,"error":null}
[2026-06-29T22:41:06.820Z] {"timestamp":1782772866549,"type":"xhr","method":"GET","url":"/api/admin/conversas/fila/estatisticas","request":{"body":null},"response":{"status":200,"statusText":"OK","body":{"success":true,"data":{"mensagens_nao_lidas":99}}},"duration":9,"error":null}
[2026-06-29T22:41:06.820Z] {"timestamp":1782772866551,"type":"xhr","method":"GET","url":"/api/notifications/summary","request":{"body":null},"response":{"status":200,"statusText":"OK","body":{"unread":6}},"duration":7,"error":null}
[2026-06-29T22:41:08.407Z] {"timestamp":1782772867776,"type":"xhr","method":"GET","url":"/api/dashboard/timeline?per_page=20&category=all","request":{"body":null},"response":{"status":500,"statusText":"Internal Server Error","body":""},"duration":6,"error":null}
[2026-06-29T22:41:09.034Z] {"timestamp":1782772867760,"type":"xhr","method":"GET","url":"/api/dashboard/timeline?per_page=20&category=all","request":{"body":null},"response":{"status":500,"statusText":"Internal Server Error","body":""},"duration":8,"error":null}
[2026-06-29T22:41:09.034Z] {"timestamp":1782772868778,"type":"xhr","method":"GET","url":"/api/dashboard/timeline?per_page=20&category=all","request":{"body":null},"response":{"status":500,"statusText":"Internal Server Error","body":""},"duration":5,"error":null}
[2026-06-29T22:41:09.504Z] {"timestamp":1782772868405,"type":"xhr","method":"GET","url":"/api/notifications/summary","request":{"body":null},"response":{"status":200,"statusText":"OK","body":{"unread":6}},"duration":7,"error":null}
[2026-06-29T22:41:09.504Z] {"timestamp":1782772868406,"type":"xhr","method":"GET","url":"/api/admin/conversas/fila/estatisticas","request":{"body":null},"response":{"status":200,"statusText":"OK","body":{"success":true,"data":{"mensagens_nao_lidas":99}}},"duration":7,"error":null}
[2026-06-29T22:41:10.400Z] {"timestamp":1782772868793,"type":"xhr","method":"GET","url":"/api/dashboard/timeline?per_page=20&category=all","request":{"body":null},"response":{"status":500,"statusText":"Internal Server Error","body":""},"duration":6,"error":null}
[2026-06-29T22:41:11.040Z] {"timestamp":1782772870789,"type":"xhr","method":"GET","url":"/api/dashboard/timeline?per_page=20&category=all","request":{"body":null},"response":{"status":500,"statusText":"Internal Server Error","body":""},"duration":5,"error":null}
[2026-06-29T22:41:12.410Z] {"timestamp":1782772870805,"type":"xhr","method":"GET","url":"/api/dashboard/timeline?per_page=20&category=all","request":{"body":null},"response":{"status":500,"statusText":"Internal Server Error","body":""},"duration":5,"error":null}
[2026-06-29T22:41:14.827Z] {"timestamp":1782772873566,"type":"xhr","method":"GET","url":"/api/admin/conversas/fila/estatisticas","request":{"body":null},"response":{"status":200,"statusText":"OK","body":{"success":true,"data":{"mensagens_nao_lidas":99}}},"duration":6,"error":null}
[2026-06-29T22:41:14.827Z] {"timestamp":1782772873566,"type":"xhr","method":"GET","url":"/api/notifications/summary","request":{"body":null},"response":{"status":200,"statusText":"OK","body":{"unread":6}},"duration":6,"error":null}
[2026-06-29T22:41:15.042Z] {"timestamp":1782772874806,"type":"xhr","method":"GET","url":"/api/dashboard/timeline?per_page=20&category=all","request":{"body":null},"response":{"status":500,"statusText":"Internal Server Error","body":""},"duration":5,"error":null}
[2026-06-29T22:41:15.495Z] {"timestamp":1782772875414,"type":"xhr","method":"GET","url":"/api/notifications/summary","request":{"body":null},"response":{"status":200,"statusText":"OK","body":{"unread":6}},"duration":4,"error":null}
[2026-06-29T22:41:15.495Z] {"timestamp":1782772875414,"type":"xhr","method":"GET","url":"/api/admin/conversas/fila/estatisticas","request":{"body":null},"response":{"status":200,"statusText":"OK","body":{"success":true,"data":{"mensagens_nao_lidas":99}}},"duration":4,"error":null}
[2026-06-29T22:41:16.410Z] {"timestamp":1782772874821,"type":"xhr","method":"GET","url":"/api/dashboard/timeline?per_page=20&category=all","request":{"body":null},"response":{"status":500,"statusText":"Internal Server Error","body":""},"duration":7,"error":null}
[2026-06-29T22:41:20.818Z] {"timestamp":1782772880581,"type":"xhr","method":"GET","url":"/api/admin/conversas/fila/estatisticas","request":{"body":null},"response":{"status":200,"statusText":"OK","body":{"success":true,"data":{"mensagens_nao_lidas":99}}},"duration":10,"error":null}
[2026-06-29T22:41:20.818Z] {"timestamp":1782772880583,"type":"xhr","method":"GET","url":"/api/notifications/summary","request":{"body":null},"response":{"status":200,"statusText":"OK","body":{"unread":6}},"duration":11,"error":null}
[2026-06-29T22:41:23.498Z] {"timestamp":1782772882429,"type":"xhr","method":"GET","url":"/api/notifications/summary","request":{"body":null},"response":{"status":200,"statusText":"OK","body":{"unread":6}},"duration":6,"error":null}
[2026-06-29T22:41:23.498Z] {"timestamp":1782772882429,"type":"xhr","method":"GET","url":"/api/admin/conversas/fila/estatisticas","request":{"body":null},"response":{"status":200,"statusText":"OK","body":{"success":true,"data":{"mensagens_nao_lidas":99}}},"duration":6,"error":null}
[2026-06-29T22:41:28.829Z] {"timestamp":1782772887595,"type":"xhr","method":"GET","url":"/api/admin/conversas/fila/estatisticas","request":{"body":null},"response":{"status":200,"statusText":"OK","body":{"success":true,"data":{"mensagens_nao_lidas":99}}},"duration":4,"error":null}
[2026-06-29T22:41:28.829Z] {"timestamp":1782772887596,"type":"xhr","method":"GET","url":"/api/notifications/summary","request":{"body":null},"response":{"status":200,"statusText":"OK","body":{"unread":6}},"duration":5,"error":null}
[2026-06-29T22:41:29.499Z] {"timestamp":1782772889450,"type":"xhr","method":"GET","url":"/api/notifications/summary","request":{"body":null},"response":{"status":200,"statusText":"OK","body":{"unread":6}},"duration":3,"error":null}
[2026-06-29T22:41:29.499Z] {"timestamp":1782772889450,"type":"xhr","method":"GET","url":"/api/admin/conversas/fila/estatisticas","request":{"body":null},"response":{"status":200,"statusText":"OK","body":{"success":true,"data":{"mensagens_nao_lidas":99}}},"duration":3,"error":null}
[2026-06-29T22:41:34.825Z] {"timestamp":1782772894606,"type":"xhr","method":"GET","url":"/api/admin/conversas/fila/estatisticas","request":{"body":null},"response":{"status":200,"statusText":"OK","body":{"success":true,"data":{"mensagens_nao_lidas":99}}},"duration":4,"error":null}
[2026-06-29T22:41:34.825Z] {"timestamp":1782772894606,"type":"xhr","method":"GET","url":"/api/notifications/summary","request":{"body":null},"response":{"status":200,"statusText":"OK","body":{"unread":6}},"duration":4,"error":null}
[2026-06-29T22:41:37.500Z] {"timestamp":1782772896468,"type":"xhr","method":"GET","url":"/api/admin/conversas/fila/estatisticas","request":{"body":null},"response":{"status":200,"statusText":"OK","body":{"success":true,"data":{"mensagens_nao_lidas":99}}},"duration":4,"error":null}
[2026-06-29T22:41:37.500Z] {"timestamp":1782772896467,"type":"xhr","method":"GET","url":"/api/notifications/summary","request":{"body":null},"response":{"status":200,"statusText":"OK","body":{"unread":6}},"duration":5,"error":null}
[2026-06-29T22:41:42.817Z] {"timestamp":1782772901615,"type":"xhr","method":"GET","url":"/api/admin/conversas/fila/estatisticas","request":{"body":null},"response":{"status":200,"statusText":"OK","body":{"success":true,"data":{"mensagens_nao_lidas":99}}},"duration":5,"error":null}
[2026-06-29T22:41:42.817Z] {"timestamp":1782772901616,"type":"xhr","method":"GET","url":"/api/notifications/summary","request":{"body":null},"response":{"status":200,"statusText":"OK","body":{"unread":6}},"duration":4,"error":null}
[2026-06-29T22:41:45.502Z] {"timestamp":1782772903481,"type":"xhr","method":"GET","url":"/api/admin/conversas/fila/estatisticas","request":{"body":null},"response":{"status":200,"statusText":"OK","body":{"success":true,"data":{"mensagens_nao_lidas":99}}},"duration":3,"error":null}
[2026-06-29T22:41:45.502Z] {"timestamp":1782772903481,"type":"xhr","method":"GET","url":"/api/notifications/summary","request":{"body":null},"response":{"status":200,"statusText":"OK","body":{"unread":6}},"duration":4,"error":null}
[2026-06-29T22:41:46.410Z] {"timestamp":1782772905134,"type":"xhr","method":"GET","url":"/api/notifications/summary","request":{"body":null},"response":{"status":500,"statusText":"Internal Server Error","body":""},"duration":9,"error":null}
[2026-06-29T22:41:46.410Z] {"timestamp":1782772905135,"type":"xhr","method":"GET","url":"/api/admin/conversas/fila/estatisticas","request":{"body":null},"response":{"status":500,"statusText":"Internal Server Error","body":""},"duration":9,"error":null}
[2026-06-29T22:41:47.042Z] {"timestamp":1782772905165,"type":"xhr","method":"GET","url":"/api/notifications/summary","request":{"body":null},"response":{"status":500,"statusText":"Internal Server Error","body":""},"duration":8,"error":null}
[2026-06-29T22:41:47.042Z] {"timestamp":1782772905166,"type":"xhr","method":"GET","url":"/api/admin/conversas/fila/estatisticas","request":{"body":null},"response":{"status":500,"statusText":"Internal Server Error","body":""},"duration":8,"error":null}
[2026-06-29T22:41:48.815Z] {"timestamp":1782772908624,"type":"xhr","method":"GET","url":"/api/notifications/summary","request":{"body":null},"response":{"status":200,"statusText":"OK","body":{"unread":6}},"duration":4,"error":null}
[2026-06-29T22:41:48.815Z] {"timestamp":1782772908624,"type":"xhr","method":"GET","url":"/api/admin/conversas/fila/estatisticas","request":{"body":null},"response":{"status":200,"statusText":"OK","body":{"success":true,"data":{"mensagens_nao_lidas":99}}},"duration":4,"error":null}
[2026-06-29T22:41:51.496Z] {"timestamp":1782772910496,"type":"xhr","method":"GET","url":"/api/admin/conversas/fila/estatisticas","request":{"body":null},"response":{"status":200,"statusText":"OK","body":{"success":true,"data":{"mensagens_nao_lidas":99}}},"duration":4,"error":null}
[2026-06-29T22:41:51.496Z] {"timestamp":1782772910497,"type":"xhr","method":"GET","url":"/api/notifications/summary","request":{"body":null},"response":{"status":200,"statusText":"OK","body":{"unread":6}},"duration":3,"error":null}
[2026-06-29T22:41:56.817Z] {"timestamp":1782772915629,"type":"xhr","method":"GET","url":"/api/notifications/summary","request":{"body":null},"response":{"status":200,"statusText":"OK","body":{"unread":6}},"duration":5,"error":null}
[2026-06-29T22:41:56.817Z] {"timestamp":1782772915630,"type":"xhr","method":"GET","url":"/api/admin/conversas/fila/estatisticas","request":{"body":null},"response":{"status":200,"statusText":"OK","body":{"success":true,"data":{"mensagens_nao_lidas":99}}},"duration":4,"error":null}
[2026-06-29T22:41:59.500Z] {"timestamp":1782772917505,"type":"xhr","method":"GET","url":"/api/admin/conversas/fila/estatisticas","request":{"body":null},"response":{"status":200,"statusText":"OK","body":{"success":true,"data":{"mensagens_nao_lidas":99}}},"duration":4,"error":null}
[2026-06-29T22:41:59.500Z] {"timestamp":1782772917505,"type":"xhr","method":"GET","url":"/api/notifications/summary","request":{"body":null},"response":{"status":200,"statusText":"OK","body":{"unread":6}},"duration":5,"error":null}
[2026-06-29T22:42:02.822Z] {"timestamp":1782772922650,"type":"xhr","method":"GET","url":"/api/admin/conversas/fila/estatisticas","request":{"body":null},"response":{"status":200,"statusText":"OK","body":{"success":true,"data":{"mensagens_nao_lidas":99}}},"duration":3,"error":null}
[2026-06-29T22:42:02.822Z] {"timestamp":1782772922649,"type":"xhr","method":"GET","url":"/api/notifications/summary","request":{"body":null},"response":{"status":200,"statusText":"OK","body":{"unread":6}},"duration":4,"error":null}
[2026-06-29T22:42:05.501Z] {"timestamp":1782772924512,"type":"xhr","method":"GET","url":"/api/admin/conversas/fila/estatisticas","request":{"body":null},"response":{"status":200,"statusText":"OK","body":{"success":true,"data":{"mensagens_nao_lidas":99}}},"duration":5,"error":null}
[2026-06-29T22:42:05.501Z] {"timestamp":1782772924513,"type":"xhr","method":"GET","url":"/api/notifications/summary","request":{"body":null},"response":{"status":200,"statusText":"OK","body":{"unread":6}},"duration":4,"error":null}
[2026-06-29T22:42:10.816Z] {"timestamp":1782772929663,"type":"xhr","method":"GET","url":"/api/admin/conversas/fila/estatisticas","request":{"body":null},"response":{"status":200,"statusText":"OK","body":{"success":true,"data":{"mensagens_nao_lidas":99}}},"duration":4,"error":null}
[2026-06-29T22:42:10.816Z] {"timestamp":1782772929663,"type":"xhr","method":"GET","url":"/api/notifications/summary","request":{"body":null},"response":{"status":200,"statusText":"OK","body":{"unread":6}},"duration":4,"error":null}
[2026-06-29T22:42:13.502Z] {"timestamp":1782772931521,"type":"xhr","method":"GET","url":"/api/admin/conversas/fila/estatisticas","request":{"body":null},"response":{"status":200,"statusText":"OK","body":{"success":true,"data":{"mensagens_nao_lidas":99}}},"duration":3,"error":null}
[2026-06-29T22:42:13.502Z] {"timestamp":1782772931521,"type":"xhr","method":"GET","url":"/api/notifications/summary","request":{"body":null},"response":{"status":200,"statusText":"OK","body":{"unread":6}},"duration":5,"error":null}
[2026-06-29T22:42:15.037Z] {"timestamp":1782772934814,"type":"xhr","method":"GET","url":"/api/dashboard/timeline?per_page=20&category=all","request":{"body":null},"response":{"status":500,"statusText":"Internal Server Error","body":""},"duration":7,"error":null}
[2026-06-29T22:42:16.401Z] {"timestamp":1782772934844,"type":"xhr","method":"GET","url":"/api/dashboard/timeline?per_page=20&category=all","request":{"body":null},"response":{"status":500,"statusText":"Internal Server Error","body":""},"duration":9,"error":null}
[2026-06-29T22:42:16.401Z] {"timestamp":1782772935864,"type":"xhr","method":"GET","url":"/api/dashboard/timeline?per_page=20&category=all","request":{"body":null},"response":{"status":500,"statusText":"Internal Server Error","body":""},"duration":7,"error":null}
[2026-06-29T22:42:16.814Z] {"timestamp":1782772936679,"type":"xhr","method":"GET","url":"/api/admin/conversas/fila/estatisticas","request":{"body":null},"response":{"status":200,"statusText":"OK","body":{"success":true,"data":{"mensagens_nao_lidas":99}}},"duration":4,"error":null}
[2026-06-29T22:42:16.814Z] {"timestamp":1782772936680,"type":"xhr","method":"GET","url":"/api/notifications/summary","request":{"body":null},"response":{"status":200,"statusText":"OK","body":{"unread":6}},"duration":4,"error":null}
[2026-06-29T22:42:17.037Z] {"timestamp":1782772935830,"type":"xhr","method":"GET","url":"/api/dashboard/timeline?per_page=20&category=all","request":{"body":null},"response":{"status":500,"statusText":"Internal Server Error","body":""},"duration":5,"error":null}
[2026-06-29T22:42:18.398Z] {"timestamp":1782772937877,"type":"xhr","method":"GET","url":"/api/dashboard/timeline?per_page=20&category=all","request":{"body":null},"response":{"status":500,"statusText":"Internal Server Error","body":""},"duration":4,"error":null}
[2026-06-29T22:42:19.039Z] {"timestamp":1782772937846,"type":"xhr","method":"GET","url":"/api/dashboard/timeline?per_page=20&category=all","request":{"body":null},"response":{"status":500,"statusText":"Internal Server Error","body":""},"duration":5,"error":null}
[2026-06-29T22:42:19.492Z] {"timestamp":1782772938540,"type":"xhr","method":"GET","url":"/api/notifications/summary","request":{"body":null},"response":{"status":200,"statusText":"OK","body":{"unread":6}},"duration":4,"error":null}
[2026-06-29T22:42:19.492Z] {"timestamp":1782772938540,"type":"xhr","method":"GET","url":"/api/admin/conversas/fila/estatisticas","request":{"body":null},"response":{"status":200,"statusText":"OK","body":{"success":true,"data":{"mensagens_nao_lidas":99}}},"duration":5,"error":null}
[2026-06-29T22:42:22.402Z] {"timestamp":1782772941889,"type":"xhr","method":"GET","url":"/api/dashboard/timeline?per_page=20&category=all","request":{"body":null},"response":{"status":500,"statusText":"Internal Server Error","body":""},"duration":6,"error":null}
[2026-06-29T22:42:23.040Z] {"timestamp":1782772941858,"type":"xhr","method":"GET","url":"/api/dashboard/timeline?per_page=20&category=all","request":{"body":null},"response":{"status":500,"statusText":"Internal Server Error","body":""},"duration":5,"error":null}
[2026-06-29T22:42:24.819Z] {"timestamp":1782772943695,"type":"xhr","method":"GET","url":"/api/notifications/summary","request":{"body":null},"response":{"status":200,"statusText":"OK","body":{"unread":6}},"duration":4,"error":null}
[2026-06-29T22:42:24.820Z] {"timestamp":1782772943695,"type":"xhr","method":"GET","url":"/api/admin/conversas/fila/estatisticas","request":{"body":null},"response":{"status":200,"statusText":"OK","body":{"success":true,"data":{"mensagens_nao_lidas":99}}},"duration":4,"error":null}
[2026-06-29T22:42:27.502Z] {"timestamp":1782772945555,"type":"xhr","method":"GET","url":"/api/notifications/summary","request":{"body":null},"response":{"status":200,"statusText":"OK","body":{"unread":6}},"duration":4,"error":null}
[2026-06-29T22:42:27.502Z] {"timestamp":1782772945556,"type":"xhr","method":"GET","url":"/api/admin/conversas/fila/estatisticas","request":{"body":null},"response":{"status":200,"statusText":"OK","body":{"success":true,"data":{"mensagens_nao_lidas":99}}},"duration":3,"error":null}
[2026-06-29T22:42:30.815Z] {"timestamp":1782772950704,"type":"xhr","method":"GET","url":"/api/notifications/summary","request":{"body":null},"response":{"status":200,"statusText":"OK","body":{"unread":6}},"duration":4,"error":null}
[2026-06-29T22:42:30.815Z] {"timestamp":1782772950705,"type":"xhr","method":"GET","url":"/api/admin/conversas/fila/estatisticas","request":{"body":null},"response":{"status":200,"statusText":"OK","body":{"success":true,"data":{"mensagens_nao_lidas":99}}},"duration":3,"error":null}
[2026-06-29T22:42:33.493Z] {"timestamp":1782772952573,"type":"xhr","method":"GET","url":"/api/notifications/summary","request":{"body":null},"response":{"status":200,"statusText":"OK","body":{"unread":6}},"duration":7,"error":null}
[2026-06-29T22:42:33.493Z] {"timestamp":1782772952574,"type":"xhr","method":"GET","url":"/api/admin/conversas/fila/estatisticas","request":{"body":null},"response":{"status":200,"statusText":"OK","body":{"success":true,"data":{"mensagens_nao_lidas":99}}},"duration":10,"error":null}
[2026-06-29T22:42:38.815Z] {"timestamp":1782772957723,"type":"xhr","method":"GET","url":"/api/admin/conversas/fila/estatisticas","request":{"body":null},"response":{"status":200,"statusText":"OK","body":{"success":true,"data":{"mensagens_nao_lidas":99}}},"duration":4,"error":null}
[2026-06-29T22:42:38.815Z] {"timestamp":1782772957722,"type":"xhr","method":"GET","url":"/api/notifications/summary","request":{"body":null},"response":{"status":200,"statusText":"OK","body":{"unread":6}},"duration":5,"error":null}
[2026-06-29T22:42:41.495Z] {"timestamp":1782772959595,"type":"xhr","method":"GET","url":"/api/notifications/summary","request":{"body":null},"response":{"status":200,"statusText":"OK","body":{"unread":6}},"duration":3,"error":null}
[2026-06-29T22:42:41.495Z] {"timestamp":1782772959596,"type":"xhr","method":"GET","url":"/api/admin/conversas/fila/estatisticas","request":{"body":null},"response":{"status":200,"statusText":"OK","body":{"success":true,"data":{"mensagens_nao_lidas":99}}},"duration":3,"error":null}
[2026-06-29T22:42:44.816Z] {"timestamp":1782772964741,"type":"xhr","method":"GET","url":"/api/admin/conversas/fila/estatisticas","request":{"body":null},"response":{"status":200,"statusText":"OK","body":{"success":true,"data":{"mensagens_nao_lidas":99}}},"duration":8,"error":null}
[2026-06-29T22:42:44.816Z] {"timestamp":1782772964742,"type":"xhr","method":"GET","url":"/api/notifications/summary","request":{"body":null},"response":{"status":200,"statusText":"OK","body":{"unread":6}},"duration":9,"error":null}
[2026-06-29T22:42:46.408Z] {"timestamp":1782772965147,"type":"xhr","method":"GET","url":"/api/notifications/summary","request":{"body":null},"response":{"status":500,"statusText":"Internal Server Error","body":""},"duration":8,"error":null}
[2026-06-29T22:42:46.408Z] {"timestamp":1782772965148,"type":"xhr","method":"GET","url":"/api/admin/conversas/fila/estatisticas","request":{"body":null},"response":{"status":500,"statusText":"Internal Server Error","body":""},"duration":7,"error":null}
[2026-06-29T22:42:47.045Z] {"timestamp":1782772965178,"type":"xhr","method":"GET","url":"/api/notifications/summary","request":{"body":null},"response":{"status":500,"statusText":"Internal Server Error","body":""},"duration":7,"error":null}
[2026-06-29T22:42:47.045Z] {"timestamp":1782772965179,"type":"xhr","method":"GET","url":"/api/admin/conversas/fila/estatisticas","request":{"body":null},"response":{"status":500,"statusText":"Internal Server Error","body":""},"duration":7,"error":null}
[2026-06-29T22:42:47.496Z] {"timestamp":1782772966610,"type":"xhr","method":"GET","url":"/api/notifications/summary","request":{"body":null},"response":{"status":200,"statusText":"OK","body":{"unread":6}},"duration":4,"error":null}
[2026-06-29T22:42:47.496Z] {"timestamp":1782772966611,"type":"xhr","method":"GET","url":"/api/admin/conversas/fila/estatisticas","request":{"body":null},"response":{"status":200,"statusText":"OK","body":{"success":true,"data":{"mensagens_nao_lidas":99}}},"duration":4,"error":null}
[2026-06-29T22:42:52.816Z] {"timestamp":1782772971751,"type":"xhr","method":"GET","url":"/api/admin/conversas/fila/estatisticas","request":{"body":null},"response":{"status":200,"statusText":"OK","body":{"success":true,"data":{"mensagens_nao_lidas":99}}},"duration":3,"error":null}
[2026-06-29T22:42:52.816Z] {"timestamp":1782772971755,"type":"xhr","method":"GET","url":"/api/notifications/summary","request":{"body":null},"response":{"status":200,"statusText":"OK","body":{"unread":6}},"duration":3,"error":null}
[2026-06-29T22:42:55.498Z] {"timestamp":1782772973617,"type":"xhr","method":"GET","url":"/api/notifications/summary","request":{"body":null},"response":{"status":200,"statusText":"OK","body":{"unread":6}},"duration":4,"error":null}
[2026-06-29T22:42:55.498Z] {"timestamp":1782772973617,"type":"xhr","method":"GET","url":"/api/admin/conversas/fila/estatisticas","request":{"body":null},"response":{"status":200,"statusText":"OK","body":{"success":true,"data":{"mensagens_nao_lidas":99}}},"duration":5,"error":null}
[2026-06-29T22:42:58.830Z] {"timestamp":1782772978760,"type":"xhr","method":"GET","url":"/api/admin/conversas/fila/estatisticas","request":{"body":null},"response":{"status":200,"statusText":"OK","body":{"success":true,"data":{"mensagens_nao_lidas":99}}},"duration":4,"error":null}
[2026-06-29T22:42:58.830Z] {"timestamp":1782772978761,"type":"xhr","method":"GET","url":"/api/notifications/summary","request":{"body":null},"response":{"status":200,"statusText":"OK","body":{"unread":6}},"duration":4,"error":null}
[2026-06-29T22:43:01.496Z] {"timestamp":1782772980635,"type":"xhr","method":"GET","url":"/api/notifications/summary","request":{"body":null},"response":{"status":200,"statusText":"OK","body":{"unread":6}},"duration":4,"error":null}
[2026-06-29T22:43:01.496Z] {"timestamp":1782772980636,"type":"xhr","method":"GET","url":"/api/admin/conversas/fila/estatisticas","request":{"body":null},"response":{"status":200,"statusText":"OK","body":{"success":true,"data":{"mensagens_nao_lidas":99}}},"duration":4,"error":null}
[2026-06-29T22:43:06.828Z] {"timestamp":1782772985767,"type":"xhr","method":"GET","url":"/api/admin/conversas/fila/estatisticas","request":{"body":null},"response":{"status":200,"statusText":"OK","body":{"success":true,"data":{"mensagens_nao_lidas":99}}},"duration":4,"error":null}
[2026-06-29T22:43:06.828Z] {"timestamp":1782772985768,"type":"xhr","method":"GET","url":"/api/notifications/summary","request":{"body":null},"response":{"status":200,"statusText":"OK","body":{"unread":6}},"duration":4,"error":null}
[2026-06-29T22:43:09.489Z] {"timestamp":1782772987644,"type":"xhr","method":"GET","url":"/api/notifications/summary","request":{"body":null},"response":{"status":200,"statusText":"OK","body":{"unread":6}},"duration":8,"error":null}
[2026-06-29T22:43:09.489Z] {"timestamp":1782772987645,"type":"xhr","method":"GET","url":"/api/admin/conversas/fila/estatisticas","request":{"body":null},"response":{"status":200,"statusText":"OK","body":{"success":true,"data":{"mensagens_nao_lidas":99}}},"duration":8,"error":null}
[2026-06-29T22:43:12.815Z] {"timestamp":1782772992780,"type":"xhr","method":"GET","url":"/api/admin/conversas/fila/estatisticas","request":{"body":null},"response":{"status":200,"statusText":"OK","body":{"success":true,"data":{"mensagens_nao_lidas":99}}},"duration":4,"error":null}
[2026-06-29T22:43:12.815Z] {"timestamp":1782772992781,"type":"xhr","method":"GET","url":"/api/notifications/summary","request":{"body":null},"response":{"status":200,"statusText":"OK","body":{"unread":6}},"duration":3,"error":null}
[2026-06-29T22:43:15.493Z] {"timestamp":1782772994665,"type":"xhr","method":"GET","url":"/api/notifications/summary","request":{"body":null},"response":{"status":200,"statusText":"OK","body":{"unread":6}},"duration":7,"error":null}
[2026-06-29T22:43:15.493Z] {"timestamp":1782772994666,"type":"xhr","method":"GET","url":"/api/admin/conversas/fila/estatisticas","request":{"body":null},"response":{"status":200,"statusText":"OK","body":{"success":true,"data":{"mensagens_nao_lidas":99}}},"duration":7,"error":null}
[2026-06-29T22:43:20.821Z] {"timestamp":1782772999788,"type":"xhr","method":"GET","url":"/api/admin/conversas/fila/estatisticas","request":{"body":null},"response":{"status":200,"statusText":"OK","body":{"success":true,"data":{"mensagens_nao_lidas":99}}},"duration":4,"error":null}
[2026-06-29T22:43:20.821Z] {"timestamp":1782772999788,"type":"xhr","method":"GET","url":"/api/notifications/summary","request":{"body":null},"response":{"status":200,"statusText":"OK","body":{"unread":6}},"duration":5,"error":null}
[2026-06-29T22:43:22.411Z] {"timestamp":1782773001911,"type":"xhr","method":"GET","url":"/api/dashboard/timeline?per_page=20&category=all","request":{"body":null},"response":{"status":500,"statusText":"Internal Server Error","body":""},"duration":7,"error":null}
[2026-06-29T22:43:23.038Z] {"timestamp":1782773001864,"type":"xhr","method":"GET","url":"/api/dashboard/timeline?per_page=20&category=all","request":{"body":null},"response":{"status":500,"statusText":"Internal Server Error","body":""},"duration":10,"error":null}
[2026-06-29T22:43:23.038Z] {"timestamp":1782773002876,"type":"xhr","method":"GET","url":"/api/dashboard/timeline?per_page=20&category=all","request":{"body":null},"response":{"status":500,"statusText":"Internal Server Error","body":""},"duration":5,"error":null}
[2026-06-29T22:43:23.493Z] {"timestamp":1782773001677,"type":"xhr","method":"GET","url":"/api/admin/conversas/fila/estatisticas","request":{"body":null},"response":{"status":200,"statusText":"OK","body":{"success":true,"data":{"mensagens_nao_lidas":99}}},"duration":4,"error":null}
[2026-06-29T22:43:23.493Z] {"timestamp":1782773001676,"type":"xhr","method":"GET","url":"/api/notifications/summary","request":{"body":null},"response":{"status":200,"statusText":"OK","body":{"unread":6}},"duration":5,"error":null}
[2026-06-29T22:43:24.408Z] {"timestamp":1782773002923,"type":"xhr","method":"GET","url":"/api/dashboard/timeline?per_page=20&category=all","request":{"body":null},"response":{"status":500,"statusText":"Internal Server Error","body":""},"duration":6,"error":null}
[2026-06-29T22:43:25.037Z] {"timestamp":1782773004888,"type":"xhr","method":"GET","url":"/api/dashboard/timeline?per_page=20&category=all","request":{"body":null},"response":{"status":500,"statusText":"Internal Server Error","body":""},"duration":5,"error":null}
[2026-06-29T22:43:26.407Z] {"timestamp":1782773004942,"type":"xhr","method":"GET","url":"/api/dashboard/timeline?per_page=20&category=all","request":{"body":null},"response":{"status":500,"statusText":"Internal Server Error","body":""},"duration":5,"error":null}
[2026-06-29T22:43:26.820Z] {"timestamp":1782773006801,"type":"xhr","method":"GET","url":"/api/admin/conversas/fila/estatisticas","request":{"body":null},"response":{"status":200,"statusText":"OK","body":{"success":true,"data":{"mensagens_nao_lidas":99}}},"duration":5,"error":null}
[2026-06-29T22:43:26.820Z] {"timestamp":1782773006801,"type":"xhr","method":"GET","url":"/api/notifications/summary","request":{"body":null},"response":{"status":200,"statusText":"OK","body":{"unread":6}},"duration":6,"error":null}
[2026-06-29T22:43:29.040Z] {"timestamp":1782773008899,"type":"xhr","method":"GET","url":"/api/dashboard/timeline?per_page=20&category=all","request":{"body":null},"response":{"status":500,"statusText":"Internal Server Error","body":""},"duration":13,"error":null}
[2026-06-29T22:43:29.493Z] {"timestamp":1782773008686,"type":"xhr","method":"GET","url":"/api/notifications/summary","request":{"body":null},"response":{"status":200,"statusText":"OK","body":{"unread":6}},"duration":5,"error":null}
[2026-06-29T22:43:29.493Z] {"timestamp":1782773008686,"type":"xhr","method":"GET","url":"/api/admin/conversas/fila/estatisticas","request":{"body":null},"response":{"status":200,"statusText":"OK","body":{"success":true,"data":{"mensagens_nao_lidas":99}}},"duration":5,"error":null}
[2026-06-29T22:43:30.409Z] {"timestamp":1782773008961,"type":"xhr","method":"GET","url":"/api/dashboard/timeline?per_page=20&category=all","request":{"body":null},"response":{"status":500,"statusText":"Internal Server Error","body":""},"duration":5,"error":null}
[2026-06-29T22:43:34.819Z] {"timestamp":1782773013821,"type":"xhr","method":"GET","url":"/api/admin/conversas/fila/estatisticas","request":{"body":null},"response":{"status":200,"statusText":"OK","body":{"success":true,"data":{"mensagens_nao_lidas":99}}},"duration":4,"error":null}
[2026-06-29T22:43:34.819Z] {"timestamp":1782773013822,"type":"xhr","method":"GET","url":"/api/notifications/summary","request":{"body":null},"response":{"status":200,"statusText":"OK","body":{"unread":6}},"duration":4,"error":null}
[2026-06-29T22:43:37.497Z] {"timestamp":1782773015696,"type":"xhr","method":"GET","url":"/api/notifications/summary","request":{"body":null},"response":{"status":200,"statusText":"OK","body":{"unread":6}},"duration":3,"error":null}
[2026-06-29T22:43:37.497Z] {"timestamp":1782773015696,"type":"xhr","method":"GET","url":"/api/admin/conversas/fila/estatisticas","request":{"body":null},"response":{"status":200,"statusText":"OK","body":{"success":true,"data":{"mensagens_nao_lidas":99}}},"duration":4,"error":null}
[2026-06-29T22:43:42.815Z] {"timestamp":1782773020829,"type":"xhr","method":"GET","url":"/api/admin/conversas/fila/estatisticas","request":{"body":null},"response":{"status":200,"statusText":"OK","body":{"success":true,"data":{"mensagens_nao_lidas":99}}},"duration":4,"error":null}
[2026-06-29T22:43:42.815Z] {"timestamp":1782773020830,"type":"xhr","method":"GET","url":"/api/notifications/summary","request":{"body":null},"response":{"status":200,"statusText":"OK","body":{"unread":6}},"duration":3,"error":null}
[2026-06-29T22:43:43.498Z] {"timestamp":1782773022708,"type":"xhr","method":"GET","url":"/api/notifications/summary","request":{"body":null},"response":{"status":200,"statusText":"OK","body":{"unread":6}},"duration":4,"error":null}
[2026-06-29T22:43:43.498Z] {"timestamp":1782773022709,"type":"xhr","method":"GET","url":"/api/admin/conversas/fila/estatisticas","request":{"body":null},"response":{"status":200,"statusText":"OK","body":{"success":true,"data":{"mensagens_nao_lidas":99}}},"duration":4,"error":null}
[2026-06-29T22:43:46.409Z] {"timestamp":1782773025169,"type":"xhr","method":"GET","url":"/api/notifications/summary","request":{"body":null},"response":{"status":500,"statusText":"Internal Server Error","body":""},"duration":12,"error":null}
[2026-06-29T22:43:46.409Z] {"timestamp":1782773025169,"type":"xhr","method":"GET","url":"/api/admin/conversas/fila/estatisticas","request":{"body":null},"response":{"status":500,"statusText":"Internal Server Error","body":""},"duration":12,"error":null}
[2026-06-29T22:43:47.044Z] {"timestamp":1782773025200,"type":"xhr","method":"GET","url":"/api/notifications/summary","request":{"body":null},"response":{"status":500,"statusText":"Internal Server Error","body":""},"duration":7,"error":null}
[2026-06-29T22:43:47.044Z] {"timestamp":1782773025201,"type":"xhr","method":"GET","url":"/api/admin/conversas/fila/estatisticas","request":{"body":null},"response":{"status":500,"statusText":"Internal Server Error","body":""},"duration":7,"error":null}
[2026-06-29T22:43:48.825Z] {"timestamp":1782773027838,"type":"xhr","method":"GET","url":"/api/admin/conversas/fila/estatisticas","request":{"body":null},"response":{"status":200,"statusText":"OK","body":{"success":true,"data":{"mensagens_nao_lidas":99}}},"duration":4,"error":null}
[2026-06-29T22:43:48.825Z] {"timestamp":1782773027839,"type":"xhr","method":"GET","url":"/api/notifications/summary","request":{"body":null},"response":{"status":200,"statusText":"OK","body":{"unread":6}},"duration":3,"error":null}
[2026-06-29T22:43:51.493Z] {"timestamp":1782773029725,"type":"xhr","method":"GET","url":"/api/notifications/summary","request":{"body":null},"response":{"status":200,"statusText":"OK","body":{"unread":6}},"duration":5,"error":null}
[2026-06-29T22:43:51.493Z] {"timestamp":1782773029726,"type":"xhr","method":"GET","url":"/api/admin/conversas/fila/estatisticas","request":{"body":null},"response":{"status":200,"statusText":"OK","body":{"success":true,"data":{"mensagens_nao_lidas":99}}},"duration":4,"error":null}
[2026-06-29T22:43:56.814Z] {"timestamp":1782773034854,"type":"xhr","method":"GET","url":"/api/admin/conversas/fila/estatisticas","request":{"body":null},"response":{"status":200,"statusText":"OK","body":{"success":true,"data":{"mensagens_nao_lidas":99}}},"duration":4,"error":null}
[2026-06-29T22:43:56.814Z] {"timestamp":1782773034854,"type":"xhr","method":"GET","url":"/api/notifications/summary","request":{"body":null},"response":{"status":200,"statusText":"OK","body":{"unread":6}},"duration":4,"error":null}
[2026-06-29T22:43:57.491Z] {"timestamp":1782773036733,"type":"xhr","method":"GET","url":"/api/notifications/summary","request":{"body":null},"response":{"status":200,"statusText":"OK","body":{"unread":6}},"duration":4,"error":null}
[2026-06-29T22:43:57.491Z] {"timestamp":1782773036733,"type":"xhr","method":"GET","url":"/api/admin/conversas/fila/estatisticas","request":{"body":null},"response":{"status":200,"statusText":"OK","body":{"success":true,"data":{"mensagens_nao_lidas":99}}},"duration":4,"error":null}
[2026-06-29T22:44:02.820Z] {"timestamp":1782773041869,"type":"xhr","method":"GET","url":"/api/admin/conversas/fila/estatisticas","request":{"body":null},"response":{"status":200,"statusText":"OK","body":{"success":true,"data":{"mensagens_nao_lidas":99}}},"duration":4,"error":null}
[2026-06-29T22:44:02.820Z] {"timestamp":1782773041870,"type":"xhr","method":"GET","url":"/api/notifications/summary","request":{"body":null},"response":{"status":200,"statusText":"OK","body":{"unread":6}},"duration":3,"error":null}
[2026-06-29T22:44:05.494Z] {"timestamp":1782773043740,"type":"xhr","method":"GET","url":"/api/notifications/summary","request":{"body":null},"response":{"status":200,"statusText":"OK","body":{"unread":6}},"duration":3,"error":null}
[2026-06-29T22:44:05.494Z] {"timestamp":1782773043741,"type":"xhr","method":"GET","url":"/api/admin/conversas/fila/estatisticas","request":{"body":null},"response":{"status":200,"statusText":"OK","body":{"success":true,"data":{"mensagens_nao_lidas":99}}},"duration":3,"error":null}
[2026-06-29T22:44:10.818Z] {"timestamp":1782773048875,"type":"xhr","method":"GET","url":"/api/admin/conversas/fila/estatisticas","request":{"body":null},"response":{"status":200,"statusText":"OK","body":{"success":true,"data":{"mensagens_nao_lidas":99}}},"duration":3,"error":null}
[2026-06-29T22:44:10.818Z] {"timestamp":1782773048875,"type":"xhr","method":"GET","url":"/api/notifications/summary","request":{"body":null},"response":{"status":200,"statusText":"OK","body":{"unread":6}},"duration":4,"error":null}
[2026-06-29T22:44:11.491Z] {"timestamp":1782773050753,"type":"xhr","method":"GET","url":"/api/notifications/summary","request":{"body":null},"response":{"status":200,"statusText":"OK","body":{"unread":6}},"duration":4,"error":null}
[2026-06-29T22:44:11.491Z] {"timestamp":1782773050753,"type":"xhr","method":"GET","url":"/api/admin/conversas/fila/estatisticas","request":{"body":null},"response":{"status":200,"statusText":"OK","body":{"success":true,"data":{"mensagens_nao_lidas":99}}},"duration":4,"error":null}
[2026-06-29T22:44:16.824Z] {"timestamp":1782773055882,"type":"xhr","method":"GET","url":"/api/admin/conversas/fila/estatisticas","request":{"body":null},"response":{"status":200,"statusText":"OK","body":{"success":true,"data":{"mensagens_nao_lidas":99}}},"duration":4,"error":null}
[2026-06-29T22:44:16.824Z] {"timestamp":1782773055883,"type":"xhr","method":"GET","url":"/api/notifications/summary","request":{"body":null},"response":{"status":200,"statusText":"OK","body":{"unread":6}},"duration":4,"error":null}
[2026-06-29T22:44:19.492Z] {"timestamp":1782773057758,"type":"xhr","method":"GET","url":"/api/admin/conversas/fila/estatisticas","request":{"body":null},"response":{"status":200,"statusText":"OK","body":{"success":true,"data":{"mensagens_nao_lidas":99}}},"duration":4,"error":null}
[2026-06-29T22:44:19.492Z] {"timestamp":1782773057758,"type":"xhr","method":"GET","url":"/api/notifications/summary","request":{"body":null},"response":{"status":200,"statusText":"OK","body":{"unread":6}},"duration":4,"error":null}
[2026-06-29T22:44:24.827Z] {"timestamp":1782773062893,"type":"xhr","method":"GET","url":"/api/notifications/summary","request":{"body":null},"response":{"status":200,"statusText":"OK","body":{"unread":6}},"duration":4,"error":null}
[2026-06-29T22:44:24.827Z] {"timestamp":1782773062893,"type":"xhr","method":"GET","url":"/api/admin/conversas/fila/estatisticas","request":{"body":null},"response":{"status":200,"statusText":"OK","body":{"success":true,"data":{"mensagens_nao_lidas":99}}},"duration":4,"error":null}
[2026-06-29T22:44:25.490Z] {"timestamp":1782773064763,"type":"xhr","method":"GET","url":"/api/notifications/summary","request":{"body":null},"response":{"status":200,"statusText":"OK","body":{"unread":6}},"duration":4,"error":null}
[2026-06-29T22:44:25.490Z] {"timestamp":1782773064763,"type":"xhr","method":"GET","url":"/api/admin/conversas/fila/estatisticas","request":{"body":null},"response":{"status":200,"statusText":"OK","body":{"success":true,"data":{"mensagens_nao_lidas":99}}},"duration":5,"error":null}
[2026-06-29T22:44:29.034Z] {"timestamp":1782773068920,"type":"xhr","method":"GET","url":"/api/dashboard/timeline?per_page=20&category=all","request":{"body":null},"response":{"status":500,"statusText":"Internal Server Error","body":""},"duration":21,"error":null}
[2026-06-29T22:44:30.409Z] {"timestamp":1782773068972,"type":"xhr","method":"GET","url":"/api/dashboard/timeline?per_page=20&category=all","request":{"body":null},"response":{"status":500,"statusText":"Internal Server Error","body":""},"duration":15,"error":null}
[2026-06-29T22:44:30.409Z] {"timestamp":1782773070003,"type":"xhr","method":"GET","url":"/api/dashboard/timeline?per_page=20&category=all","request":{"body":null},"response":{"status":500,"statusText":"Internal Server Error","body":""},"duration":5,"error":null}
[2026-06-29T22:44:30.822Z] {"timestamp":1782773069910,"type":"xhr","method":"GET","url":"/api/notifications/summary","request":{"body":null},"response":{"status":200,"statusText":"OK","body":{"unread":6}},"duration":4,"error":null}
[2026-06-29T22:44:30.822Z] {"timestamp":1782773069910,"type":"xhr","method":"GET","url":"/api/admin/conversas/fila/estatisticas","request":{"body":null},"response":{"status":200,"statusText":"OK","body":{"success":true,"data":{"mensagens_nao_lidas":99}}},"duration":4,"error":null}
[2026-06-29T22:44:31.039Z] {"timestamp":1782773069957,"type":"xhr","method":"GET","url":"/api/dashboard/timeline?per_page=20&category=all","request":{"body":null},"response":{"status":500,"statusText":"Internal Server Error","body":""},"duration":4,"error":null}
[2026-06-29T22:44:32.400Z] {"timestamp":1782773072022,"type":"xhr","method":"GET","url":"/api/dashboard/timeline?per_page=20&category=all","request":{"body":null},"response":{"status":500,"statusText":"Internal Server Error","body":""},"duration":4,"error":null}
[2026-06-29T22:44:33.041Z] {"timestamp":1782773071976,"type":"xhr","method":"GET","url":"/api/dashboard/timeline?per_page=20&category=all","request":{"body":null},"response":{"status":500,"statusText":"Internal Server Error","body":""},"duration":4,"error":null}
[2026-06-29T22:44:33.503Z] {"timestamp":1782773071775,"type":"xhr","method":"GET","url":"/api/notifications/summary","request":{"body":null},"response":{"status":200,"statusText":"OK","body":{"unread":6}},"duration":4,"error":null}
[2026-06-29T22:44:33.503Z] {"timestamp":1782773071776,"type":"xhr","method":"GET","url":"/api/admin/conversas/fila/estatisticas","request":{"body":null},"response":{"status":200,"statusText":"OK","body":{"success":true,"data":{"mensagens_nao_lidas":99}}},"duration":4,"error":null}
[2026-06-29T22:44:36.396Z] {"timestamp":1782773076040,"type":"xhr","method":"GET","url":"/api/dashboard/timeline?per_page=20&category=all","request":{"body":null},"response":{"status":500,"statusText":"Internal Server Error","body":""},"duration":5,"error":null}
[2026-06-29T22:44:37.045Z] {"timestamp":1782773075993,"type":"xhr","method":"GET","url":"/api/dashboard/timeline?per_page=20&category=all","request":{"body":null},"response":{"status":500,"statusText":"Internal Server Error","body":""},"duration":5,"error":null}
[2026-06-29T22:44:38.826Z] {"timestamp":1782773076924,"type":"xhr","method":"GET","url":"/api/notifications/summary","request":{"body":null},"response":{"status":200,"statusText":"OK","body":{"unread":6}},"duration":4,"error":null}
[2026-06-29T22:44:38.826Z] {"timestamp":1782773076925,"type":"xhr","method":"GET","url":"/api/admin/conversas/fila/estatisticas","request":{"body":null},"response":{"status":200,"statusText":"OK","body":{"success":true,"data":{"mensagens_nao_lidas":99}}},"duration":4,"error":null}
[2026-06-29T22:44:39.490Z] {"timestamp":1782773078784,"type":"xhr","method":"GET","url":"/api/notifications/summary","request":{"body":null},"response":{"status":200,"statusText":"OK","body":{"unread":6}},"duration":6,"error":null}
[2026-06-29T22:44:39.490Z] {"timestamp":1782773078785,"type":"xhr","method":"GET","url":"/api/admin/conversas/fila/estatisticas","request":{"body":null},"response":{"status":200,"statusText":"OK","body":{"success":true,"data":{"mensagens_nao_lidas":99}}},"duration":5,"error":null}
[2026-06-29T22:44:44.824Z] {"timestamp":1782773083936,"type":"xhr","method":"GET","url":"/api/notifications/summary","request":{"body":null},"response":{"status":200,"statusText":"OK","body":{"unread":6}},"duration":8,"error":null}
[2026-06-29T22:44:44.824Z] {"timestamp":1782773083937,"type":"xhr","method":"GET","url":"/api/admin/conversas/fila/estatisticas","request":{"body":null},"response":{"status":200,"statusText":"OK","body":{"success":true,"data":{"mensagens_nao_lidas":99}}},"duration":8,"error":null}
[2026-06-29T22:44:46.396Z] {"timestamp":1782773085188,"type":"xhr","method":"GET","url":"/api/notifications/summary","request":{"body":null},"response":{"status":500,"statusText":"Internal Server Error","body":""},"duration":9,"error":null}
[2026-06-29T22:44:46.396Z] {"timestamp":1782773085189,"type":"xhr","method":"GET","url":"/api/admin/conversas/fila/estatisticas","request":{"body":null},"response":{"status":500,"statusText":"Internal Server Error","body":""},"duration":8,"error":null}
[2026-06-29T22:44:47.039Z] {"timestamp":1782773085223,"type":"xhr","method":"GET","url":"/api/notifications/summary","request":{"body":null},"response":{"status":500,"statusText":"Internal Server Error","body":""},"duration":8,"error":null}
[2026-06-29T22:44:47.039Z] {"timestamp":1782773085223,"type":"xhr","method":"GET","url":"/api/admin/conversas/fila/estatisticas","request":{"body":null},"response":{"status":500,"statusText":"Internal Server Error","body":""},"duration":8,"error":null}
[2026-06-29T22:44:47.490Z] {"timestamp":1782773085798,"type":"xhr","method":"GET","url":"/api/notifications/summary","request":{"body":null},"response":{"status":200,"statusText":"OK","body":{"unread":6}},"duration":5,"error":null}
[2026-06-29T22:44:47.490Z] {"timestamp":1782773085799,"type":"xhr","method":"GET","url":"/api/admin/conversas/fila/estatisticas","request":{"body":null},"response":{"status":200,"statusText":"OK","body":{"success":true,"data":{"mensagens_nao_lidas":99}}},"duration":5,"error":null}
[2026-06-29T22:44:52.816Z] {"timestamp":1782773090954,"type":"xhr","method":"GET","url":"/api/notifications/summary","request":{"body":null},"response":{"status":200,"statusText":"OK","body":{"unread":6}},"duration":4,"error":null}
[2026-06-29T22:44:52.816Z] {"timestamp":1782773090955,"type":"xhr","method":"GET","url":"/api/admin/conversas/fila/estatisticas","request":{"body":null},"response":{"status":200,"statusText":"OK","body":{"success":true,"data":{"mensagens_nao_lidas":99}}},"duration":4,"error":null}
[2026-06-29T22:44:53.501Z] {"timestamp":1782773092812,"type":"xhr","method":"GET","url":"/api/notifications/summary","request":{"body":null},"response":{"status":200,"statusText":"OK","body":{"unread":6}},"duration":7,"error":null}
[2026-06-29T22:44:53.501Z] {"timestamp":1782773092812,"type":"xhr","method":"GET","url":"/api/admin/conversas/fila/estatisticas","request":{"body":null},"response":{"status":200,"statusText":"OK","body":{"success":true,"data":{"mensagens_nao_lidas":99}}},"duration":8,"error":null}
[2026-06-29T22:44:58.825Z] {"timestamp":1782773097961,"type":"xhr","method":"GET","url":"/api/notifications/summary","request":{"body":null},"response":{"status":200,"statusText":"OK","body":{"unread":6}},"duration":6,"error":null}
[2026-06-29T22:44:58.825Z] {"timestamp":1782773097962,"type":"xhr","method":"GET","url":"/api/admin/conversas/fila/estatisticas","request":{"body":null},"response":{"status":200,"statusText":"OK","body":{"success":true,"data":{"mensagens_nao_lidas":99}}},"duration":5,"error":null}
[2026-06-29T22:45:01.504Z] {"timestamp":1782773099832,"type":"xhr","method":"GET","url":"/api/notifications/summary","request":{"body":null},"response":{"status":200,"statusText":"OK","body":{"unread":6}},"duration":4,"error":null}
[2026-06-29T22:45:01.504Z] {"timestamp":1782773099833,"type":"xhr","method":"GET","url":"/api/admin/conversas/fila/estatisticas","request":{"body":null},"response":{"status":200,"statusText":"OK","body":{"success":true,"data":{"mensagens_nao_lidas":99}}},"duration":4,"error":null}
[2026-06-29T22:45:06.828Z] {"timestamp":1782773104982,"type":"xhr","method":"GET","url":"/api/notifications/summary","request":{"body":null},"response":{"status":200,"statusText":"OK","body":{"unread":6}},"duration":4,"error":null}
[2026-06-29T22:45:06.828Z] {"timestamp":1782773104983,"type":"xhr","method":"GET","url":"/api/admin/conversas/fila/estatisticas","request":{"body":null},"response":{"status":200,"statusText":"OK","body":{"success":true,"data":{"mensagens_nao_lidas":99}}},"duration":4,"error":null}
[2026-06-29T22:45:07.489Z] {"timestamp":1782773106841,"type":"xhr","method":"GET","url":"/api/notifications/summary","request":{"body":null},"response":{"status":200,"statusText":"OK","body":{"unread":6}},"duration":4,"error":null}
[2026-06-29T22:45:07.489Z] {"timestamp":1782773106841,"type":"xhr","method":"GET","url":"/api/admin/conversas/fila/estatisticas","request":{"body":null},"response":{"status":200,"statusText":"OK","body":{"success":true,"data":{"mensagens_nao_lidas":99}}},"duration":4,"error":null}
[2026-06-29T22:45:12.819Z] {"timestamp":1782773111995,"type":"xhr","method":"GET","url":"/api/notifications/summary","request":{"body":null},"response":{"status":200,"statusText":"OK","body":{"unread":6}},"duration":4,"error":null}
[2026-06-29T22:45:12.819Z] {"timestamp":1782773111995,"type":"xhr","method":"GET","url":"/api/admin/conversas/fila/estatisticas","request":{"body":null},"response":{"status":200,"statusText":"OK","body":{"success":true,"data":{"mensagens_nao_lidas":99}}},"duration":5,"error":null}
[2026-06-29T22:45:15.503Z] {"timestamp":1782773113860,"type":"xhr","method":"GET","url":"/api/notifications/summary","request":{"body":null},"response":{"status":200,"statusText":"OK","body":{"unread":6}},"duration":4,"error":null}
[2026-06-29T22:45:15.503Z] {"timestamp":1782773113860,"type":"xhr","method":"GET","url":"/api/admin/conversas/fila/estatisticas","request":{"body":null},"response":{"status":200,"statusText":"OK","body":{"success":true,"data":{"mensagens_nao_lidas":99}}},"duration":4,"error":null}
[2026-06-29T22:45:20.822Z] {"timestamp":1782773119004,"type":"xhr","method":"GET","url":"/api/notifications/summary","request":{"body":null},"response":{"status":200,"statusText":"OK","body":{"unread":6}},"duration":5,"error":null}
[2026-06-29T22:45:20.822Z] {"timestamp":1782773119005,"type":"xhr","method":"GET","url":"/api/admin/conversas/fila/estatisticas","request":{"body":null},"response":{"status":200,"statusText":"OK","body":{"success":true,"data":{"mensagens_nao_lidas":99}}},"duration":4,"error":null}
[2026-06-29T22:45:21.496Z] {"timestamp":1782773120865,"type":"xhr","method":"GET","url":"/api/notifications/summary","request":{"body":null},"response":{"status":200,"statusText":"OK","body":{"unread":6}},"duration":6,"error":null}
[2026-06-29T22:45:21.496Z] {"timestamp":1782773120865,"type":"xhr","method":"GET","url":"/api/admin/conversas/fila/estatisticas","request":{"body":null},"response":{"status":200,"statusText":"OK","body":{"success":true,"data":{"mensagens_nao_lidas":99}}},"duration":7,"error":null}
[2026-06-29T22:45:26.823Z] {"timestamp":1782773126012,"type":"xhr","method":"GET","url":"/api/notifications/summary","request":{"body":null},"response":{"status":200,"statusText":"OK","body":{"unread":6}},"duration":5,"error":null}
[2026-06-29T22:45:26.823Z] {"timestamp":1782773126012,"type":"xhr","method":"GET","url":"/api/admin/conversas/fila/estatisticas","request":{"body":null},"response":{"status":200,"statusText":"OK","body":{"success":true,"data":{"mensagens_nao_lidas":99}}},"duration":5,"error":null}
[2026-06-29T22:45:29.495Z] {"timestamp":1782773127882,"type":"xhr","method":"GET","url":"/api/notifications/summary","request":{"body":null},"response":{"status":200,"statusText":"OK","body":{"unread":6}},"duration":4,"error":null}
[2026-06-29T22:45:29.495Z] {"timestamp":1782773127883,"type":"xhr","method":"GET","url":"/api/admin/conversas/fila/estatisticas","request":{"body":null},"response":{"status":200,"statusText":"OK","body":{"success":true,"data":{"mensagens_nao_lidas":99}}},"duration":4,"error":null}
[2026-06-29T22:45:34.825Z] {"timestamp":1782773133029,"type":"xhr","method":"GET","url":"/api/admin/conversas/fila/estatisticas","request":{"body":null},"response":{"status":200,"statusText":"OK","body":{"success":true,"data":{"mensagens_nao_lidas":99}}},"duration":4,"error":null}
[2026-06-29T22:45:34.825Z] {"timestamp":1782773133029,"type":"xhr","method":"GET","url":"/api/notifications/summary","request":{"body":null},"response":{"status":200,"statusText":"OK","body":{"unread":6}},"duration":4,"error":null}
[2026-06-29T22:45:35.501Z] {"timestamp":1782773134900,"type":"xhr","method":"GET","url":"/api/admin/conversas/fila/estatisticas","request":{"body":null},"response":{"status":200,"statusText":"OK","body":{"success":true,"data":{"mensagens_nao_lidas":99}}},"duration":3,"error":null}
[2026-06-29T22:45:35.501Z] {"timestamp":1782773134899,"type":"xhr","method":"GET","url":"/api/notifications/summary","request":{"body":null},"response":{"status":200,"statusText":"OK","body":{"unread":6}},"duration":5,"error":null}
[2026-06-29T22:45:36.404Z] {"timestamp":1782773136061,"type":"xhr","method":"GET","url":"/api/dashboard/timeline?per_page=20&category=all","request":{"body":null},"response":{"status":500,"statusText":"Internal Server Error","body":""},"duration":8,"error":null}
[2026-06-29T22:45:37.033Z] {"timestamp":1782773136014,"type":"xhr","method":"GET","url":"/api/dashboard/timeline?per_page=20&category=all","request":{"body":null},"response":{"status":500,"statusText":"Internal Server Error","body":""},"duration":8,"error":null}
[2026-06-29T22:45:38.407Z] {"timestamp":1782773137077,"type":"xhr","method":"GET","url":"/api/dashboard/timeline?per_page=20&category=all","request":{"body":null},"response":{"status":500,"statusText":"Internal Server Error","body":""},"duration":5,"error":null}
[2026-06-29T22:45:39.037Z] {"timestamp":1782773137030,"type":"xhr","method":"GET","url":"/api/dashboard/timeline?per_page=20&category=all","request":{"body":null},"response":{"status":500,"statusText":"Internal Server Error","body":""},"duration":8,"error":null}
[2026-06-29T22:45:40.411Z] {"timestamp":1782773139087,"type":"xhr","method":"GET","url":"/api/dashboard/timeline?per_page=20&category=all","request":{"body":null},"response":{"status":500,"statusText":"Internal Server Error","body":""},"duration":12,"error":null}
[2026-06-29T22:45:40.815Z] {"timestamp":1782773140049,"type":"xhr","method":"GET","url":"/api/admin/conversas/fila/estatisticas","request":{"body":null},"response":{"status":200,"statusText":"OK","body":{"success":true,"data":{"mensagens_nao_lidas":99}}},"duration":4,"error":null}
[2026-06-29T22:45:40.815Z] {"timestamp":1782773140050,"type":"xhr","method":"GET","url":"/api/notifications/summary","request":{"body":null},"response":{"status":200,"statusText":"OK","body":{"unread":6}},"duration":3,"error":null}
[2026-06-29T22:45:41.038Z] {"timestamp":1782773139041,"type":"xhr","method":"GET","url":"/api/dashboard/timeline?per_page=20&category=all","request":{"body":null},"response":{"status":500,"statusText":"Internal Server Error","body":""},"duration":4,"error":null}
[2026-06-29T22:45:43.492Z] {"timestamp":1782773141919,"type":"xhr","method":"GET","url":"/api/admin/conversas/fila/estatisticas","request":{"body":null},"response":{"status":200,"statusText":"OK","body":{"success":true,"data":{"mensagens_nao_lidas":99}}},"duration":4,"error":null}
[2026-06-29T22:45:43.492Z] {"timestamp":1782773141920,"type":"xhr","method":"GET","url":"/api/notifications/summary","request":{"body":null},"response":{"status":200,"statusText":"OK","body":{"unread":6}},"duration":3,"error":null}
[2026-06-29T22:45:44.405Z] {"timestamp":1782773143104,"type":"xhr","method":"GET","url":"/api/dashboard/timeline?per_page=20&category=all","request":{"body":null},"response":{"status":500,"statusText":"Internal Server Error","body":""},"duration":5,"error":null}
[2026-06-29T22:45:45.041Z] {"timestamp":1782773143053,"type":"xhr","method":"GET","url":"/api/dashboard/timeline?per_page=20&category=all","request":{"body":null},"response":{"status":500,"statusText":"Internal Server Error","body":""},"duration":7,"error":null}
[2026-06-29T22:45:46.403Z] {"timestamp":1782773145212,"type":"xhr","method":"GET","url":"/api/notifications/summary","request":{"body":null},"response":{"status":500,"statusText":"Internal Server Error","body":""},"duration":7,"error":null}
[2026-06-29T22:45:46.403Z] {"timestamp":1782773145213,"type":"xhr","method":"GET","url":"/api/admin/conversas/fila/estatisticas","request":{"body":null},"response":{"status":500,"statusText":"Internal Server Error","body":""},"duration":7,"error":null}
[2026-06-29T22:45:47.037Z] {"timestamp":1782773145245,"type":"xhr","method":"GET","url":"/api/notifications/summary","request":{"body":null},"response":{"status":500,"statusText":"Internal Server Error","body":""},"duration":5,"error":null}
[2026-06-29T22:45:47.037Z] {"timestamp":1782773145245,"type":"xhr","method":"GET","url":"/api/admin/conversas/fila/estatisticas","request":{"body":null},"response":{"status":500,"statusText":"Internal Server Error","body":""},"duration":6,"error":null}
[2026-06-29T22:45:48.821Z] {"timestamp":1782773147068,"type":"xhr","method":"GET","url":"/api/notifications/summary","request":{"body":null},"response":{"status":200,"statusText":"OK","body":{"unread":6}},"duration":8,"error":null}
[2026-06-29T22:45:48.821Z] {"timestamp":1782773147067,"type":"xhr","method":"GET","url":"/api/admin/conversas/fila/estatisticas","request":{"body":null},"response":{"status":200,"statusText":"OK","body":{"success":true,"data":{"mensagens_nao_lidas":99}}},"duration":9,"error":null}
[2026-06-29T22:45:49.490Z] {"timestamp":1782773148927,"type":"xhr","method":"GET","url":"/api/admin/conversas/fila/estatisticas","request":{"body":null},"response":{"status":200,"statusText":"OK","body":{"success":true,"data":{"mensagens_nao_lidas":99}}},"duration":5,"error":null}
[2026-06-29T22:45:49.490Z] {"timestamp":1782773148928,"type":"xhr","method":"GET","url":"/api/notifications/summary","request":{"body":null},"response":{"status":200,"statusText":"OK","body":{"unread":6}},"duration":4,"error":null}
[2026-06-29T22:45:54.816Z] {"timestamp":1782773154083,"type":"xhr","method":"GET","url":"/api/notifications/summary","request":{"body":null},"response":{"status":200,"statusText":"OK","body":{"unread":6}},"duration":4,"error":null}
[2026-06-29T22:45:54.816Z] {"timestamp":1782773154084,"type":"xhr","method":"GET","url":"/api/admin/conversas/fila/estatisticas","request":{"body":null},"response":{"status":200,"statusText":"OK","body":{"success":true,"data":{"mensagens_nao_lidas":99}}},"duration":3,"error":null}
[2026-06-29T22:45:57.489Z] {"timestamp":1782773155934,"type":"xhr","method":"GET","url":"/api/admin/conversas/fila/estatisticas","request":{"body":null},"response":{"status":200,"statusText":"OK","body":{"success":true,"data":{"mensagens_nao_lidas":99}}},"duration":4,"error":null}
[2026-06-29T22:45:57.489Z] {"timestamp":1782773155935,"type":"xhr","method":"GET","url":"/api/notifications/summary","request":{"body":null},"response":{"status":200,"statusText":"OK","body":{"unread":6}},"duration":4,"error":null}
[2026-06-29T22:46:02.824Z] {"timestamp":1782773161090,"type":"xhr","method":"GET","url":"/api/notifications/summary","request":{"body":null},"response":{"status":200,"statusText":"OK","body":{"unread":6}},"duration":4,"error":null}
[2026-06-29T22:46:02.824Z] {"timestamp":1782773161091,"type":"xhr","method":"GET","url":"/api/admin/conversas/fila/estatisticas","request":{"body":null},"response":{"status":200,"statusText":"OK","body":{"success":true,"data":{"mensagens_nao_lidas":99}}},"duration":3,"error":null}
[2026-06-29T22:46:03.495Z] {"timestamp":1782773162948,"type":"xhr","method":"GET","url":"/api/admin/conversas/fila/estatisticas","request":{"body":null},"response":{"status":200,"statusText":"OK","body":{"success":true,"data":{"mensagens_nao_lidas":99}}},"duration":4,"error":null}
[2026-06-29T22:46:03.495Z] {"timestamp":1782773162949,"type":"xhr","method":"GET","url":"/api/notifications/summary","request":{"body":null},"response":{"status":200,"statusText":"OK","body":{"unread":6}},"duration":4,"error":null}
[2026-06-29T22:46:08.819Z] {"timestamp":1782773168102,"type":"xhr","method":"GET","url":"/api/notifications/summary","request":{"body":null},"response":{"status":200,"statusText":"OK","body":{"unread":6}},"duration":5,"error":null}
[2026-06-29T22:46:08.819Z] {"timestamp":1782773168102,"type":"xhr","method":"GET","url":"/api/admin/conversas/fila/estatisticas","request":{"body":null},"response":{"status":200,"statusText":"OK","body":{"success":true,"data":{"mensagens_nao_lidas":99}}},"duration":6,"error":null}
[2026-06-29T22:46:11.496Z] {"timestamp":1782773169967,"type":"xhr","method":"GET","url":"/api/admin/conversas/fila/estatisticas","request":{"body":null},"response":{"status":200,"statusText":"OK","body":{"success":true,"data":{"mensagens_nao_lidas":99}}},"duration":4,"error":null}
[2026-06-29T22:46:11.496Z] {"timestamp":1782773169967,"type":"xhr","method":"GET","url":"/api/notifications/summary","request":{"body":null},"response":{"status":200,"statusText":"OK","body":{"unread":6}},"duration":4,"error":null}
[2026-06-29T22:46:16.826Z] {"timestamp":1782773175117,"type":"xhr","method":"GET","url":"/api/notifications/summary","request":{"body":null},"response":{"status":200,"statusText":"OK","body":{"unread":6}},"duration":4,"error":null}
[2026-06-29T22:46:16.826Z] {"timestamp":1782773175118,"type":"xhr","method":"GET","url":"/api/admin/conversas/fila/estatisticas","request":{"body":null},"response":{"status":200,"statusText":"OK","body":{"success":true,"data":{"mensagens_nao_lidas":99}}},"duration":3,"error":null}
[2026-06-29T22:46:17.496Z] {"timestamp":1782773176981,"type":"xhr","method":"GET","url":"/api/admin/conversas/fila/estatisticas","request":{"body":null},"response":{"status":200,"statusText":"OK","body":{"success":true,"data":{"mensagens_nao_lidas":99}}},"duration":5,"error":null}
[2026-06-29T22:46:17.496Z] {"timestamp":1782773176981,"type":"xhr","method":"GET","url":"/api/notifications/summary","request":{"body":null},"response":{"status":200,"statusText":"OK","body":{"unread":6}},"duration":6,"error":null}
[2026-06-29T22:46:22.821Z] {"timestamp":1782773182130,"type":"xhr","method":"GET","url":"/api/admin/conversas/fila/estatisticas","request":{"body":null},"response":{"status":200,"statusText":"OK","body":{"success":true,"data":{"mensagens_nao_lidas":99}}},"duration":5,"error":null}
[2026-06-29T22:46:22.821Z] {"timestamp":1782773182129,"type":"xhr","method":"GET","url":"/api/notifications/summary","request":{"body":null},"response":{"status":200,"statusText":"OK","body":{"unread":6}},"duration":6,"error":null}
[2026-06-29T22:46:25.498Z] {"timestamp":1782773184001,"type":"xhr","method":"GET","url":"/api/admin/conversas/fila/estatisticas","request":{"body":null},"response":{"status":200,"statusText":"OK","body":{"success":true,"data":{"mensagens_nao_lidas":99}}},"duration":4,"error":null}
[2026-06-29T22:46:25.498Z] {"timestamp":1782773184002,"type":"xhr","method":"GET","url":"/api/notifications/summary","request":{"body":null},"response":{"status":200,"statusText":"OK","body":{"unread":6}},"duration":3,"error":null}
[2026-06-29T22:46:30.823Z] {"timestamp":1782773189147,"type":"xhr","method":"GET","url":"/api/admin/conversas/fila/estatisticas","request":{"body":null},"response":{"status":200,"statusText":"OK","body":{"success":true,"data":{"mensagens_nao_lidas":99}}},"duration":5,"error":null}
[2026-06-29T22:46:30.823Z] {"timestamp":1782773189147,"type":"xhr","method":"GET","url":"/api/notifications/summary","request":{"body":null},"response":{"status":200,"statusText":"OK","body":{"unread":6}},"duration":6,"error":null}
[2026-06-29T22:46:31.488Z] {"timestamp":1782773191009,"type":"xhr","method":"GET","url":"/api/notifications/summary","request":{"body":null},"response":{"status":200,"statusText":"OK","body":{"unread":6}},"duration":4,"error":null}
[2026-06-29T22:46:31.488Z] {"timestamp":1782773191009,"type":"xhr","method":"GET","url":"/api/admin/conversas/fila/estatisticas","request":{"body":null},"response":{"status":200,"statusText":"OK","body":{"success":true,"data":{"mensagens_nao_lidas":99}}},"duration":4,"error":null}
[2026-06-29T22:46:36.825Z] {"timestamp":1782773196168,"type":"xhr","method":"GET","url":"/api/admin/conversas/fila/estatisticas","request":{"body":null},"response":{"status":200,"statusText":"OK","body":{"success":true,"data":{"mensagens_nao_lidas":99}}},"duration":4,"error":null}
[2026-06-29T22:46:36.825Z] {"timestamp":1782773196169,"type":"xhr","method":"GET","url":"/api/notifications/summary","request":{"body":null},"response":{"status":200,"statusText":"OK","body":{"unread":6}},"duration":4,"error":null}
[2026-06-29T22:46:39.492Z] {"timestamp":1782773198014,"type":"xhr","method":"GET","url":"/api/notifications/summary","request":{"body":null},"response":{"status":200,"statusText":"OK","body":{"unread":6}},"duration":4,"error":null}
[2026-06-29T22:46:39.492Z] {"timestamp":1782773198015,"type":"xhr","method":"GET","url":"/api/admin/conversas/fila/estatisticas","request":{"body":null},"response":{"status":200,"statusText":"OK","body":{"success":true,"data":{"mensagens_nao_lidas":99}}},"duration":3,"error":null}
[2026-06-29T22:46:44.409Z] {"timestamp":1782773203112,"type":"xhr","method":"GET","url":"/api/dashboard/timeline?per_page=20&category=all","request":{"body":null},"response":{"status":500,"statusText":"Internal Server Error","body":""},"duration":8,"error":null}
[2026-06-29T22:46:44.409Z] {"timestamp":1782773204134,"type":"xhr","method":"GET","url":"/api/dashboard/timeline?per_page=20&category=all","request":{"body":null},"response":{"status":500,"statusText":"Internal Server Error","body":""},"duration":7,"error":null}
[2026-06-29T22:46:44.827Z] {"timestamp":1782773203174,"type":"xhr","method":"GET","url":"/api/admin/conversas/fila/estatisticas","request":{"body":null},"response":{"status":200,"statusText":"OK","body":{"success":true,"data":{"mensagens_nao_lidas":99}}},"duration":6,"error":null}
[2026-06-29T22:46:44.827Z] {"timestamp":1782773203175,"type":"xhr","method":"GET","url":"/api/notifications/summary","request":{"body":null},"response":{"status":200,"statusText":"OK","body":{"unread":6}},"duration":5,"error":null}
[2026-06-29T22:46:45.035Z] {"timestamp":1782773203065,"type":"xhr","method":"GET","url":"/api/dashboard/timeline?per_page=20&category=all","request":{"body":null},"response":{"status":500,"statusText":"Internal Server Error","body":""},"duration":7,"error":null}
[2026-06-29T22:46:45.035Z] {"timestamp":1782773204082,"type":"xhr","method":"GET","url":"/api/dashboard/timeline?per_page=20&category=all","request":{"body":null},"response":{"status":500,"statusText":"Internal Server Error","body":""},"duration":8,"error":null}
[2026-06-29T22:46:45.503Z] {"timestamp":1782773205034,"type":"xhr","method":"GET","url":"/api/notifications/summary","request":{"body":null},"response":{"status":200,"statusText":"OK","body":{"unread":6}},"duration":6,"error":null}
[2026-06-29T22:46:45.503Z] {"timestamp":1782773205034,"type":"xhr","method":"GET","url":"/api/admin/conversas/fila/estatisticas","request":{"body":null},"response":{"status":200,"statusText":"OK","body":{"success":true,"data":{"mensagens_nao_lidas":99}}},"duration":6,"error":null}
[2026-06-29T22:46:46.399Z] {"timestamp":1782773205221,"type":"xhr","method":"GET","url":"/api/notifications/summary","request":{"body":null},"response":{"status":500,"statusText":"Internal Server Error","body":""},"duration":7,"error":null}
[2026-06-29T22:46:46.399Z] {"timestamp":1782773205221,"type":"xhr","method":"GET","url":"/api/admin/conversas/fila/estatisticas","request":{"body":null},"response":{"status":500,"statusText":"Internal Server Error","body":""},"duration":8,"error":null}
[2026-06-29T22:46:46.399Z] {"timestamp":1782773206148,"type":"xhr","method":"GET","url":"/api/dashboard/timeline?per_page=20&category=all","request":{"body":null},"response":{"status":500,"statusText":"Internal Server Error","body":""},"duration":5,"error":null}
[2026-06-29T22:46:47.032Z] {"timestamp":1782773205252,"type":"xhr","method":"GET","url":"/api/notifications/summary","request":{"body":null},"response":{"status":500,"statusText":"Internal Server Error","body":""},"duration":6,"error":null}
[2026-06-29T22:46:47.032Z] {"timestamp":1782773205252,"type":"xhr","method":"GET","url":"/api/admin/conversas/fila/estatisticas","request":{"body":null},"response":{"status":500,"statusText":"Internal Server Error","body":""},"duration":7,"error":null}
[2026-06-29T22:46:47.032Z] {"timestamp":1782773206101,"type":"xhr","method":"GET","url":"/api/dashboard/timeline?per_page=20&category=all","request":{"body":null},"response":{"status":500,"statusText":"Internal Server Error","body":""},"duration":5,"error":null}
[2026-06-29T22:46:50.405Z] {"timestamp":1782773210154,"type":"xhr","method":"GET","url":"/api/dashboard/timeline?per_page=20&category=all","request":{"body":null},"response":{"status":500,"statusText":"Internal Server Error","body":""},"duration":5,"error":null}
[2026-06-29T22:46:50.819Z] {"timestamp":1782773210187,"type":"xhr","method":"GET","url":"/api/admin/conversas/fila/estatisticas","request":{"body":null},"response":{"status":200,"statusText":"OK","body":{"success":true,"data":{"mensagens_nao_lidas":99}}},"duration":3,"error":null}
[2026-06-29T22:46:50.819Z] {"timestamp":1782773210187,"type":"xhr","method":"GET","url":"/api/notifications/summary","request":{"body":null},"response":{"status":200,"statusText":"OK","body":{"unread":6}},"duration":3,"error":null}
[2026-06-29T22:46:51.037Z] {"timestamp":1782773210122,"type":"xhr","method":"GET","url":"/api/dashboard/timeline?per_page=20&category=all","request":{"body":null},"response":{"status":500,"statusText":"Internal Server Error","body":""},"duration":6,"error":null}
[2026-06-29T22:46:53.488Z] {"timestamp":1782773212053,"type":"xhr","method":"GET","url":"/api/notifications/summary","request":{"body":null},"response":{"status":200,"statusText":"OK","body":{"unread":6}},"duration":5,"error":null}
[2026-06-29T22:46:53.488Z] {"timestamp":1782773212054,"type":"xhr","method":"GET","url":"/api/admin/conversas/fila/estatisticas","request":{"body":null},"response":{"status":200,"statusText":"OK","body":{"success":true,"data":{"mensagens_nao_lidas":99}}},"duration":4,"error":null}
[2026-06-29T22:46:58.828Z] {"timestamp":1782773217201,"type":"xhr","method":"GET","url":"/api/admin/conversas/fila/estatisticas","request":{"body":null},"response":{"status":200,"statusText":"OK","body":{"success":true,"data":{"mensagens_nao_lidas":99}}},"duration":4,"error":null}
[2026-06-29T22:46:58.828Z] {"timestamp":1782773217201,"type":"xhr","method":"GET","url":"/api/notifications/summary","request":{"body":null},"response":{"status":200,"statusText":"OK","body":{"unread":6}},"duration":6,"error":null}
[2026-06-29T22:46:59.490Z] {"timestamp":1782773219069,"type":"xhr","method":"GET","url":"/api/notifications/summary","request":{"body":null},"response":{"status":200,"statusText":"OK","body":{"unread":6}},"duration":5,"error":null}
[2026-06-29T22:46:59.490Z] {"timestamp":1782773219070,"type":"xhr","method":"GET","url":"/api/admin/conversas/fila/estatisticas","request":{"body":null},"response":{"status":200,"statusText":"OK","body":{"success":true,"data":{"mensagens_nao_lidas":99}}},"duration":6,"error":null}
[2026-06-29T22:47:04.826Z] {"timestamp":1782773224217,"type":"xhr","method":"GET","url":"/api/admin/conversas/fila/estatisticas","request":{"body":null},"response":{"status":200,"statusText":"OK","body":{"success":true,"data":{"mensagens_nao_lidas":99}}},"duration":5,"error":null}
[2026-06-29T22:47:04.826Z] {"timestamp":1782773224218,"type":"xhr","method":"GET","url":"/api/notifications/summary","request":{"body":null},"response":{"status":200,"statusText":"OK","body":{"unread":6}},"duration":4,"error":null}
[2026-06-29T22:47:07.487Z] {"timestamp":1782773226083,"type":"xhr","method":"GET","url":"/api/admin/conversas/fila/estatisticas","request":{"body":null},"response":{"status":200,"statusText":"OK","body":{"success":true,"data":{"mensagens_nao_lidas":99}}},"duration":4,"error":null}
[2026-06-29T22:47:07.487Z] {"timestamp":1782773226082,"type":"xhr","method":"GET","url":"/api/notifications/summary","request":{"body":null},"response":{"status":200,"statusText":"OK","body":{"unread":6}},"duration":5,"error":null}
[2026-06-29T22:47:12.825Z] {"timestamp":1782773231231,"type":"xhr","method":"GET","url":"/api/admin/conversas/fila/estatisticas","request":{"body":null},"response":{"status":200,"statusText":"OK","body":{"success":true,"data":{"mensagens_nao_lidas":99}}},"duration":4,"error":null}
[2026-06-29T22:47:12.825Z] {"timestamp":1782773231231,"type":"xhr","method":"GET","url":"/api/notifications/summary","request":{"body":null},"response":{"status":200,"statusText":"OK","body":{"unread":6}},"duration":5,"error":null}
[2026-06-29T22:47:13.503Z] {"timestamp":1782773233091,"type":"xhr","method":"GET","url":"/api/admin/conversas/fila/estatisticas","request":{"body":null},"response":{"status":200,"statusText":"OK","body":{"success":true,"data":{"mensagens_nao_lidas":99}}},"duration":4,"error":null}
[2026-06-29T22:47:13.503Z] {"timestamp":1782773233092,"type":"xhr","method":"GET","url":"/api/notifications/summary","request":{"body":null},"response":{"status":200,"statusText":"OK","body":{"unread":6}},"duration":4,"error":null}
[2026-06-29T22:47:18.819Z] {"timestamp":1782773238248,"type":"xhr","method":"GET","url":"/api/admin/conversas/fila/estatisticas","request":{"body":null},"response":{"status":200,"statusText":"OK","body":{"success":true,"data":{"mensagens_nao_lidas":99}}},"duration":6,"error":null}
[2026-06-29T22:47:18.819Z] {"timestamp":1782773238249,"type":"xhr","method":"GET","url":"/api/notifications/summary","request":{"body":null},"response":{"status":200,"statusText":"OK","body":{"unread":6}},"duration":5,"error":null}
[2026-06-29T22:47:21.493Z] {"timestamp":1782773240107,"type":"xhr","method":"GET","url":"/api/admin/conversas/fila/estatisticas","request":{"body":null},"response":{"status":200,"statusText":"OK","body":{"success":true,"data":{"mensagens_nao_lidas":99}}},"duration":5,"error":null}
[2026-06-29T22:47:21.493Z] {"timestamp":1782773240108,"type":"xhr","method":"GET","url":"/api/notifications/summary","request":{"body":null},"response":{"status":200,"statusText":"OK","body":{"unread":6}},"duration":4,"error":null}
[2026-06-29T22:47:26.829Z] {"timestamp":1782773245257,"type":"xhr","method":"GET","url":"/api/admin/conversas/fila/estatisticas","request":{"body":null},"response":{"status":200,"statusText":"OK","body":{"success":true,"data":{"mensagens_nao_lidas":99}}},"duration":4,"error":null}
[2026-06-29T22:47:26.829Z] {"timestamp":1782773245258,"type":"xhr","method":"GET","url":"/api/notifications/summary","request":{"body":null},"response":{"status":200,"statusText":"OK","body":{"unread":6}},"duration":4,"error":null}
[2026-06-29T22:47:27.490Z] {"timestamp":1782773247123,"type":"xhr","method":"GET","url":"/api/admin/conversas/fila/estatisticas","request":{"body":null},"response":{"status":200,"statusText":"OK","body":{"success":true,"data":{"mensagens_nao_lidas":99}}},"duration":5,"error":null}
[2026-06-29T22:47:27.490Z] {"timestamp":1782773247123,"type":"xhr","method":"GET","url":"/api/notifications/summary","request":{"body":null},"response":{"status":200,"statusText":"OK","body":{"unread":6}},"duration":5,"error":null}
[2026-06-29T22:47:32.821Z] {"timestamp":1782773252274,"type":"xhr","method":"GET","url":"/api/admin/conversas/fila/estatisticas","request":{"body":null},"response":{"status":200,"statusText":"OK","body":{"success":true,"data":{"mensagens_nao_lidas":99}}},"duration":4,"error":null}
[2026-06-29T22:47:32.821Z] {"timestamp":1782773252275,"type":"xhr","method":"GET","url":"/api/notifications/summary","request":{"body":null},"response":{"status":200,"statusText":"OK","body":{"unread":6}},"duration":3,"error":null}
[2026-06-29T22:47:35.489Z] {"timestamp":1782773254131,"type":"xhr","method":"GET","url":"/api/admin/conversas/fila/estatisticas","request":{"body":null},"response":{"status":200,"statusText":"OK","body":{"success":true,"data":{"mensagens_nao_lidas":99}}},"duration":4,"error":null}
[2026-06-29T22:47:35.489Z] {"timestamp":1782773254131,"type":"xhr","method":"GET","url":"/api/notifications/summary","request":{"body":null},"response":{"status":200,"statusText":"OK","body":{"unread":6}},"duration":4,"error":null}
[2026-06-29T22:47:40.815Z] {"timestamp":1782773259283,"type":"xhr","method":"GET","url":"/api/admin/conversas/fila/estatisticas","request":{"body":null},"response":{"status":200,"statusText":"OK","body":{"success":true,"data":{"mensagens_nao_lidas":99}}},"duration":5,"error":null}
[2026-06-29T22:47:40.815Z] {"timestamp":1782773259284,"type":"xhr","method":"GET","url":"/api/notifications/summary","request":{"body":null},"response":{"status":200,"statusText":"OK","body":{"unread":6}},"duration":4,"error":null}
[2026-06-29T22:47:41.498Z] {"timestamp":1782773261137,"type":"xhr","method":"GET","url":"/api/notifications/summary","request":{"body":null},"response":{"status":200,"statusText":"OK","body":{"unread":6}},"duration":3,"error":null}
[2026-06-29T22:47:41.498Z] {"timestamp":1782773261136,"type":"xhr","method":"GET","url":"/api/admin/conversas/fila/estatisticas","request":{"body":null},"response":{"status":200,"statusText":"OK","body":{"success":true,"data":{"mensagens_nao_lidas":99}}},"duration":4,"error":null}
[2026-06-29T22:47:46.410Z] {"timestamp":1782773265233,"type":"xhr","method":"GET","url":"/api/notifications/summary","request":{"body":null},"response":{"status":500,"statusText":"Internal Server Error","body":""},"duration":8,"error":null}
[2026-06-29T22:47:46.410Z] {"timestamp":1782773265234,"type":"xhr","method":"GET","url":"/api/admin/conversas/fila/estatisticas","request":{"body":null},"response":{"status":500,"statusText":"Internal Server Error","body":""},"duration":8,"error":null}
[2026-06-29T22:47:46.815Z] {"timestamp":1782773266291,"type":"xhr","method":"GET","url":"/api/admin/conversas/fila/estatisticas","request":{"body":null},"response":{"status":200,"statusText":"OK","body":{"success":true,"data":{"mensagens_nao_lidas":99}}},"duration":4,"error":null}
[2026-06-29T22:47:46.815Z] {"timestamp":1782773266292,"type":"xhr","method":"GET","url":"/api/notifications/summary","request":{"body":null},"response":{"status":200,"statusText":"OK","body":{"unread":6}},"duration":4,"error":null}
[2026-06-29T22:47:47.040Z] {"timestamp":1782773265265,"type":"xhr","method":"GET","url":"/api/notifications/summary","request":{"body":null},"response":{"status":500,"statusText":"Internal Server Error","body":""},"duration":9,"error":null}
[2026-06-29T22:47:47.040Z] {"timestamp":1782773265265,"type":"xhr","method":"GET","url":"/api/admin/conversas/fila/estatisticas","request":{"body":null},"response":{"status":500,"statusText":"Internal Server Error","body":""},"duration":10,"error":null}
[2026-06-29T22:47:49.500Z] {"timestamp":1782773268153,"type":"xhr","method":"GET","url":"/api/notifications/summary","request":{"body":null},"response":{"status":200,"statusText":"OK","body":{"unread":6}},"duration":4,"error":null}
[2026-06-29T22:47:49.500Z] {"timestamp":1782773268153,"type":"xhr","method":"GET","url":"/api/admin/conversas/fila/estatisticas","request":{"body":null},"response":{"status":200,"statusText":"OK","body":{"success":true,"data":{"mensagens_nao_lidas":99}}},"duration":4,"error":null}
[2026-06-29T22:47:50.397Z] {"timestamp":1782773270168,"type":"xhr","method":"GET","url":"/api/dashboard/timeline?per_page=20&category=all","request":{"body":null},"response":{"status":500,"statusText":"Internal Server Error","body":""},"duration":7,"error":null}
[2026-06-29T22:47:51.045Z] {"timestamp":1782773270137,"type":"xhr","method":"GET","url":"/api/dashboard/timeline?per_page=20&category=all","request":{"body":null},"response":{"status":500,"statusText":"Internal Server Error","body":""},"duration":7,"error":null}
[2026-06-29T22:47:52.404Z] {"timestamp":1782773271187,"type":"xhr","method":"GET","url":"/api/dashboard/timeline?per_page=20&category=all","request":{"body":null},"response":{"status":500,"statusText":"Internal Server Error","body":""},"duration":4,"error":null}
[2026-06-29T22:47:53.045Z] {"timestamp":1782773271155,"type":"xhr","method":"GET","url":"/api/dashboard/timeline?per_page=20&category=all","request":{"body":null},"response":{"status":500,"statusText":"Internal Server Error","body":""},"duration":5,"error":null}
[2026-06-29T22:47:54.398Z] {"timestamp":1782773273198,"type":"xhr","method":"GET","url":"/api/dashboard/timeline?per_page=20&category=all","request":{"body":null},"response":{"status":500,"statusText":"Internal Server Error","body":""},"duration":5,"error":null}
[2026-06-29T22:47:54.817Z] {"timestamp":1782773273301,"type":"xhr","method":"GET","url":"/api/admin/conversas/fila/estatisticas","request":{"body":null},"response":{"status":200,"statusText":"OK","body":{"success":true,"data":{"mensagens_nao_lidas":99}}},"duration":4,"error":null}
[2026-06-29T22:47:54.817Z] {"timestamp":1782773273301,"type":"xhr","method":"GET","url":"/api/notifications/summary","request":{"body":null},"response":{"status":200,"statusText":"OK","body":{"unread":6}},"duration":5,"error":null}
[2026-06-29T22:47:55.032Z] {"timestamp":1782773273167,"type":"xhr","method":"GET","url":"/api/dashboard/timeline?per_page=20&category=all","request":{"body":null},"response":{"status":500,"statusText":"Internal Server Error","body":""},"duration":6,"error":null}
[2026-06-29T22:47:55.501Z] {"timestamp":1782773275172,"type":"xhr","method":"GET","url":"/api/admin/conversas/fila/estatisticas","request":{"body":null},"response":{"status":200,"statusText":"OK","body":{"success":true,"data":{"mensagens_nao_lidas":99}}},"duration":4,"error":null}
[2026-06-29T22:47:55.501Z] {"timestamp":1782773275171,"type":"xhr","method":"GET","url":"/api/notifications/summary","request":{"body":null},"response":{"status":200,"statusText":"OK","body":{"unread":6}},"duration":6,"error":null}
[2026-06-29T22:47:58.401Z] {"timestamp":1782773277205,"type":"xhr","method":"GET","url":"/api/dashboard/timeline?per_page=20&category=all","request":{"body":null},"response":{"status":500,"statusText":"Internal Server Error","body":""},"duration":5,"error":null}
[2026-06-29T22:47:59.044Z] {"timestamp":1782773277189,"type":"xhr","method":"GET","url":"/api/dashboard/timeline?per_page=20&category=all","request":{"body":null},"response":{"status":500,"statusText":"Internal Server Error","body":""},"duration":5,"error":null}
[2026-06-29T22:48:00.818Z] {"timestamp":1782773280318,"type":"xhr","method":"GET","url":"/api/admin/conversas/fila/estatisticas","request":{"body":null},"response":{"status":200,"statusText":"OK","body":{"success":true,"data":{"mensagens_nao_lidas":99}}},"duration":3,"error":null}
[2026-06-29T22:48:00.818Z] {"timestamp":1782773280318,"type":"xhr","method":"GET","url":"/api/notifications/summary","request":{"body":null},"response":{"status":200,"statusText":"OK","body":{"unread":6}},"duration":4,"error":null}
[2026-06-29T22:48:03.508Z] {"timestamp":1782773282191,"type":"xhr","method":"GET","url":"/api/admin/conversas/fila/estatisticas","request":{"body":null},"response":{"status":200,"statusText":"OK","body":{"success":true,"data":{"mensagens_nao_lidas":99}}},"duration":4,"error":null}
[2026-06-29T22:48:03.508Z] {"timestamp":1782773282191,"type":"xhr","method":"GET","url":"/api/notifications/summary","request":{"body":null},"response":{"status":200,"statusText":"OK","body":{"unread":6}},"duration":5,"error":null}
[2026-06-29T22:48:08.817Z] {"timestamp":1782773287331,"type":"xhr","method":"GET","url":"/api/admin/conversas/fila/estatisticas","request":{"body":null},"response":{"status":200,"statusText":"OK","body":{"success":true,"data":{"mensagens_nao_lidas":99}}},"duration":3,"error":null}
[2026-06-29T22:48:08.817Z] {"timestamp":1782773287331,"type":"xhr","method":"GET","url":"/api/notifications/summary","request":{"body":null},"response":{"status":200,"statusText":"OK","body":{"unread":6}},"duration":5,"error":null}
[2026-06-29T22:48:09.500Z] {"timestamp":1782773289198,"type":"xhr","method":"GET","url":"/api/admin/conversas/fila/estatisticas","request":{"body":null},"response":{"status":200,"statusText":"OK","body":{"success":true,"data":{"mensagens_nao_lidas":99}}},"duration":4,"error":null}
[2026-06-29T22:48:09.500Z] {"timestamp":1782773289198,"type":"xhr","method":"GET","url":"/api/notifications/summary","request":{"body":null},"response":{"status":200,"statusText":"OK","body":{"unread":6}},"duration":4,"error":null}
[2026-06-29T22:48:14.824Z] {"timestamp":1782773294348,"type":"xhr","method":"GET","url":"/api/admin/conversas/fila/estatisticas","request":{"body":null},"response":{"status":200,"statusText":"OK","body":{"success":true,"data":{"mensagens_nao_lidas":99}}},"duration":4,"error":null}
[2026-06-29T22:48:14.824Z] {"timestamp":1782773294349,"type":"xhr","method":"GET","url":"/api/notifications/summary","request":{"body":null},"response":{"status":200,"statusText":"OK","body":{"unread":6}},"duration":4,"error":null}
[2026-06-29T22:48:17.504Z] {"timestamp":1782773296216,"type":"xhr","method":"GET","url":"/api/notifications/summary","request":{"body":null},"response":{"status":200,"statusText":"OK","body":{"unread":6}},"duration":4,"error":null}
[2026-06-29T22:48:17.504Z] {"timestamp":1782773296215,"type":"xhr","method":"GET","url":"/api/admin/conversas/fila/estatisticas","request":{"body":null},"response":{"status":200,"statusText":"OK","body":{"success":true,"data":{"mensagens_nao_lidas":99}}},"duration":5,"error":null}
[2026-06-29T22:48:22.829Z] {"timestamp":1782773301362,"type":"xhr","method":"GET","url":"/api/notifications/summary","request":{"body":null},"response":{"status":200,"statusText":"OK","body":{"unread":6}},"duration":4,"error":null}
[2026-06-29T22:48:22.829Z] {"timestamp":1782773301362,"type":"xhr","method":"GET","url":"/api/admin/conversas/fila/estatisticas","request":{"body":null},"response":{"status":200,"statusText":"OK","body":{"success":true,"data":{"mensagens_nao_lidas":99}}},"duration":5,"error":null}
[2026-06-29T22:48:23.493Z] {"timestamp":1782773303231,"type":"xhr","method":"GET","url":"/api/notifications/summary","request":{"body":null},"response":{"status":200,"statusText":"OK","body":{"unread":6}},"duration":4,"error":null}
[2026-06-29T22:48:23.493Z] {"timestamp":1782773303231,"type":"xhr","method":"GET","url":"/api/admin/conversas/fila/estatisticas","request":{"body":null},"response":{"status":200,"statusText":"OK","body":{"success":true,"data":{"mensagens_nao_lidas":99}}},"duration":4,"error":null}
[2026-06-29T22:48:28.818Z] {"timestamp":1782773308377,"type":"xhr","method":"GET","url":"/api/notifications/summary","request":{"body":null},"response":{"status":200,"statusText":"OK","body":{"unread":6}},"duration":4,"error":null}
[2026-06-29T22:48:28.818Z] {"timestamp":1782773308377,"type":"xhr","method":"GET","url":"/api/admin/conversas/fila/estatisticas","request":{"body":null},"response":{"status":200,"statusText":"OK","body":{"success":true,"data":{"mensagens_nao_lidas":99}}},"duration":5,"error":null}
[2026-06-29T22:48:31.491Z] {"timestamp":1782773310240,"type":"xhr","method":"GET","url":"/api/admin/conversas/fila/estatisticas","request":{"body":null},"response":{"status":200,"statusText":"OK","body":{"success":true,"data":{"mensagens_nao_lidas":99}}},"duration":4,"error":null}
[2026-06-29T22:48:31.491Z] {"timestamp":1782773310239,"type":"xhr","method":"GET","url":"/api/notifications/summary","request":{"body":null},"response":{"status":200,"statusText":"OK","body":{"unread":6}},"duration":5,"error":null}
[2026-06-29T22:48:36.827Z] {"timestamp":1782773315384,"type":"xhr","method":"GET","url":"/api/notifications/summary","request":{"body":null},"response":{"status":200,"statusText":"OK","body":{"unread":6}},"duration":4,"error":null}
[2026-06-29T22:48:36.827Z] {"timestamp":1782773315385,"type":"xhr","method":"GET","url":"/api/admin/conversas/fila/estatisticas","request":{"body":null},"response":{"status":200,"statusText":"OK","body":{"success":true,"data":{"mensagens_nao_lidas":99}}},"duration":4,"error":null}
[2026-06-29T22:48:37.487Z] {"timestamp":1782773317256,"type":"xhr","method":"GET","url":"/api/admin/conversas/fila/estatisticas","request":{"body":null},"response":{"status":200,"statusText":"OK","body":{"success":true,"data":{"mensagens_nao_lidas":99}}},"duration":5,"error":null}
[2026-06-29T22:48:37.487Z] {"timestamp":1782773317257,"type":"xhr","method":"GET","url":"/api/notifications/summary","request":{"body":null},"response":{"status":200,"statusText":"OK","body":{"unread":6}},"duration":4,"error":null}
[2026-06-29T22:48:42.814Z] {"timestamp":1782773322395,"type":"xhr","method":"GET","url":"/api/notifications/summary","request":{"body":null},"response":{"status":200,"statusText":"OK","body":{"unread":6}},"duration":4,"error":null}
[2026-06-29T22:48:42.814Z] {"timestamp":1782773322395,"type":"xhr","method":"GET","url":"/api/admin/conversas/fila/estatisticas","request":{"body":null},"response":{"status":200,"statusText":"OK","body":{"success":true,"data":{"mensagens_nao_lidas":99}}},"duration":5,"error":null}
[2026-06-29T22:48:45.495Z] {"timestamp":1782773324264,"type":"xhr","method":"GET","url":"/api/admin/conversas/fila/estatisticas","request":{"body":null},"response":{"status":200,"statusText":"OK","body":{"success":true,"data":{"mensagens_nao_lidas":99}}},"duration":6,"error":null}
[2026-06-29T22:48:45.495Z] {"timestamp":1782773324264,"type":"xhr","method":"GET","url":"/api/notifications/summary","request":{"body":null},"response":{"status":200,"statusText":"OK","body":{"unread":6}},"duration":7,"error":null}
[2026-06-29T22:48:46.407Z] {"timestamp":1782773325257,"type":"xhr","method":"GET","url":"/api/notifications/summary","request":{"body":null},"response":{"status":500,"statusText":"Internal Server Error","body":""},"duration":8,"error":null}
[2026-06-29T22:48:46.407Z] {"timestamp":1782773325258,"type":"xhr","method":"GET","url":"/api/admin/conversas/fila/estatisticas","request":{"body":null},"response":{"status":500,"statusText":"Internal Server Error","body":""},"duration":8,"error":null}
[2026-06-29T22:48:47.045Z] {"timestamp":1782773325288,"type":"xhr","method":"GET","url":"/api/notifications/summary","request":{"body":null},"response":{"status":500,"statusText":"Internal Server Error","body":""},"duration":8,"error":null}
[2026-06-29T22:48:47.045Z] {"timestamp":1782773325289,"type":"xhr","method":"GET","url":"/api/admin/conversas/fila/estatisticas","request":{"body":null},"response":{"status":500,"statusText":"Internal Server Error","body":""},"duration":7,"error":null}
[2026-06-29T22:48:50.819Z] {"timestamp":1782773329411,"type":"xhr","method":"GET","url":"/api/notifications/summary","request":{"body":null},"response":{"status":200,"statusText":"OK","body":{"unread":6}},"duration":4,"error":null}
[2026-06-29T22:48:50.819Z] {"timestamp":1782773329412,"type":"xhr","method":"GET","url":"/api/admin/conversas/fila/estatisticas","request":{"body":null},"response":{"status":200,"statusText":"OK","body":{"success":true,"data":{"mensagens_nao_lidas":99}}},"duration":3,"error":null}
[2026-06-29T22:48:51.490Z] {"timestamp":1782773331278,"type":"xhr","method":"GET","url":"/api/admin/conversas/fila/estatisticas","request":{"body":null},"response":{"status":200,"statusText":"OK","body":{"success":true,"data":{"mensagens_nao_lidas":99}}},"duration":8,"error":null}
[2026-06-29T22:48:51.490Z] {"timestamp":1782773331279,"type":"xhr","method":"GET","url":"/api/notifications/summary","request":{"body":null},"response":{"status":200,"statusText":"OK","body":{"unread":6}},"duration":10,"error":null}
[2026-06-29T22:48:56.821Z] {"timestamp":1782773336431,"type":"xhr","method":"GET","url":"/api/notifications/summary","request":{"body":null},"response":{"status":200,"statusText":"OK","body":{"unread":6}},"duration":8,"error":null}
[2026-06-29T22:48:56.821Z] {"timestamp":1782773336432,"type":"xhr","method":"GET","url":"/api/admin/conversas/fila/estatisticas","request":{"body":null},"response":{"status":200,"statusText":"OK","body":{"success":true,"data":{"mensagens_nao_lidas":99}}},"duration":7,"error":null}
[2026-06-29T22:48:58.400Z] {"timestamp":1782773337214,"type":"xhr","method":"GET","url":"/api/dashboard/timeline?per_page=20&category=all","request":{"body":null},"response":{"status":500,"statusText":"Internal Server Error","body":""},"duration":26,"error":null}
[2026-06-29T22:48:58.400Z] {"timestamp":1782773338241,"type":"xhr","method":"GET","url":"/api/dashboard/timeline?per_page=20&category=all","request":{"body":null},"response":{"status":500,"statusText":"Internal Server Error","body":""},"duration":4,"error":null}
[2026-06-29T22:48:59.032Z] {"timestamp":1782773337198,"type":"xhr","method":"GET","url":"/api/dashboard/timeline?per_page=20&category=all","request":{"body":null},"response":{"status":500,"statusText":"Internal Server Error","body":""},"duration":17,"error":null}
[2026-06-29T22:48:59.032Z] {"timestamp":1782773338226,"type":"xhr","method":"GET","url":"/api/dashboard/timeline?per_page=20&category=all","request":{"body":null},"response":{"status":500,"statusText":"Internal Server Error","body":""},"duration":5,"error":null}
[2026-06-29T22:48:59.491Z] {"timestamp":1782773338289,"type":"xhr","method":"GET","url":"/api/admin/conversas/fila/estatisticas","request":{"body":null},"response":{"status":200,"statusText":"OK","body":{"success":true,"data":{"mensagens_nao_lidas":99}}},"duration":3,"error":null}
[2026-06-29T22:48:59.491Z] {"timestamp":1782773338290,"type":"xhr","method":"GET","url":"/api/notifications/summary","request":{"body":null},"response":{"status":200,"statusText":"OK","body":{"unread":6}},"duration":3,"error":null}
[2026-06-29T22:49:00.409Z] {"timestamp":1782773340259,"type":"xhr","method":"GET","url":"/api/dashboard/timeline?per_page=20&category=all","request":{"body":null},"response":{"status":500,"statusText":"Internal Server Error","body":""},"duration":5,"error":null}
[2026-06-29T22:49:01.048Z] {"timestamp":1782773340243,"type":"xhr","method":"GET","url":"/api/dashboard/timeline?per_page=20&category=all","request":{"body":null},"response":{"status":500,"statusText":"Internal Server Error","body":""},"duration":5,"error":null}
[2026-06-29T22:49:04.402Z] {"timestamp":1782773344278,"type":"xhr","method":"GET","url":"/api/dashboard/timeline?per_page=20&category=all","request":{"body":null},"response":{"status":500,"statusText":"Internal Server Error","body":""},"duration":5,"error":null}
[2026-06-29T22:49:04.815Z] {"timestamp":1782773343445,"type":"xhr","method":"GET","url":"/api/notifications/summary","request":{"body":null},"response":{"status":200,"statusText":"OK","body":{"unread":6}},"duration":4,"error":null}
[2026-06-29T22:49:04.815Z] {"timestamp":1782773343446,"type":"xhr","method":"GET","url":"/api/admin/conversas/fila/estatisticas","request":{"body":null},"response":{"status":200,"statusText":"OK","body":{"success":true,"data":{"mensagens_nao_lidas":99}}},"duration":4,"error":null}
[2026-06-29T22:49:05.041Z] {"timestamp":1782773344262,"type":"xhr","method":"GET","url":"/api/dashboard/timeline?per_page=20&category=all","request":{"body":null},"response":{"status":500,"statusText":"Internal Server Error","body":""},"duration":6,"error":null}
[2026-06-29T22:49:05.494Z] {"timestamp":1782773345305,"type":"xhr","method":"GET","url":"/api/admin/conversas/fila/estatisticas","request":{"body":null},"response":{"status":200,"statusText":"OK","body":{"success":true,"data":{"mensagens_nao_lidas":99}}},"duration":4,"error":null}
[2026-06-29T22:49:05.494Z] {"timestamp":1782773345306,"type":"xhr","method":"GET","url":"/api/notifications/summary","request":{"body":null},"response":{"status":200,"statusText":"OK","body":{"unread":6}},"duration":4,"error":null}
[2026-06-29T22:49:10.818Z] {"timestamp":1782773350458,"type":"xhr","method":"GET","url":"/api/notifications/summary","request":{"body":null},"response":{"status":200,"statusText":"OK","body":{"unread":6}},"duration":4,"error":null}
[2026-06-29T22:49:10.818Z] {"timestamp":1782773350459,"type":"xhr","method":"GET","url":"/api/admin/conversas/fila/estatisticas","request":{"body":null},"response":{"status":200,"statusText":"OK","body":{"success":true,"data":{"mensagens_nao_lidas":99}}},"duration":3,"error":null}
[2026-06-29T22:49:13.499Z] {"timestamp":1782773352312,"type":"xhr","method":"GET","url":"/api/admin/conversas/fila/estatisticas","request":{"body":null},"response":{"status":200,"statusText":"OK","body":{"success":true,"data":{"mensagens_nao_lidas":99}}},"duration":5,"error":null}
[2026-06-29T22:49:13.499Z] {"timestamp":1782773352313,"type":"xhr","method":"GET","url":"/api/notifications/summary","request":{"body":null},"response":{"status":200,"statusText":"OK","body":{"unread":6}},"duration":5,"error":null}
[2026-06-29T22:49:18.829Z] {"timestamp":1782773357467,"type":"xhr","method":"GET","url":"/api/notifications/summary","request":{"body":null},"response":{"status":200,"statusText":"OK","body":{"unread":6}},"duration":6,"error":null}
[2026-06-29T22:49:18.829Z] {"timestamp":1782773357468,"type":"xhr","method":"GET","url":"/api/admin/conversas/fila/estatisticas","request":{"body":null},"response":{"status":200,"statusText":"OK","body":{"success":true,"data":{"mensagens_nao_lidas":99}}},"duration":5,"error":null}
[2026-06-29T22:49:19.499Z] {"timestamp":1782773359325,"type":"xhr","method":"GET","url":"/api/admin/conversas/fila/estatisticas","request":{"body":null},"response":{"status":200,"statusText":"OK","body":{"success":true,"data":{"mensagens_nao_lidas":99}}},"duration":5,"error":null}
[2026-06-29T22:49:19.499Z] {"timestamp":1782773359326,"type":"xhr","method":"GET","url":"/api/notifications/summary","request":{"body":null},"response":{"status":200,"statusText":"OK","body":{"unread":6}},"duration":4,"error":null}
[2026-06-29T22:49:24.825Z] {"timestamp":1782773364478,"type":"xhr","method":"GET","url":"/api/notifications/summary","request":{"body":null},"response":{"status":200,"statusText":"OK","body":{"unread":6}},"duration":4,"error":null}
[2026-06-29T22:49:24.825Z] {"timestamp":1782773364479,"type":"xhr","method":"GET","url":"/api/admin/conversas/fila/estatisticas","request":{"body":null},"response":{"status":200,"statusText":"OK","body":{"success":true,"data":{"mensagens_nao_lidas":99}}},"duration":4,"error":null}
[2026-06-29T22:49:27.498Z] {"timestamp":1782773366343,"type":"xhr","method":"GET","url":"/api/admin/conversas/fila/estatisticas","request":{"body":null},"response":{"status":200,"statusText":"OK","body":{"success":true,"data":{"mensagens_nao_lidas":99}}},"duration":4,"error":null}
[2026-06-29T22:49:27.498Z] {"timestamp":1782773366343,"type":"xhr","method":"GET","url":"/api/notifications/summary","request":{"body":null},"response":{"status":200,"statusText":"OK","body":{"unread":6}},"duration":5,"error":null}
[2026-06-29T22:49:32.814Z] {"timestamp":1782773371496,"type":"xhr","method":"GET","url":"/api/notifications/summary","request":{"body":null},"response":{"status":200,"statusText":"OK","body":{"unread":6}},"duration":4,"error":null}
[2026-06-29T22:49:32.814Z] {"timestamp":1782773371496,"type":"xhr","method":"GET","url":"/api/admin/conversas/fila/estatisticas","request":{"body":null},"response":{"status":200,"statusText":"OK","body":{"success":true,"data":{"mensagens_nao_lidas":99}}},"duration":4,"error":null}
[2026-06-29T22:49:33.490Z] {"timestamp":1782773373361,"type":"xhr","method":"GET","url":"/api/admin/conversas/fila/estatisticas","request":{"body":null},"response":{"status":200,"statusText":"OK","body":{"success":true,"data":{"mensagens_nao_lidas":99}}},"duration":5,"error":null}
[2026-06-29T22:49:33.490Z] {"timestamp":1782773373362,"type":"xhr","method":"GET","url":"/api/notifications/summary","request":{"body":null},"response":{"status":200,"statusText":"OK","body":{"unread":6}},"duration":5,"error":null}
[2026-06-29T22:49:38.825Z] {"timestamp":1782773378512,"type":"xhr","method":"GET","url":"/api/notifications/summary","request":{"body":null},"response":{"status":200,"statusText":"OK","body":{"unread":6}},"duration":12,"error":null}
[2026-06-29T22:49:38.825Z] {"timestamp":1782773378514,"type":"xhr","method":"GET","url":"/api/admin/conversas/fila/estatisticas","request":{"body":null},"response":{"status":200,"statusText":"OK","body":{"success":true,"data":{"mensagens_nao_lidas":99}}},"duration":16,"error":null}
[2026-06-29T22:49:41.495Z] {"timestamp":1782773380377,"type":"xhr","method":"GET","url":"/api/admin/conversas/fila/estatisticas","request":{"body":null},"response":{"status":200,"statusText":"OK","body":{"success":true,"data":{"mensagens_nao_lidas":99}}},"duration":4,"error":null}
[2026-06-29T22:49:41.495Z] {"timestamp":1782773380378,"type":"xhr","method":"GET","url":"/api/notifications/summary","request":{"body":null},"response":{"status":200,"statusText":"OK","body":{"unread":6}},"duration":3,"error":null}
[2026-06-29T22:49:46.397Z] {"timestamp":1782773385278,"type":"xhr","method":"GET","url":"/api/notifications/summary","request":{"body":null},"response":{"status":500,"statusText":"Internal Server Error","body":""},"duration":8,"error":null}
[2026-06-29T22:49:46.397Z] {"timestamp":1782773385278,"type":"xhr","method":"GET","url":"/api/admin/conversas/fila/estatisticas","request":{"body":null},"response":{"status":500,"statusText":"Internal Server Error","body":""},"duration":9,"error":null}
[2026-06-29T22:49:46.820Z] {"timestamp":1782773385528,"type":"xhr","method":"GET","url":"/api/notifications/summary","request":{"body":null},"response":{"status":200,"statusText":"OK","body":{"unread":6}},"duration":3,"error":null}
[2026-06-29T22:49:46.820Z] {"timestamp":1782773385532,"type":"xhr","method":"GET","url":"/api/admin/conversas/fila/estatisticas","request":{"body":null},"response":{"status":200,"statusText":"OK","body":{"success":true,"data":{"mensagens_nao_lidas":99}}},"duration":3,"error":null}
[2026-06-29T22:49:47.036Z] {"timestamp":1782773385309,"type":"xhr","method":"GET","url":"/api/notifications/summary","request":{"body":null},"response":{"status":500,"statusText":"Internal Server Error","body":""},"duration":8,"error":null}
[2026-06-29T22:49:47.036Z] {"timestamp":1782773385309,"type":"xhr","method":"GET","url":"/api/admin/conversas/fila/estatisticas","request":{"body":null},"response":{"status":500,"statusText":"Internal Server Error","body":""},"duration":9,"error":null}
[2026-06-29T22:49:47.496Z] {"timestamp":1782773387384,"type":"xhr","method":"GET","url":"/api/admin/conversas/fila/estatisticas","request":{"body":null},"response":{"status":200,"statusText":"OK","body":{"success":true,"data":{"mensagens_nao_lidas":99}}},"duration":4,"error":null}
[2026-06-29T22:49:47.496Z] {"timestamp":1782773387384,"type":"xhr","method":"GET","url":"/api/notifications/summary","request":{"body":null},"response":{"status":200,"statusText":"OK","body":{"unread":6}},"duration":4,"error":null}
[2026-06-29T22:49:52.827Z] {"timestamp":1782773392541,"type":"xhr","method":"GET","url":"/api/notifications/summary","request":{"body":null},"response":{"status":200,"statusText":"OK","body":{"unread":6}},"duration":4,"error":null}
[2026-06-29T22:49:52.827Z] {"timestamp":1782773392542,"type":"xhr","method":"GET","url":"/api/admin/conversas/fila/estatisticas","request":{"body":null},"response":{"status":200,"statusText":"OK","body":{"success":true,"data":{"mensagens_nao_lidas":99}}},"duration":4,"error":null}
[2026-06-29T22:49:55.491Z] {"timestamp":1782773394402,"type":"xhr","method":"GET","url":"/api/admin/conversas/fila/estatisticas","request":{"body":null},"response":{"status":200,"statusText":"OK","body":{"success":true,"data":{"mensagens_nao_lidas":99}}},"duration":4,"error":null}
[2026-06-29T22:49:55.491Z] {"timestamp":1782773394402,"type":"xhr","method":"GET","url":"/api/notifications/summary","request":{"body":null},"response":{"status":200,"statusText":"OK","body":{"unread":6}},"duration":5,"error":null}
[2026-06-29T22:50:00.815Z] {"timestamp":1782773399559,"type":"xhr","method":"GET","url":"/api/notifications/summary","request":{"body":null},"response":{"status":200,"statusText":"OK","body":{"unread":6}},"duration":4,"error":null}
[2026-06-29T22:50:00.815Z] {"timestamp":1782773399560,"type":"xhr","method":"GET","url":"/api/admin/conversas/fila/estatisticas","request":{"body":null},"response":{"status":200,"statusText":"OK","body":{"success":true,"data":{"mensagens_nao_lidas":99}}},"duration":3,"error":null}
[2026-06-29T22:50:01.496Z] {"timestamp":1782773401410,"type":"xhr","method":"GET","url":"/api/admin/conversas/fila/estatisticas","request":{"body":null},"response":{"status":200,"statusText":"OK","body":{"success":true,"data":{"mensagens_nao_lidas":99}}},"duration":10,"error":null}
[2026-06-29T22:50:01.496Z] {"timestamp":1782773401411,"type":"xhr","method":"GET","url":"/api/notifications/summary","request":{"body":null},"response":{"status":200,"statusText":"OK","body":{"unread":6}},"duration":11,"error":null}
[2026-06-29T22:50:04.410Z] {"timestamp":1782773404299,"type":"xhr","method":"GET","url":"/api/dashboard/timeline?per_page=20&category=all","request":{"body":null},"response":{"status":500,"statusText":"Internal Server Error","body":""},"duration":7,"error":null}
[2026-06-29T22:50:05.031Z] {"timestamp":1782773404283,"type":"xhr","method":"GET","url":"/api/dashboard/timeline?per_page=20&category=all","request":{"body":null},"response":{"status":500,"statusText":"Internal Server Error","body":""},"duration":11,"error":null}
[2026-06-29T22:50:06.410Z] {"timestamp":1782773405310,"type":"xhr","method":"GET","url":"/api/dashboard/timeline?per_page=20&category=all","request":{"body":null},"response":{"status":500,"statusText":"Internal Server Error","body":""},"duration":7,"error":null}
[2026-06-29T22:50:06.815Z] {"timestamp":1782773406575,"type":"xhr","method":"GET","url":"/api/notifications/summary","request":{"body":null},"response":{"status":200,"statusText":"OK","body":{"unread":6}},"duration":6,"error":null}
[2026-06-29T22:50:06.815Z] {"timestamp":1782773406576,"type":"xhr","method":"GET","url":"/api/admin/conversas/fila/estatisticas","request":{"body":null},"response":{"status":200,"statusText":"OK","body":{"success":true,"data":{"mensagens_nao_lidas":99}}},"duration":5,"error":null}
[2026-06-29T22:50:07.041Z] {"timestamp":1782773405310,"type":"xhr","method":"GET","url":"/api/dashboard/timeline?per_page=20&category=all","request":{"body":null},"response":{"status":500,"statusText":"Internal Server Error","body":""},"duration":7,"error":null}
[2026-06-29T22:50:08.399Z] {"timestamp":1782773407325,"type":"xhr","method":"GET","url":"/api/dashboard/timeline?per_page=20&category=all","request":{"body":null},"response":{"status":500,"statusText":"Internal Server Error","body":""},"duration":7,"error":null}
[2026-06-29T22:50:09.039Z] {"timestamp":1782773407325,"type":"xhr","method":"GET","url":"/api/dashboard/timeline?per_page=20&category=all","request":{"body":null},"response":{"status":500,"statusText":"Internal Server Error","body":""},"duration":7,"error":null}
[2026-06-29T22:50:09.502Z] {"timestamp":1782773408429,"type":"xhr","method":"GET","url":"/api/admin/conversas/fila/estatisticas","request":{"body":null},"response":{"status":200,"statusText":"OK","body":{"success":true,"data":{"mensagens_nao_lidas":99}}},"duration":6,"error":null}
[2026-06-29T22:50:09.502Z] {"timestamp":1782773408430,"type":"xhr","method":"GET","url":"/api/notifications/summary","request":{"body":null},"response":{"status":200,"statusText":"OK","body":{"unread":6}},"duration":5,"error":null}
[2026-06-29T22:50:12.405Z] {"timestamp":1782773411343,"type":"xhr","method":"GET","url":"/api/dashboard/timeline?per_page=20&category=all","request":{"body":null},"response":{"status":500,"statusText":"Internal Server Error","body":""},"duration":7,"error":null}
[2026-06-29T22:50:13.032Z] {"timestamp":1782773411343,"type":"xhr","method":"GET","url":"/api/dashboard/timeline?per_page=20&category=all","request":{"body":null},"response":{"status":500,"statusText":"Internal Server Error","body":""},"duration":7,"error":null}
[2026-06-29T22:50:14.829Z] {"timestamp":1782773413592,"type":"xhr","method":"GET","url":"/api/notifications/summary","request":{"body":null},"response":{"status":200,"statusText":"OK","body":{"unread":6}},"duration":3,"error":null}
[2026-06-29T22:50:14.829Z] {"timestamp":1782773413592,"type":"xhr","method":"GET","url":"/api/admin/conversas/fila/estatisticas","request":{"body":null},"response":{"status":200,"statusText":"OK","body":{"success":true,"data":{"mensagens_nao_lidas":99}}},"duration":5,"error":null}
[2026-06-29T22:50:15.495Z] {"timestamp":1782773415439,"type":"xhr","method":"GET","url":"/api/admin/conversas/fila/estatisticas","request":{"body":null},"response":{"status":200,"statusText":"OK","body":{"success":true,"data":{"mensagens_nao_lidas":99}}},"duration":7,"error":null}
[2026-06-29T22:50:15.495Z] {"timestamp":1782773415440,"type":"xhr","method":"GET","url":"/api/notifications/summary","request":{"body":null},"response":{"status":200,"statusText":"OK","body":{"unread":6}},"duration":7,"error":null}
[2026-06-29T22:50:20.813Z] {"timestamp":1782773420607,"type":"xhr","method":"GET","url":"/api/notifications/summary","request":{"body":null},"response":{"status":200,"statusText":"OK","body":{"unread":6}},"duration":6,"error":null}
[2026-06-29T22:50:20.813Z] {"timestamp":1782773420608,"type":"xhr","method":"GET","url":"/api/admin/conversas/fila/estatisticas","request":{"body":null},"response":{"status":200,"statusText":"OK","body":{"success":true,"data":{"mensagens_nao_lidas":99}}},"duration":5,"error":null}
[2026-06-29T22:50:23.488Z] {"timestamp":1782773422460,"type":"xhr","method":"GET","url":"/api/admin/conversas/fila/estatisticas","request":{"body":null},"response":{"status":200,"statusText":"OK","body":{"success":true,"data":{"mensagens_nao_lidas":99}}},"duration":5,"error":null}
[2026-06-29T22:50:23.488Z] {"timestamp":1782773422460,"type":"xhr","method":"GET","url":"/api/notifications/summary","request":{"body":null},"response":{"status":200,"statusText":"OK","body":{"unread":6}},"duration":6,"error":null}
[2026-06-29T22:50:28.824Z] {"timestamp":1782773427619,"type":"xhr","method":"GET","url":"/api/notifications/summary","request":{"body":null},"response":{"status":200,"statusText":"OK","body":{"unread":6}},"duration":4,"error":null}
[2026-06-29T22:50:28.824Z] {"timestamp":1782773427620,"type":"xhr","method":"GET","url":"/api/admin/conversas/fila/estatisticas","request":{"body":null},"response":{"status":200,"statusText":"OK","body":{"success":true,"data":{"mensagens_nao_lidas":99}}},"duration":4,"error":null}
[2026-06-29T22:50:29.497Z] {"timestamp":1782773429480,"type":"xhr","method":"GET","url":"/api/admin/conversas/fila/estatisticas","request":{"body":null},"response":{"status":200,"statusText":"OK","body":{"success":true,"data":{"mensagens_nao_lidas":99}}},"duration":3,"error":null}
[2026-06-29T22:50:29.497Z] {"timestamp":1782773429480,"type":"xhr","method":"GET","url":"/api/notifications/summary","request":{"body":null},"response":{"status":200,"statusText":"OK","body":{"unread":6}},"duration":4,"error":null}
[2026-06-29T22:50:34.818Z] {"timestamp":1782773434639,"type":"xhr","method":"GET","url":"/api/notifications/summary","request":{"body":null},"response":{"status":200,"statusText":"OK","body":{"unread":6}},"duration":6,"error":null}
[2026-06-29T22:50:34.818Z] {"timestamp":1782773434640,"type":"xhr","method":"GET","url":"/api/admin/conversas/fila/estatisticas","request":{"body":null},"response":{"status":200,"statusText":"OK","body":{"success":true,"data":{"mensagens_nao_lidas":99}}},"duration":5,"error":null}
[2026-06-29T22:50:37.492Z] {"timestamp":1782773436486,"type":"xhr","method":"GET","url":"/api/admin/conversas/fila/estatisticas","request":{"body":null},"response":{"status":200,"statusText":"OK","body":{"success":true,"data":{"mensagens_nao_lidas":99}}},"duration":4,"error":null}
[2026-06-29T22:50:37.492Z] {"timestamp":1782773436487,"type":"xhr","method":"GET","url":"/api/notifications/summary","request":{"body":null},"response":{"status":200,"statusText":"OK","body":{"unread":6}},"duration":3,"error":null}
[2026-06-29T22:50:42.826Z] {"timestamp":1782773441660,"type":"xhr","method":"GET","url":"/api/notifications/summary","request":{"body":null},"response":{"status":200,"statusText":"OK","body":{"unread":6}},"duration":7,"error":null}
[2026-06-29T22:50:42.826Z] {"timestamp":1782773441661,"type":"xhr","method":"GET","url":"/api/admin/conversas/fila/estatisticas","request":{"body":null},"response":{"status":200,"statusText":"OK","body":{"success":true,"data":{"mensagens_nao_lidas":99}}},"duration":6,"error":null}
[2026-06-29T22:50:45.494Z] {"timestamp":1782773443504,"type":"xhr","method":"GET","url":"/api/notifications/summary","request":{"body":null},"response":{"status":200,"statusText":"OK","body":{"unread":6}},"duration":4,"error":null}
[2026-06-29T22:50:45.494Z] {"timestamp":1782773443504,"type":"xhr","method":"GET","url":"/api/admin/conversas/fila/estatisticas","request":{"body":null},"response":{"status":200,"statusText":"OK","body":{"success":true,"data":{"mensagens_nao_lidas":99}}},"duration":4,"error":null}
[2026-06-29T22:50:46.405Z] {"timestamp":1782773445292,"type":"xhr","method":"GET","url":"/api/notifications/summary","request":{"body":null},"response":{"status":500,"statusText":"Internal Server Error","body":""},"duration":9,"error":null}
[2026-06-29T22:50:46.405Z] {"timestamp":1782773445292,"type":"xhr","method":"GET","url":"/api/admin/conversas/fila/estatisticas","request":{"body":null},"response":{"status":500,"statusText":"Internal Server Error","body":""},"duration":9,"error":null}
[2026-06-29T22:50:47.041Z] {"timestamp":1782773445323,"type":"xhr","method":"GET","url":"/api/notifications/summary","request":{"body":null},"response":{"status":500,"statusText":"Internal Server Error","body":""},"duration":8,"error":null}
[2026-06-29T22:50:47.041Z] {"timestamp":1782773445324,"type":"xhr","method":"GET","url":"/api/admin/conversas/fila/estatisticas","request":{"body":null},"response":{"status":500,"statusText":"Internal Server Error","body":""},"duration":7,"error":null}
[2026-06-29T22:50:48.820Z] {"timestamp":1782773448672,"type":"xhr","method":"GET","url":"/api/notifications/summary","request":{"body":null},"response":{"status":200,"statusText":"OK","body":{"unread":6}},"duration":3,"error":null}
[2026-06-29T22:50:48.820Z] {"timestamp":1782773448672,"type":"xhr","method":"GET","url":"/api/admin/conversas/fila/estatisticas","request":{"body":null},"response":{"status":200,"statusText":"OK","body":{"success":true,"data":{"mensagens_nao_lidas":99}}},"duration":4,"error":null}
[2026-06-29T22:50:51.493Z] {"timestamp":1782773450524,"type":"xhr","method":"GET","url":"/api/notifications/summary","request":{"body":null},"response":{"status":200,"statusText":"OK","body":{"unread":6}},"duration":4,"error":null}
[2026-06-29T22:50:51.493Z] {"timestamp":1782773450524,"type":"xhr","method":"GET","url":"/api/admin/conversas/fila/estatisticas","request":{"body":null},"response":{"status":200,"statusText":"OK","body":{"success":true,"data":{"mensagens_nao_lidas":99}}},"duration":4,"error":null}
[2026-06-29T22:50:56.822Z] {"timestamp":1782773455691,"type":"xhr","method":"GET","url":"/api/notifications/summary","request":{"body":null},"response":{"status":200,"statusText":"OK","body":{"unread":6}},"duration":3,"error":null}
[2026-06-29T22:50:56.822Z] {"timestamp":1782773455691,"type":"xhr","method":"GET","url":"/api/admin/conversas/fila/estatisticas","request":{"body":null},"response":{"status":200,"statusText":"OK","body":{"success":true,"data":{"mensagens_nao_lidas":99}}},"duration":4,"error":null}
[2026-06-29T22:50:59.493Z] {"timestamp":1782773457535,"type":"xhr","method":"GET","url":"/api/notifications/summary","request":{"body":null},"response":{"status":200,"statusText":"OK","body":{"unread":6}},"duration":4,"error":null}
[2026-06-29T22:50:59.493Z] {"timestamp":1782773457535,"type":"xhr","method":"GET","url":"/api/admin/conversas/fila/estatisticas","request":{"body":null},"response":{"status":200,"statusText":"OK","body":{"success":true,"data":{"mensagens_nao_lidas":99}}},"duration":4,"error":null}
[2026-06-29T22:51:02.822Z] {"timestamp":1782773462698,"type":"xhr","method":"GET","url":"/api/notifications/summary","request":{"body":null},"response":{"status":200,"statusText":"OK","body":{"unread":6}},"duration":3,"error":null}
[2026-06-29T22:51:02.822Z] {"timestamp":1782773462699,"type":"xhr","method":"GET","url":"/api/admin/conversas/fila/estatisticas","request":{"body":null},"response":{"status":200,"statusText":"OK","body":{"success":true,"data":{"mensagens_nao_lidas":99}}},"duration":3,"error":null}
[2026-06-29T22:51:05.495Z] {"timestamp":1782773464545,"type":"xhr","method":"GET","url":"/api/notifications/summary","request":{"body":null},"response":{"status":200,"statusText":"OK","body":{"unread":6}},"duration":3,"error":null}
[2026-06-29T22:51:05.495Z] {"timestamp":1782773464545,"type":"xhr","method":"GET","url":"/api/admin/conversas/fila/estatisticas","request":{"body":null},"response":{"status":200,"statusText":"OK","body":{"success":true,"data":{"mensagens_nao_lidas":99}}},"duration":4,"error":null}
[2026-06-29T22:51:10.817Z] {"timestamp":1782773469710,"type":"xhr","method":"GET","url":"/api/notifications/summary","request":{"body":null},"response":{"status":200,"statusText":"OK","body":{"unread":6}},"duration":4,"error":null}
[2026-06-29T22:51:10.817Z] {"timestamp":1782773469711,"type":"xhr","method":"GET","url":"/api/admin/conversas/fila/estatisticas","request":{"body":null},"response":{"status":200,"statusText":"OK","body":{"success":true,"data":{"mensagens_nao_lidas":99}}},"duration":4,"error":null}
[2026-06-29T22:51:12.399Z] {"timestamp":1782773471359,"type":"xhr","method":"GET","url":"/api/dashboard/timeline?per_page=20&category=all","request":{"body":null},"response":{"status":500,"statusText":"Internal Server Error","body":""},"duration":19,"error":null}
[2026-06-29T22:51:12.399Z] {"timestamp":1782773472383,"type":"xhr","method":"GET","url":"/api/dashboard/timeline?per_page=20&category=all","request":{"body":null},"response":{"status":500,"statusText":"Internal Server Error","body":""},"duration":7,"error":null}
[2026-06-29T22:51:13.041Z] {"timestamp":1782773471359,"type":"xhr","method":"GET","url":"/api/dashboard/timeline?per_page=20&category=all","request":{"body":null},"response":{"status":500,"statusText":"Internal Server Error","body":""},"duration":18,"error":null}
[2026-06-29T22:51:13.041Z] {"timestamp":1782773472383,"type":"xhr","method":"GET","url":"/api/dashboard/timeline?per_page=20&category=all","request":{"body":null},"response":{"status":500,"statusText":"Internal Server Error","body":""},"duration":7,"error":null}
[2026-06-29T22:51:13.490Z] {"timestamp":1782773471554,"type":"xhr","method":"GET","url":"/api/notifications/summary","request":{"body":null},"response":{"status":200,"statusText":"OK","body":{"unread":6}},"duration":3,"error":null}
[2026-06-29T22:51:13.490Z] {"timestamp":1782773471554,"type":"xhr","method":"GET","url":"/api/admin/conversas/fila/estatisticas","request":{"body":null},"response":{"status":200,"statusText":"OK","body":{"success":true,"data":{"mensagens_nao_lidas":99}}},"duration":4,"error":null}
[2026-06-29T22:51:15.034Z] {"timestamp":1782773474401,"type":"xhr","method":"GET","url":"/api/dashboard/timeline?per_page=20&category=all","request":{"body":null},"response":{"status":500,"statusText":"Internal Server Error","body":""},"duration":8,"error":null}
[2026-06-29T22:51:16.400Z] {"timestamp":1782773474401,"type":"xhr","method":"GET","url":"/api/dashboard/timeline?per_page=20&category=all","request":{"body":null},"response":{"status":500,"statusText":"Internal Server Error","body":""},"duration":7,"error":null}
[2026-06-29T22:51:16.821Z] {"timestamp":1782773476725,"type":"xhr","method":"GET","url":"/api/notifications/summary","request":{"body":null},"response":{"status":200,"statusText":"OK","body":{"unread":6}},"duration":4,"error":null}
[2026-06-29T22:51:16.821Z] {"timestamp":1782773476725,"type":"xhr","method":"GET","url":"/api/admin/conversas/fila/estatisticas","request":{"body":null},"response":{"status":200,"statusText":"OK","body":{"success":true,"data":{"mensagens_nao_lidas":99}}},"duration":4,"error":null}
[2026-06-29T22:51:19.034Z] {"timestamp":1782773478412,"type":"xhr","method":"GET","url":"/api/dashboard/timeline?per_page=20&category=all","request":{"body":null},"response":{"status":500,"statusText":"Internal Server Error","body":""},"duration":8,"error":null}
[2026-06-29T22:51:19.490Z] {"timestamp":1782773478567,"type":"xhr","method":"GET","url":"/api/admin/conversas/fila/estatisticas","request":{"body":null},"response":{"status":200,"statusText":"OK","body":{"success":true,"data":{"mensagens_nao_lidas":99}}},"duration":5,"error":null}
[2026-06-29T22:51:19.490Z] {"timestamp":1782773478567,"type":"xhr","method":"GET","url":"/api/notifications/summary","request":{"body":null},"response":{"status":200,"statusText":"OK","body":{"unread":6}},"duration":5,"error":null}
[2026-06-29T22:51:20.409Z] {"timestamp":1782773478412,"type":"xhr","method":"GET","url":"/api/dashboard/timeline?per_page=20&category=all","request":{"body":null},"response":{"status":500,"statusText":"Internal Server Error","body":""},"duration":8,"error":null}
[2026-06-29T22:51:24.824Z] {"timestamp":1782773483730,"type":"xhr","method":"GET","url":"/api/notifications/summary","request":{"body":null},"response":{"status":200,"statusText":"OK","body":{"unread":6}},"duration":4,"error":null}
[2026-06-29T22:51:24.824Z] {"timestamp":1782773483731,"type":"xhr","method":"GET","url":"/api/admin/conversas/fila/estatisticas","request":{"body":null},"response":{"status":200,"statusText":"OK","body":{"success":true,"data":{"mensagens_nao_lidas":99}}},"duration":3,"error":null}
[2026-06-29T22:51:27.497Z] {"timestamp":1782773485586,"type":"xhr","method":"GET","url":"/api/admin/conversas/fila/estatisticas","request":{"body":null},"response":{"status":200,"statusText":"OK","body":{"success":true,"data":{"mensagens_nao_lidas":99}}},"duration":5,"error":null}
[2026-06-29T22:51:27.497Z] {"timestamp":1782773485586,"type":"xhr","method":"GET","url":"/api/notifications/summary","request":{"body":null},"response":{"status":200,"statusText":"OK","body":{"unread":6}},"duration":5,"error":null}
[2026-06-29T22:51:30.823Z] {"timestamp":1782773490747,"type":"xhr","method":"GET","url":"/api/notifications/summary","request":{"body":null},"response":{"status":200,"statusText":"OK","body":{"unread":6}},"duration":4,"error":null}
[2026-06-29T22:51:30.823Z] {"timestamp":1782773490747,"type":"xhr","method":"GET","url":"/api/admin/conversas/fila/estatisticas","request":{"body":null},"response":{"status":200,"statusText":"OK","body":{"success":true,"data":{"mensagens_nao_lidas":99}}},"duration":4,"error":null}
[2026-06-29T22:51:33.494Z] {"timestamp":1782773492606,"type":"xhr","method":"GET","url":"/api/admin/conversas/fila/estatisticas","request":{"body":null},"response":{"status":200,"statusText":"OK","body":{"success":true,"data":{"mensagens_nao_lidas":99}}},"duration":8,"error":null}
[2026-06-29T22:51:33.494Z] {"timestamp":1782773492607,"type":"xhr","method":"GET","url":"/api/notifications/summary","request":{"body":null},"response":{"status":200,"statusText":"OK","body":{"unread":6}},"duration":8,"error":null}
[2026-06-29T22:51:38.818Z] {"timestamp":1782773497762,"type":"xhr","method":"GET","url":"/api/notifications/summary","request":{"body":null},"response":{"status":200,"statusText":"OK","body":{"unread":6}},"duration":4,"error":null}
[2026-06-29T22:51:38.818Z] {"timestamp":1782773497763,"type":"xhr","method":"GET","url":"/api/admin/conversas/fila/estatisticas","request":{"body":null},"response":{"status":200,"statusText":"OK","body":{"success":true,"data":{"mensagens_nao_lidas":99}}},"duration":4,"error":null}
[2026-06-29T22:51:41.491Z] {"timestamp":1782773499624,"type":"xhr","method":"GET","url":"/api/admin/conversas/fila/estatisticas","request":{"body":null},"response":{"status":200,"statusText":"OK","body":{"success":true,"data":{"mensagens_nao_lidas":99}}},"duration":9,"error":null}
[2026-06-29T22:51:41.491Z] {"timestamp":1782773499625,"type":"xhr","method":"GET","url":"/api/notifications/summary","request":{"body":null},"response":{"status":200,"statusText":"OK","body":{"unread":6}},"duration":9,"error":null}
[2026-06-29T22:51:44.819Z] {"timestamp":1782773504770,"type":"xhr","method":"GET","url":"/api/notifications/summary","request":{"body":null},"response":{"status":200,"statusText":"OK","body":{"unread":6}},"duration":5,"error":null}
[2026-06-29T22:51:44.819Z] {"timestamp":1782773504771,"type":"xhr","method":"GET","url":"/api/admin/conversas/fila/estatisticas","request":{"body":null},"response":{"status":200,"statusText":"OK","body":{"success":true,"data":{"mensagens_nao_lidas":99}}},"duration":5,"error":null}
[2026-06-29T22:51:46.410Z] {"timestamp":1782773505313,"type":"xhr","method":"GET","url":"/api/notifications/summary","request":{"body":null},"response":{"status":500,"statusText":"Internal Server Error","body":""},"duration":11,"error":null}
[2026-06-29T22:51:46.410Z] {"timestamp":1782773505314,"type":"xhr","method":"GET","url":"/api/admin/conversas/fila/estatisticas","request":{"body":null},"response":{"status":500,"statusText":"Internal Server Error","body":""},"duration":10,"error":null}
[2026-06-29T22:51:47.036Z] {"timestamp":1782773505344,"type":"xhr","method":"GET","url":"/api/notifications/summary","request":{"body":null},"response":{"status":500,"statusText":"Internal Server Error","body":""},"duration":8,"error":null}
[2026-06-29T22:51:47.036Z] {"timestamp":1782773505344,"type":"xhr","method":"GET","url":"/api/admin/conversas/fila/estatisticas","request":{"body":null},"response":{"status":500,"statusText":"Internal Server Error","body":""},"duration":8,"error":null}
[2026-06-29T22:51:47.496Z] {"timestamp":1782773506643,"type":"xhr","method":"GET","url":"/api/admin/conversas/fila/estatisticas","request":{"body":null},"response":{"status":200,"statusText":"OK","body":{"success":true,"data":{"mensagens_nao_lidas":99}}},"duration":3,"error":null}
[2026-06-29T22:51:47.496Z] {"timestamp":1782773506643,"type":"xhr","method":"GET","url":"/api/notifications/summary","request":{"body":null},"response":{"status":200,"statusText":"OK","body":{"unread":6}},"duration":4,"error":null}
[2026-06-29T22:51:52.828Z] {"timestamp":1782773511776,"type":"xhr","method":"GET","url":"/api/notifications/summary","request":{"body":null},"response":{"status":200,"statusText":"OK","body":{"unread":6}},"duration":5,"error":null}
[2026-06-29T22:51:52.829Z] {"timestamp":1782773511777,"type":"xhr","method":"GET","url":"/api/admin/conversas/fila/estatisticas","request":{"body":null},"response":{"status":200,"statusText":"OK","body":{"success":true,"data":{"mensagens_nao_lidas":99}}},"duration":5,"error":null}
[2026-06-29T22:51:55.489Z] {"timestamp":1782773513647,"type":"xhr","method":"GET","url":"/api/admin/conversas/fila/estatisticas","request":{"body":null},"response":{"status":200,"statusText":"OK","body":{"success":true,"data":{"mensagens_nao_lidas":99}}},"duration":3,"error":null}
[2026-06-29T22:51:55.489Z] {"timestamp":1782773513647,"type":"xhr","method":"GET","url":"/api/notifications/summary","request":{"body":null},"response":{"status":200,"statusText":"OK","body":{"unread":6}},"duration":3,"error":null}
[2026-06-29T22:51:58.816Z] {"timestamp":1782773518783,"type":"xhr","method":"GET","url":"/api/notifications/summary","request":{"body":null},"response":{"status":200,"statusText":"OK","body":{"unread":6}},"duration":4,"error":null}
[2026-06-29T22:51:58.816Z] {"timestamp":1782773518784,"type":"xhr","method":"GET","url":"/api/admin/conversas/fila/estatisticas","request":{"body":null},"response":{"status":200,"statusText":"OK","body":{"success":true,"data":{"mensagens_nao_lidas":99}}},"duration":3,"error":null}
[2026-06-29T22:52:01.490Z] {"timestamp":1782773520657,"type":"xhr","method":"GET","url":"/api/admin/conversas/fila/estatisticas","request":{"body":null},"response":{"status":200,"statusText":"OK","body":{"success":true,"data":{"mensagens_nao_lidas":99}}},"duration":4,"error":null}
[2026-06-29T22:52:01.490Z] {"timestamp":1782773520658,"type":"xhr","method":"GET","url":"/api/notifications/summary","request":{"body":null},"response":{"status":200,"statusText":"OK","body":{"unread":6}},"duration":4,"error":null}
[2026-06-29T22:52:06.815Z] {"timestamp":1782773525801,"type":"xhr","method":"GET","url":"/api/notifications/summary","request":{"body":null},"response":{"status":200,"statusText":"OK","body":{"unread":6}},"duration":5,"error":null}
[2026-06-29T22:52:06.815Z] {"timestamp":1782773525802,"type":"xhr","method":"GET","url":"/api/admin/conversas/fila/estatisticas","request":{"body":null},"response":{"status":200,"statusText":"OK","body":{"success":true,"data":{"mensagens_nao_lidas":99}}},"duration":4,"error":null}
[2026-06-29T22:52:09.500Z] {"timestamp":1782773527663,"type":"xhr","method":"GET","url":"/api/admin/conversas/fila/estatisticas","request":{"body":null},"response":{"status":200,"statusText":"OK","body":{"success":true,"data":{"mensagens_nao_lidas":99}}},"duration":4,"error":null}
[2026-06-29T22:52:09.500Z] {"timestamp":1782773527664,"type":"xhr","method":"GET","url":"/api/notifications/summary","request":{"body":null},"response":{"status":200,"statusText":"OK","body":{"unread":6}},"duration":4,"error":null}
[2026-06-29T22:52:14.816Z] {"timestamp":1782773532820,"type":"xhr","method":"GET","url":"/api/notifications/summary","request":{"body":null},"response":{"status":200,"statusText":"OK","body":{"unread":6}},"duration":4,"error":null}
[2026-06-29T22:52:14.816Z] {"timestamp":1782773532821,"type":"xhr","method":"GET","url":"/api/admin/conversas/fila/estatisticas","request":{"body":null},"response":{"status":200,"statusText":"OK","body":{"success":true,"data":{"mensagens_nao_lidas":99}}},"duration":4,"error":null}
[2026-06-29T22:52:15.501Z] {"timestamp":1782773534673,"type":"xhr","method":"GET","url":"/api/admin/conversas/fila/estatisticas","request":{"body":null},"response":{"status":200,"statusText":"OK","body":{"success":true,"data":{"mensagens_nao_lidas":99}}},"duration":4,"error":null}
[2026-06-29T22:52:15.501Z] {"timestamp":1782773534674,"type":"xhr","method":"GET","url":"/api/notifications/summary","request":{"body":null},"response":{"status":200,"statusText":"OK","body":{"unread":6}},"duration":4,"error":null}
[2026-06-29T22:52:19.036Z] {"timestamp":1782773538422,"type":"xhr","method":"GET","url":"/api/dashboard/timeline?per_page=20&category=all","request":{"body":null},"response":{"status":500,"statusText":"Internal Server Error","body":""},"duration":34,"error":null}
[2026-06-29T22:52:20.398Z] {"timestamp":1782773538422,"type":"xhr","method":"GET","url":"/api/dashboard/timeline?per_page=20&category=all","request":{"body":null},"response":{"status":500,"statusText":"Internal Server Error","body":""},"duration":37,"error":null}
[2026-06-29T22:52:20.399Z] {"timestamp":1782773539471,"type":"xhr","method":"GET","url":"/api/dashboard/timeline?per_page=20&category=all","request":{"body":null},"response":{"status":500,"statusText":"Internal Server Error","body":""},"duration":7,"error":null}
[2026-06-29T22:52:20.823Z] {"timestamp":1782773539830,"type":"xhr","method":"GET","url":"/api/notifications/summary","request":{"body":null},"response":{"status":200,"statusText":"OK","body":{"unread":6}},"duration":4,"error":null}
[2026-06-29T22:52:20.823Z] {"timestamp":1782773539831,"type":"xhr","method":"GET","url":"/api/admin/conversas/fila/estatisticas","request":{"body":null},"response":{"status":200,"statusText":"OK","body":{"success":true,"data":{"mensagens_nao_lidas":99}}},"duration":5,"error":null}
[2026-06-29T22:52:21.038Z] {"timestamp":1782773539471,"type":"xhr","method":"GET","url":"/api/dashboard/timeline?per_page=20&category=all","request":{"body":null},"response":{"status":500,"statusText":"Internal Server Error","body":""},"duration":7,"error":null}
[2026-06-29T22:52:22.399Z] {"timestamp":1782773541489,"type":"xhr","method":"GET","url":"/api/dashboard/timeline?per_page=20&category=all","request":{"body":null},"response":{"status":500,"statusText":"Internal Server Error","body":""},"duration":7,"error":null}
[2026-06-29T22:52:23.044Z] {"timestamp":1782773541489,"type":"xhr","method":"GET","url":"/api/dashboard/timeline?per_page=20&category=all","request":{"body":null},"response":{"status":500,"statusText":"Internal Server Error","body":""},"duration":7,"error":null}
[2026-06-29T22:52:23.500Z] {"timestamp":1782773541681,"type":"xhr","method":"GET","url":"/api/admin/conversas/fila/estatisticas","request":{"body":null},"response":{"status":200,"statusText":"OK","body":{"success":true,"data":{"mensagens_nao_lidas":99}}},"duration":4,"error":null}
[2026-06-29T22:52:23.500Z] {"timestamp":1782773541681,"type":"xhr","method":"GET","url":"/api/notifications/summary","request":{"body":null},"response":{"status":200,"statusText":"OK","body":{"unread":6}},"duration":5,"error":null}
[2026-06-29T22:52:26.405Z] {"timestamp":1782773545506,"type":"xhr","method":"GET","url":"/api/dashboard/timeline?per_page=20&category=all","request":{"body":null},"response":{"status":500,"statusText":"Internal Server Error","body":""},"duration":8,"error":null}
[2026-06-29T22:52:27.044Z] {"timestamp":1782773545506,"type":"xhr","method":"GET","url":"/api/dashboard/timeline?per_page=20&category=all","request":{"body":null},"response":{"status":500,"statusText":"Internal Server Error","body":""},"duration":7,"error":null}
[2026-06-29T22:52:28.821Z] {"timestamp":1782773546840,"type":"xhr","method":"GET","url":"/api/notifications/summary","request":{"body":null},"response":{"status":200,"statusText":"OK","body":{"unread":6}},"duration":5,"error":null}
[2026-06-29T22:52:28.821Z] {"timestamp":1782773546840,"type":"xhr","method":"GET","url":"/api/admin/conversas/fila/estatisticas","request":{"body":null},"response":{"status":200,"statusText":"OK","body":{"success":true,"data":{"mensagens_nao_lidas":99}}},"duration":6,"error":null}
[2026-06-29T22:52:29.502Z] {"timestamp":1782773548693,"type":"xhr","method":"GET","url":"/api/admin/conversas/fila/estatisticas","request":{"body":null},"response":{"status":200,"statusText":"OK","body":{"success":true,"data":{"mensagens_nao_lidas":99}}},"duration":4,"error":null}
[2026-06-29T22:52:29.502Z] {"timestamp":1782773548693,"type":"xhr","method":"GET","url":"/api/notifications/summary","request":{"body":null},"response":{"status":200,"statusText":"OK","body":{"unread":6}},"duration":4,"error":null}
[2026-06-29T22:52:34.813Z] {"timestamp":1782773553853,"type":"xhr","method":"GET","url":"/api/notifications/summary","request":{"body":null},"response":{"status":200,"statusText":"OK","body":{"unread":6}},"duration":4,"error":null}
[2026-06-29T22:52:34.813Z] {"timestamp":1782773553853,"type":"xhr","method":"GET","url":"/api/admin/conversas/fila/estatisticas","request":{"body":null},"response":{"status":200,"statusText":"OK","body":{"success":true,"data":{"mensagens_nao_lidas":99}}},"duration":4,"error":null}
[2026-06-29T22:52:37.492Z] {"timestamp":1782773555699,"type":"xhr","method":"GET","url":"/api/admin/conversas/fila/estatisticas","request":{"body":null},"response":{"status":200,"statusText":"OK","body":{"success":true,"data":{"mensagens_nao_lidas":99}}},"duration":4,"error":null}
[2026-06-29T22:52:37.492Z] {"timestamp":1782773555700,"type":"xhr","method":"GET","url":"/api/notifications/summary","request":{"body":null},"response":{"status":200,"statusText":"OK","body":{"unread":6}},"duration":3,"error":null}
[2026-06-29T22:52:42.823Z] {"timestamp":1782773560866,"type":"xhr","method":"GET","url":"/api/notifications/summary","request":{"body":null},"response":{"status":200,"statusText":"OK","body":{"unread":6}},"duration":4,"error":null}
[2026-06-29T22:52:42.823Z] {"timestamp":1782773560867,"type":"xhr","method":"GET","url":"/api/admin/conversas/fila/estatisticas","request":{"body":null},"response":{"status":200,"statusText":"OK","body":{"success":true,"data":{"mensagens_nao_lidas":99}}},"duration":5,"error":null}
[2026-06-29T22:52:43.490Z] {"timestamp":1782773562719,"type":"xhr","method":"GET","url":"/api/admin/conversas/fila/estatisticas","request":{"body":null},"response":{"status":200,"statusText":"OK","body":{"success":true,"data":{"mensagens_nao_lidas":99}}},"duration":4,"error":null}
[2026-06-29T22:52:43.490Z] {"timestamp":1782773562719,"type":"xhr","method":"GET","url":"/api/notifications/summary","request":{"body":null},"response":{"status":200,"statusText":"OK","body":{"unread":6}},"duration":4,"error":null}
[2026-06-29T22:52:46.405Z] {"timestamp":1782773565337,"type":"xhr","method":"GET","url":"/api/notifications/summary","request":{"body":null},"response":{"status":500,"statusText":"Internal Server Error","body":""},"duration":9,"error":null}
[2026-06-29T22:52:46.405Z] {"timestamp":1782773565338,"type":"xhr","method":"GET","url":"/api/admin/conversas/fila/estatisticas","request":{"body":null},"response":{"status":500,"statusText":"Internal Server Error","body":""},"duration":8,"error":null}
[2026-06-29T22:52:47.036Z] {"timestamp":1782773565368,"type":"xhr","method":"GET","url":"/api/notifications/summary","request":{"body":null},"response":{"status":500,"statusText":"Internal Server Error","body":""},"duration":9,"error":null}
[2026-06-29T22:52:47.036Z] {"timestamp":1782773565369,"type":"xhr","method":"GET","url":"/api/admin/conversas/fila/estatisticas","request":{"body":null},"response":{"status":500,"statusText":"Internal Server Error","body":""},"duration":9,"error":null}
[2026-06-29T22:52:48.822Z] {"timestamp":1782773567883,"type":"xhr","method":"GET","url":"/api/notifications/summary","request":{"body":null},"response":{"status":200,"statusText":"OK","body":{"unread":6}},"duration":4,"error":null}
[2026-06-29T22:52:48.822Z] {"timestamp":1782773567883,"type":"xhr","method":"GET","url":"/api/admin/conversas/fila/estatisticas","request":{"body":null},"response":{"status":200,"statusText":"OK","body":{"success":true,"data":{"mensagens_nao_lidas":99}}},"duration":4,"error":null}
[2026-06-29T22:52:51.498Z] {"timestamp":1782773569737,"type":"xhr","method":"GET","url":"/api/admin/conversas/fila/estatisticas","request":{"body":null},"response":{"status":200,"statusText":"OK","body":{"success":true,"data":{"mensagens_nao_lidas":99}}},"duration":4,"error":null}
[2026-06-29T22:52:51.498Z] {"timestamp":1782773569738,"type":"xhr","method":"GET","url":"/api/notifications/summary","request":{"body":null},"response":{"status":200,"statusText":"OK","body":{"unread":6}},"duration":3,"error":null}
[2026-06-29T22:52:56.823Z] {"timestamp":1782773574888,"type":"xhr","method":"GET","url":"/api/admin/conversas/fila/estatisticas","request":{"body":null},"response":{"status":200,"statusText":"OK","body":{"success":true,"data":{"mensagens_nao_lidas":99}}},"duration":4,"error":null}
[2026-06-29T22:52:56.823Z] {"timestamp":1782773574888,"type":"xhr","method":"GET","url":"/api/notifications/summary","request":{"body":null},"response":{"status":200,"statusText":"OK","body":{"unread":6}},"duration":4,"error":null}
[2026-06-29T22:52:57.488Z] {"timestamp":1782773576754,"type":"xhr","method":"GET","url":"/api/admin/conversas/fila/estatisticas","request":{"body":null},"response":{"status":200,"statusText":"OK","body":{"success":true,"data":{"mensagens_nao_lidas":99}}},"duration":4,"error":null}
[2026-06-29T22:52:57.488Z] {"timestamp":1782773576755,"type":"xhr","method":"GET","url":"/api/notifications/summary","request":{"body":null},"response":{"status":200,"statusText":"OK","body":{"unread":6}},"duration":4,"error":null}
[2026-06-29T22:53:02.822Z] {"timestamp":1782773581907,"type":"xhr","method":"GET","url":"/api/admin/conversas/fila/estatisticas","request":{"body":null},"response":{"status":200,"statusText":"OK","body":{"success":true,"data":{"mensagens_nao_lidas":99}}},"duration":4,"error":null}
[2026-06-29T22:53:02.823Z] {"timestamp":1782773581908,"type":"xhr","method":"GET","url":"/api/notifications/summary","request":{"body":null},"response":{"status":200,"statusText":"OK","body":{"unread":6}},"duration":3,"error":null}
[2026-06-29T22:53:05.491Z] {"timestamp":1782773583767,"type":"xhr","method":"GET","url":"/api/admin/conversas/fila/estatisticas","request":{"body":null},"response":{"status":200,"statusText":"OK","body":{"success":true,"data":{"mensagens_nao_lidas":99}}},"duration":4,"error":null}
[2026-06-29T22:53:05.491Z] {"timestamp":1782773583767,"type":"xhr","method":"GET","url":"/api/notifications/summary","request":{"body":null},"response":{"status":200,"statusText":"OK","body":{"unread":6}},"duration":4,"error":null}
[2026-06-29T22:53:10.820Z] {"timestamp":1782773588925,"type":"xhr","method":"GET","url":"/api/notifications/summary","request":{"body":null},"response":{"status":200,"statusText":"OK","body":{"unread":6}},"duration":3,"error":null}
[2026-06-29T22:53:10.820Z] {"timestamp":1782773588924,"type":"xhr","method":"GET","url":"/api/admin/conversas/fila/estatisticas","request":{"body":null},"response":{"status":200,"statusText":"OK","body":{"success":true,"data":{"mensagens_nao_lidas":99}}},"duration":5,"error":null}
[2026-06-29T22:53:11.501Z] {"timestamp":1782773590785,"type":"xhr","method":"GET","url":"/api/admin/conversas/fila/estatisticas","request":{"body":null},"response":{"status":200,"statusText":"OK","body":{"success":true,"data":{"mensagens_nao_lidas":99}}},"duration":4,"error":null}
[2026-06-29T22:53:11.501Z] {"timestamp":1782773590786,"type":"xhr","method":"GET","url":"/api/notifications/summary","request":{"body":null},"response":{"status":200,"statusText":"OK","body":{"unread":6}},"duration":4,"error":null}
[2026-06-29T22:53:16.831Z] {"timestamp":1782773595943,"type":"xhr","method":"GET","url":"/api/notifications/summary","request":{"body":null},"response":{"status":200,"statusText":"OK","body":{"unread":6}},"duration":4,"error":null}
[2026-06-29T22:53:16.831Z] {"timestamp":1782773595944,"type":"xhr","method":"GET","url":"/api/admin/conversas/fila/estatisticas","request":{"body":null},"response":{"status":200,"statusText":"OK","body":{"success":true,"data":{"mensagens_nao_lidas":99}}},"duration":3,"error":null}
[2026-06-29T22:53:19.494Z] {"timestamp":1782773597799,"type":"xhr","method":"GET","url":"/api/admin/conversas/fila/estatisticas","request":{"body":null},"response":{"status":200,"statusText":"OK","body":{"success":true,"data":{"mensagens_nao_lidas":99}}},"duration":4,"error":null}
[2026-06-29T22:53:19.494Z] {"timestamp":1782773597799,"type":"xhr","method":"GET","url":"/api/notifications/summary","request":{"body":null},"response":{"status":200,"statusText":"OK","body":{"unread":6}},"duration":5,"error":null}
[2026-06-29T22:53:24.817Z] {"timestamp":1782773602952,"type":"xhr","method":"GET","url":"/api/notifications/summary","request":{"body":null},"response":{"status":200,"statusText":"OK","body":{"unread":6}},"duration":3,"error":null}
[2026-06-29T22:53:24.817Z] {"timestamp":1782773602952,"type":"xhr","method":"GET","url":"/api/admin/conversas/fila/estatisticas","request":{"body":null},"response":{"status":200,"statusText":"OK","body":{"success":true,"data":{"mensagens_nao_lidas":99}}},"duration":4,"error":null}
[2026-06-29T22:53:25.498Z] {"timestamp":1782773604811,"type":"xhr","method":"GET","url":"/api/admin/conversas/fila/estatisticas","request":{"body":null},"response":{"status":200,"statusText":"OK","body":{"success":true,"data":{"mensagens_nao_lidas":99}}},"duration":6,"error":null}
[2026-06-29T22:53:25.498Z] {"timestamp":1782773604812,"type":"xhr","method":"GET","url":"/api/notifications/summary","request":{"body":null},"response":{"status":200,"statusText":"OK","body":{"unread":6}},"duration":6,"error":null}
[2026-06-29T22:53:26.403Z] {"timestamp":1782773605526,"type":"xhr","method":"GET","url":"/api/dashboard/timeline?per_page=20&category=all","request":{"body":null},"response":{"status":500,"statusText":"Internal Server Error","body":""},"duration":18,"error":null}
[2026-06-29T22:53:27.045Z] {"timestamp":1782773605526,"type":"xhr","method":"GET","url":"/api/dashboard/timeline?per_page=20&category=all","request":{"body":null},"response":{"status":500,"statusText":"Internal Server Error","body":""},"duration":16,"error":null}
[2026-06-29T22:53:27.045Z] {"timestamp":1782773606546,"type":"xhr","method":"GET","url":"/api/dashboard/timeline?per_page=20&category=all","request":{"body":null},"response":{"status":500,"statusText":"Internal Server Error","body":""},"duration":6,"error":null}
[2026-06-29T22:53:28.401Z] {"timestamp":1782773606546,"type":"xhr","method":"GET","url":"/api/dashboard/timeline?per_page=20&category=all","request":{"body":null},"response":{"status":500,"statusText":"Internal Server Error","body":""},"duration":6,"error":null}
[2026-06-29T22:53:29.037Z] {"timestamp":1782773608554,"type":"xhr","method":"GET","url":"/api/dashboard/timeline?per_page=20&category=all","request":{"body":null},"response":{"status":500,"statusText":"Internal Server Error","body":""},"duration":7,"error":null}
[2026-06-29T22:53:30.401Z] {"timestamp":1782773608554,"type":"xhr","method":"GET","url":"/api/dashboard/timeline?per_page=20&category=all","request":{"body":null},"response":{"status":500,"statusText":"Internal Server Error","body":""},"duration":7,"error":null}
[2026-06-29T22:53:30.820Z] {"timestamp":1782773609965,"type":"xhr","method":"GET","url":"/api/admin/conversas/fila/estatisticas","request":{"body":null},"response":{"status":200,"statusText":"OK","body":{"success":true,"data":{"mensagens_nao_lidas":99}}},"duration":3,"error":null}
[2026-06-29T22:53:30.820Z] {"timestamp":1782773609964,"type":"xhr","method":"GET","url":"/api/notifications/summary","request":{"body":null},"response":{"status":200,"statusText":"OK","body":{"unread":6}},"duration":5,"error":null}
[2026-06-29T22:53:33.040Z] {"timestamp":1782773612573,"type":"xhr","method":"GET","url":"/api/dashboard/timeline?per_page=20&category=all","request":{"body":null},"response":{"status":500,"statusText":"Internal Server Error","body":""},"duration":7,"error":null}
[2026-06-29T22:53:33.490Z] {"timestamp":1782773611819,"type":"xhr","method":"GET","url":"/api/admin/conversas/fila/estatisticas","request":{"body":null},"response":{"status":200,"statusText":"OK","body":{"success":true,"data":{"mensagens_nao_lidas":99}}},"duration":5,"error":null}
[2026-06-29T22:53:33.490Z] {"timestamp":1782773611820,"type":"xhr","method":"GET","url":"/api/notifications/summary","request":{"body":null},"response":{"status":200,"statusText":"OK","body":{"unread":6}},"duration":5,"error":null}
[2026-06-29T22:53:34.404Z] {"timestamp":1782773612573,"type":"xhr","method":"GET","url":"/api/dashboard/timeline?per_page=20&category=all","request":{"body":null},"response":{"status":500,"statusText":"Internal Server Error","body":""},"duration":7,"error":null}
[2026-06-29T22:53:38.820Z] {"timestamp":1782773616984,"type":"xhr","method":"GET","url":"/api/admin/conversas/fila/estatisticas","request":{"body":null},"response":{"status":200,"statusText":"OK","body":{"success":true,"data":{"mensagens_nao_lidas":99}}},"duration":4,"error":null}
[2026-06-29T22:53:38.820Z] {"timestamp":1782773616984,"type":"xhr","method":"GET","url":"/api/notifications/summary","request":{"body":null},"response":{"status":200,"statusText":"OK","body":{"unread":6}},"duration":4,"error":null}
[2026-06-29T22:53:39.491Z] {"timestamp":1782773618832,"type":"xhr","method":"GET","url":"/api/admin/conversas/fila/estatisticas","request":{"body":null},"response":{"status":200,"statusText":"OK","body":{"success":true,"data":{"mensagens_nao_lidas":99}}},"duration":4,"error":null}
[2026-06-29T22:53:39.491Z] {"timestamp":1782773618833,"type":"xhr","method":"GET","url":"/api/notifications/summary","request":{"body":null},"response":{"status":200,"statusText":"OK","body":{"unread":6}},"duration":3,"error":null}
[2026-06-29T22:53:44.826Z] {"timestamp":1782773624002,"type":"xhr","method":"GET","url":"/api/admin/conversas/fila/estatisticas","request":{"body":null},"response":{"status":200,"statusText":"OK","body":{"success":true,"data":{"mensagens_nao_lidas":99}}},"duration":4,"error":null}
[2026-06-29T22:53:44.826Z] {"timestamp":1782773624002,"type":"xhr","method":"GET","url":"/api/notifications/summary","request":{"body":null},"response":{"status":200,"statusText":"OK","body":{"unread":6}},"duration":4,"error":null}
[2026-06-29T22:53:46.407Z] {"timestamp":1782773625361,"type":"xhr","method":"GET","url":"/api/notifications/summary","request":{"body":null},"response":{"status":500,"statusText":"Internal Server Error","body":""},"duration":10,"error":null}
[2026-06-29T22:53:46.407Z] {"timestamp":1782773625362,"type":"xhr","method":"GET","url":"/api/admin/conversas/fila/estatisticas","request":{"body":null},"response":{"status":500,"statusText":"Internal Server Error","body":""},"duration":10,"error":null}
[2026-06-29T22:53:47.039Z] {"timestamp":1782773625393,"type":"xhr","method":"GET","url":"/api/notifications/summary","request":{"body":null},"response":{"status":500,"statusText":"Internal Server Error","body":""},"duration":7,"error":null}
[2026-06-29T22:53:47.039Z] {"timestamp":1782773625393,"type":"xhr","method":"GET","url":"/api/admin/conversas/fila/estatisticas","request":{"body":null},"response":{"status":500,"statusText":"Internal Server Error","body":""},"duration":8,"error":null}
[2026-06-29T22:53:47.504Z] {"timestamp":1782773625851,"type":"xhr","method":"GET","url":"/api/admin/conversas/fila/estatisticas","request":{"body":null},"response":{"status":200,"statusText":"OK","body":{"success":true,"data":{"mensagens_nao_lidas":99}}},"duration":4,"error":null}
[2026-06-29T22:53:47.504Z] {"timestamp":1782773625851,"type":"xhr","method":"GET","url":"/api/notifications/summary","request":{"body":null},"response":{"status":200,"statusText":"OK","body":{"unread":6}},"duration":5,"error":null}
[2026-06-29T22:53:52.824Z] {"timestamp":1782773631021,"type":"xhr","method":"GET","url":"/api/admin/conversas/fila/estatisticas","request":{"body":null},"response":{"status":200,"statusText":"OK","body":{"success":true,"data":{"mensagens_nao_lidas":99}}},"duration":4,"error":null}
[2026-06-29T22:53:52.824Z] {"timestamp":1782773631021,"type":"xhr","method":"GET","url":"/api/notifications/summary","request":{"body":null},"response":{"status":200,"statusText":"OK","body":{"unread":6}},"duration":5,"error":null}
[2026-06-29T22:53:53.502Z] {"timestamp":1782773632867,"type":"xhr","method":"GET","url":"/api/admin/conversas/fila/estatisticas","request":{"body":null},"response":{"status":200,"statusText":"OK","body":{"success":true,"data":{"mensagens_nao_lidas":99}}},"duration":4,"error":null}
[2026-06-29T22:53:53.502Z] {"timestamp":1782773632868,"type":"xhr","method":"GET","url":"/api/notifications/summary","request":{"body":null},"response":{"status":200,"statusText":"OK","body":{"unread":6}},"duration":3,"error":null}
[2026-06-29T22:53:58.823Z] {"timestamp":1782773638035,"type":"xhr","method":"GET","url":"/api/notifications/summary","request":{"body":null},"response":{"status":200,"statusText":"OK","body":{"unread":6}},"duration":4,"error":null}
[2026-06-29T22:53:58.823Z] {"timestamp":1782773638034,"type":"xhr","method":"GET","url":"/api/admin/conversas/fila/estatisticas","request":{"body":null},"response":{"status":200,"statusText":"OK","body":{"success":true,"data":{"mensagens_nao_lidas":99}}},"duration":6,"error":null}
[2026-06-29T22:54:01.499Z] {"timestamp":1782773639885,"type":"xhr","method":"GET","url":"/api/admin/conversas/fila/estatisticas","request":{"body":null},"response":{"status":200,"statusText":"OK","body":{"success":true,"data":{"mensagens_nao_lidas":99}}},"duration":4,"error":null}
[2026-06-29T22:54:01.499Z] {"timestamp":1782773639886,"type":"xhr","method":"GET","url":"/api/notifications/summary","request":{"body":null},"response":{"status":200,"statusText":"OK","body":{"unread":6}},"duration":3,"error":null}
[2026-06-29T22:54:06.816Z] {"timestamp":1782773645054,"type":"xhr","method":"GET","url":"/api/notifications/summary","request":{"body":null},"response":{"status":200,"statusText":"OK","body":{"unread":6}},"duration":3,"error":null}
[2026-06-29T22:54:06.816Z] {"timestamp":1782773645054,"type":"xhr","method":"GET","url":"/api/admin/conversas/fila/estatisticas","request":{"body":null},"response":{"status":200,"statusText":"OK","body":{"success":true,"data":{"mensagens_nao_lidas":99}}},"duration":4,"error":null}
[2026-06-29T22:54:07.491Z] {"timestamp":1782773646899,"type":"xhr","method":"GET","url":"/api/admin/conversas/fila/estatisticas","request":{"body":null},"response":{"status":200,"statusText":"OK","body":{"success":true,"data":{"mensagens_nao_lidas":99}}},"duration":5,"error":null}
[2026-06-29T22:54:07.491Z] {"timestamp":1782773646900,"type":"xhr","method":"GET","url":"/api/notifications/summary","request":{"body":null},"response":{"status":200,"statusText":"OK","body":{"unread":6}},"duration":4,"error":null}
[2026-06-29T22:54:12.821Z] {"timestamp":1782773652067,"type":"xhr","method":"GET","url":"/api/notifications/summary","request":{"body":null},"response":{"status":200,"statusText":"OK","body":{"unread":6}},"duration":4,"error":null}
[2026-06-29T22:54:12.821Z] {"timestamp":1782773652068,"type":"xhr","method":"GET","url":"/api/admin/conversas/fila/estatisticas","request":{"body":null},"response":{"status":200,"statusText":"OK","body":{"success":true,"data":{"mensagens_nao_lidas":99}}},"duration":4,"error":null}
[2026-06-29T22:54:15.490Z] {"timestamp":1782773653914,"type":"xhr","method":"GET","url":"/api/admin/conversas/fila/estatisticas","request":{"body":null},"response":{"status":200,"statusText":"OK","body":{"success":true,"data":{"mensagens_nao_lidas":99}}},"duration":7,"error":null}
[2026-06-29T22:54:15.490Z] {"timestamp":1782773653915,"type":"xhr","method":"GET","url":"/api/notifications/summary","request":{"body":null},"response":{"status":200,"statusText":"OK","body":{"unread":6}},"duration":6,"error":null}
[2026-06-29T22:54:20.823Z] {"timestamp":1782773659083,"type":"xhr","method":"GET","url":"/api/notifications/summary","request":{"body":null},"response":{"status":200,"statusText":"OK","body":{"unread":6}},"duration":5,"error":null}
[2026-06-29T22:54:20.823Z] {"timestamp":1782773659084,"type":"xhr","method":"GET","url":"/api/admin/conversas/fila/estatisticas","request":{"body":null},"response":{"status":200,"statusText":"OK","body":{"success":true,"data":{"mensagens_nao_lidas":99}}},"duration":4,"error":null}
[2026-06-29T22:54:21.502Z] {"timestamp":1782773660932,"type":"xhr","method":"GET","url":"/api/admin/conversas/fila/estatisticas","request":{"body":null},"response":{"status":200,"statusText":"OK","body":{"success":true,"data":{"mensagens_nao_lidas":99}}},"duration":4,"error":null}
[2026-06-29T22:54:21.502Z] {"timestamp":1782773660933,"type":"xhr","method":"GET","url":"/api/notifications/summary","request":{"body":null},"response":{"status":200,"statusText":"OK","body":{"unread":6}},"duration":3,"error":null}
[2026-06-29T22:54:26.814Z] {"timestamp":1782773666101,"type":"xhr","method":"GET","url":"/api/admin/conversas/fila/estatisticas","request":{"body":null},"response":{"status":200,"statusText":"OK","body":{"success":true,"data":{"mensagens_nao_lidas":99}}},"duration":3,"error":null}
[2026-06-29T22:54:26.814Z] {"timestamp":1782773666100,"type":"xhr","method":"GET","url":"/api/notifications/summary","request":{"body":null},"response":{"status":200,"statusText":"OK","body":{"unread":6}},"duration":5,"error":null}
[2026-06-29T22:54:29.498Z] {"timestamp":1782773667948,"type":"xhr","method":"GET","url":"/api/admin/conversas/fila/estatisticas","request":{"body":null},"response":{"status":200,"statusText":"OK","body":{"success":true,"data":{"mensagens_nao_lidas":99}}},"duration":4,"error":null}
[2026-06-29T22:54:29.498Z] {"timestamp":1782773667949,"type":"xhr","method":"GET","url":"/api/notifications/summary","request":{"body":null},"response":{"status":200,"statusText":"OK","body":{"unread":6}},"duration":4,"error":null}
[2026-06-29T22:54:33.036Z] {"timestamp":1782773672581,"type":"xhr","method":"GET","url":"/api/dashboard/timeline?per_page=20&category=all","request":{"body":null},"response":{"status":500,"statusText":"Internal Server Error","body":""},"duration":18,"error":null}
[2026-06-29T22:54:34.399Z] {"timestamp":1782773672581,"type":"xhr","method":"GET","url":"/api/dashboard/timeline?per_page=20&category=all","request":{"body":null},"response":{"status":500,"statusText":"Internal Server Error","body":""},"duration":19,"error":null}
[2026-06-29T22:54:34.399Z] {"timestamp":1782773673609,"type":"xhr","method":"GET","url":"/api/dashboard/timeline?per_page=20&category=all","request":{"body":null},"response":{"status":500,"statusText":"Internal Server Error","body":""},"duration":8,"error":null}
[2026-06-29T22:54:34.817Z] {"timestamp":1782773673117,"type":"xhr","method":"GET","url":"/api/admin/conversas/fila/estatisticas","request":{"body":null},"response":{"status":200,"statusText":"OK","body":{"success":true,"data":{"mensagens_nao_lidas":99}}},"duration":4,"error":null}
[2026-06-29T22:54:34.817Z] {"timestamp":1782773673117,"type":"xhr","method":"GET","url":"/api/notifications/summary","request":{"body":null},"response":{"status":200,"statusText":"OK","body":{"unread":6}},"duration":5,"error":null}
[2026-06-29T22:54:35.039Z] {"timestamp":1782773673609,"type":"xhr","method":"GET","url":"/api/dashboard/timeline?per_page=20&category=all","request":{"body":null},"response":{"status":500,"statusText":"Internal Server Error","body":""},"duration":9,"error":null}
[2026-06-29T22:54:35.489Z] {"timestamp":1782773674958,"type":"xhr","method":"GET","url":"/api/admin/conversas/fila/estatisticas","request":{"body":null},"response":{"status":200,"statusText":"OK","body":{"success":true,"data":{"mensagens_nao_lidas":99}}},"duration":3,"error":null}
[2026-06-29T22:54:35.489Z] {"timestamp":1782773674959,"type":"xhr","method":"GET","url":"/api/notifications/summary","request":{"body":null},"response":{"status":200,"statusText":"OK","body":{"unread":6}},"duration":3,"error":null}
[2026-06-29T22:54:36.401Z] {"timestamp":1782773675626,"type":"xhr","method":"GET","url":"/api/dashboard/timeline?per_page=20&category=all","request":{"body":null},"response":{"status":500,"statusText":"Internal Server Error","body":""},"duration":8,"error":null}
[2026-06-29T22:54:37.043Z] {"timestamp":1782773675626,"type":"xhr","method":"GET","url":"/api/dashboard/timeline?per_page=20&category=all","request":{"body":null},"response":{"status":500,"statusText":"Internal Server Error","body":""},"duration":7,"error":null}
[2026-06-29T22:54:40.397Z] {"timestamp":1782773679647,"type":"xhr","method":"GET","url":"/api/dashboard/timeline?per_page=20&category=all","request":{"body":null},"response":{"status":500,"statusText":"Internal Server Error","body":""},"duration":17,"error":null}
[2026-06-29T22:54:40.829Z] {"timestamp":1782773680130,"type":"xhr","method":"GET","url":"/api/admin/conversas/fila/estatisticas","request":{"body":null},"response":{"status":200,"statusText":"OK","body":{"success":true,"data":{"mensagens_nao_lidas":99}}},"duration":5,"error":null}
[2026-06-29T22:54:40.829Z] {"timestamp":1782773680131,"type":"xhr","method":"GET","url":"/api/notifications/summary","request":{"body":null},"response":{"status":200,"statusText":"OK","body":{"unread":6}},"duration":4,"error":null}
[2026-06-29T22:54:41.032Z] {"timestamp":1782773679647,"type":"xhr","method":"GET","url":"/api/dashboard/timeline?per_page=20&category=all","request":{"body":null},"response":{"status":500,"statusText":"Internal Server Error","body":""},"duration":18,"error":null}
[2026-06-29T22:54:43.501Z] {"timestamp":1782773681971,"type":"xhr","method":"GET","url":"/api/admin/conversas/fila/estatisticas","request":{"body":null},"response":{"status":200,"statusText":"OK","body":{"success":true,"data":{"mensagens_nao_lidas":99}}},"duration":4,"error":null}
[2026-06-29T22:54:43.501Z] {"timestamp":1782773681972,"type":"xhr","method":"GET","url":"/api/notifications/summary","request":{"body":null},"response":{"status":200,"statusText":"OK","body":{"unread":6}},"duration":3,"error":null}
[2026-06-29T22:54:46.411Z] {"timestamp":1782773685381,"type":"xhr","method":"GET","url":"/api/notifications/summary","request":{"body":null},"response":{"status":500,"statusText":"Internal Server Error","body":""},"duration":7,"error":null}
[2026-06-29T22:54:46.411Z] {"timestamp":1782773685381,"type":"xhr","method":"GET","url":"/api/admin/conversas/fila/estatisticas","request":{"body":null},"response":{"status":500,"statusText":"Internal Server Error","body":""},"duration":8,"error":null}
[2026-06-29T22:54:47.035Z] {"timestamp":1782773685414,"type":"xhr","method":"GET","url":"/api/notifications/summary","request":{"body":null},"response":{"status":500,"statusText":"Internal Server Error","body":""},"duration":7,"error":null}
[2026-06-29T22:54:47.035Z] {"timestamp":1782773685415,"type":"xhr","method":"GET","url":"/api/admin/conversas/fila/estatisticas","request":{"body":null},"response":{"status":500,"statusText":"Internal Server Error","body":""},"duration":7,"error":null}
[2026-06-29T22:54:48.819Z] {"timestamp":1782773687145,"type":"xhr","method":"GET","url":"/api/admin/conversas/fila/estatisticas","request":{"body":null},"response":{"status":200,"statusText":"OK","body":{"success":true,"data":{"mensagens_nao_lidas":99}}},"duration":3,"error":null}
[2026-06-29T22:54:48.819Z] {"timestamp":1782773687145,"type":"xhr","method":"GET","url":"/api/notifications/summary","request":{"body":null},"response":{"status":200,"statusText":"OK","body":{"unread":6}},"duration":4,"error":null}
[2026-06-29T22:54:49.501Z] {"timestamp":1782773688981,"type":"xhr","method":"GET","url":"/api/admin/conversas/fila/estatisticas","request":{"body":null},"response":{"status":200,"statusText":"OK","body":{"success":true,"data":{"mensagens_nao_lidas":99}}},"duration":4,"error":null}
[2026-06-29T22:54:49.501Z] {"timestamp":1782773688981,"type":"xhr","method":"GET","url":"/api/notifications/summary","request":{"body":null},"response":{"status":200,"statusText":"OK","body":{"unread":6}},"duration":4,"error":null}
[2026-06-29T22:54:54.820Z] {"timestamp":1782773694157,"type":"xhr","method":"GET","url":"/api/admin/conversas/fila/estatisticas","request":{"body":null},"response":{"status":200,"statusText":"OK","body":{"success":true,"data":{"mensagens_nao_lidas":99}}},"duration":4,"error":null}
[2026-06-29T22:54:54.820Z] {"timestamp":1782773694157,"type":"xhr","method":"GET","url":"/api/notifications/summary","request":{"body":null},"response":{"status":200,"statusText":"OK","body":{"unread":6}},"duration":6,"error":null}
[2026-06-29T22:54:57.500Z] {"timestamp":1782773695996,"type":"xhr","method":"GET","url":"/api/admin/conversas/fila/estatisticas","request":{"body":null},"response":{"status":200,"statusText":"OK","body":{"success":true,"data":{"mensagens_nao_lidas":99}}},"duration":4,"error":null}
[2026-06-29T22:54:57.500Z] {"timestamp":1782773695996,"type":"xhr","method":"GET","url":"/api/notifications/summary","request":{"body":null},"response":{"status":200,"statusText":"OK","body":{"unread":6}},"duration":4,"error":null}
[2026-06-29T22:55:02.825Z] {"timestamp":1782773701178,"type":"xhr","method":"GET","url":"/api/admin/conversas/fila/estatisticas","request":{"body":null},"response":{"status":200,"statusText":"OK","body":{"success":true,"data":{"mensagens_nao_lidas":99}}},"duration":3,"error":null}
[2026-06-29T22:55:02.825Z] {"timestamp":1782773701178,"type":"xhr","method":"GET","url":"/api/notifications/summary","request":{"body":null},"response":{"status":200,"statusText":"OK","body":{"unread":6}},"duration":4,"error":null}
[2026-06-29T22:55:03.492Z] {"timestamp":1782773703005,"type":"xhr","method":"GET","url":"/api/admin/conversas/fila/estatisticas","request":{"body":null},"response":{"status":200,"statusText":"OK","body":{"success":true,"data":{"mensagens_nao_lidas":99}}},"duration":3,"error":null}
[2026-06-29T22:55:03.492Z] {"timestamp":1782773703005,"type":"xhr","method":"GET","url":"/api/notifications/summary","request":{"body":null},"response":{"status":200,"statusText":"OK","body":{"unread":6}},"duration":3,"error":null}
[2026-06-29T22:55:08.821Z] {"timestamp":1782773708184,"type":"xhr","method":"GET","url":"/api/admin/conversas/fila/estatisticas","request":{"body":null},"response":{"status":200,"statusText":"OK","body":{"success":true,"data":{"mensagens_nao_lidas":99}}},"duration":3,"error":null}
[2026-06-29T22:55:08.821Z] {"timestamp":1782773708184,"type":"xhr","method":"GET","url":"/api/notifications/summary","request":{"body":null},"response":{"status":200,"statusText":"OK","body":{"unread":6}},"duration":4,"error":null}
[2026-06-29T22:55:11.491Z] {"timestamp":1782773710012,"type":"xhr","method":"GET","url":"/api/admin/conversas/fila/estatisticas","request":{"body":null},"response":{"status":200,"statusText":"OK","body":{"success":true,"data":{"mensagens_nao_lidas":99}}},"duration":5,"error":null}
[2026-06-29T22:55:11.491Z] {"timestamp":1782773710013,"type":"xhr","method":"GET","url":"/api/notifications/summary","request":{"body":null},"response":{"status":200,"statusText":"OK","body":{"unread":6}},"duration":4,"error":null}
[2026-06-29T22:55:16.833Z] {"timestamp":1782773715194,"type":"xhr","method":"GET","url":"/api/admin/conversas/fila/estatisticas","request":{"body":null},"response":{"status":200,"statusText":"OK","body":{"success":true,"data":{"mensagens_nao_lidas":99}}},"duration":4,"error":null}
[2026-06-29T22:55:16.833Z] {"timestamp":1782773715195,"type":"xhr","method":"GET","url":"/api/notifications/summary","request":{"body":null},"response":{"status":200,"statusText":"OK","body":{"unread":6}},"duration":4,"error":null}
[2026-06-29T22:55:17.497Z] {"timestamp":1782773717029,"type":"xhr","method":"GET","url":"/api/admin/conversas/fila/estatisticas","request":{"body":null},"response":{"status":200,"statusText":"OK","body":{"success":true,"data":{"mensagens_nao_lidas":99}}},"duration":5,"error":null}
[2026-06-29T22:55:17.497Z] {"timestamp":1782773717030,"type":"xhr","method":"GET","url":"/api/notifications/summary","request":{"body":null},"response":{"status":200,"statusText":"OK","body":{"unread":6}},"duration":4,"error":null}
[2026-06-29T22:55:22.818Z] {"timestamp":1782773722201,"type":"xhr","method":"GET","url":"/api/admin/conversas/fila/estatisticas","request":{"body":null},"response":{"status":200,"statusText":"OK","body":{"success":true,"data":{"mensagens_nao_lidas":99}}},"duration":4,"error":null}
[2026-06-29T22:55:22.818Z] {"timestamp":1782773722202,"type":"xhr","method":"GET","url":"/api/notifications/summary","request":{"body":null},"response":{"status":200,"statusText":"OK","body":{"unread":6}},"duration":4,"error":null}
[2026-06-29T22:55:25.498Z] {"timestamp":1782773724040,"type":"xhr","method":"GET","url":"/api/admin/conversas/fila/estatisticas","request":{"body":null},"response":{"status":200,"statusText":"OK","body":{"success":true,"data":{"mensagens_nao_lidas":99}}},"duration":3,"error":null}
[2026-06-29T22:55:25.498Z] {"timestamp":1782773724041,"type":"xhr","method":"GET","url":"/api/notifications/summary","request":{"body":null},"response":{"status":200,"statusText":"OK","body":{"unread":6}},"duration":4,"error":null}
[2026-06-29T22:55:30.818Z] {"timestamp":1782773729213,"type":"xhr","method":"GET","url":"/api/admin/conversas/fila/estatisticas","request":{"body":null},"response":{"status":200,"statusText":"OK","body":{"success":true,"data":{"mensagens_nao_lidas":99}}},"duration":3,"error":null}
[2026-06-29T22:55:30.818Z] {"timestamp":1782773729213,"type":"xhr","method":"GET","url":"/api/notifications/summary","request":{"body":null},"response":{"status":200,"statusText":"OK","body":{"unread":6}},"duration":4,"error":null}
[2026-06-29T22:55:31.490Z] {"timestamp":1782773731045,"type":"xhr","method":"GET","url":"/api/admin/conversas/fila/estatisticas","request":{"body":null},"response":{"status":200,"statusText":"OK","body":{"success":true,"data":{"mensagens_nao_lidas":99}}},"duration":4,"error":null}
[2026-06-29T22:55:31.490Z] {"timestamp":1782773731046,"type":"xhr","method":"GET","url":"/api/notifications/summary","request":{"body":null},"response":{"status":200,"statusText":"OK","body":{"unread":6}},"duration":4,"error":null}
[2026-06-29T22:55:36.826Z] {"timestamp":1782773736220,"type":"xhr","method":"GET","url":"/api/admin/conversas/fila/estatisticas","request":{"body":null},"response":{"status":200,"statusText":"OK","body":{"success":true,"data":{"mensagens_nao_lidas":99}}},"duration":4,"error":null}
[2026-06-29T22:55:36.826Z] {"timestamp":1782773736221,"type":"xhr","method":"GET","url":"/api/notifications/summary","request":{"body":null},"response":{"status":200,"statusText":"OK","body":{"unread":6}},"duration":3,"error":null}
[2026-06-29T22:55:39.500Z] {"timestamp":1782773738057,"type":"xhr","method":"GET","url":"/api/admin/conversas/fila/estatisticas","request":{"body":null},"response":{"status":200,"statusText":"OK","body":{"success":true,"data":{"mensagens_nao_lidas":99}}},"duration":4,"error":null}
[2026-06-29T22:55:39.500Z] {"timestamp":1782773738057,"type":"xhr","method":"GET","url":"/api/notifications/summary","request":{"body":null},"response":{"status":200,"statusText":"OK","body":{"unread":6}},"duration":4,"error":null}
[2026-06-29T22:55:40.408Z] {"timestamp":1782773739669,"type":"xhr","method":"GET","url":"/api/dashboard/timeline?per_page=20&category=all","request":{"body":null},"response":{"status":500,"statusText":"Internal Server Error","body":""},"duration":18,"error":null}
[2026-06-29T22:55:41.046Z] {"timestamp":1782773739669,"type":"xhr","method":"GET","url":"/api/dashboard/timeline?per_page=20&category=all","request":{"body":null},"response":{"status":500,"statusText":"Internal Server Error","body":""},"duration":22,"error":null}
[2026-06-29T22:55:41.046Z] {"timestamp":1782773740695,"type":"xhr","method":"GET","url":"/api/dashboard/timeline?per_page=20&category=all","request":{"body":null},"response":{"status":500,"statusText":"Internal Server Error","body":""},"duration":7,"error":null}
[2026-06-29T22:55:42.396Z] {"timestamp":1782773740695,"type":"xhr","method":"GET","url":"/api/dashboard/timeline?per_page=20&category=all","request":{"body":null},"response":{"status":500,"statusText":"Internal Server Error","body":""},"duration":8,"error":null}
[2026-06-29T22:55:43.045Z] {"timestamp":1782773742713,"type":"xhr","method":"GET","url":"/api/dashboard/timeline?per_page=20&category=all","request":{"body":null},"response":{"status":500,"statusText":"Internal Server Error","body":""},"duration":14,"error":null}
[2026-06-29T22:55:44.396Z] {"timestamp":1782773742713,"type":"xhr","method":"GET","url":"/api/dashboard/timeline?per_page=20&category=all","request":{"body":null},"response":{"status":500,"statusText":"Internal Server Error","body":""},"duration":13,"error":null}
[2026-06-29T22:55:44.817Z] {"timestamp":1782773743231,"type":"xhr","method":"GET","url":"/api/admin/conversas/fila/estatisticas","request":{"body":null},"response":{"status":200,"statusText":"OK","body":{"success":true,"data":{"mensagens_nao_lidas":99}}},"duration":3,"error":null}
[2026-06-29T22:55:44.817Z] {"timestamp":1782773743232,"type":"xhr","method":"GET","url":"/api/notifications/summary","request":{"body":null},"response":{"status":200,"statusText":"OK","body":{"unread":6}},"duration":3,"error":null}
[2026-06-29T22:55:45.490Z] {"timestamp":1782773745063,"type":"xhr","method":"GET","url":"/api/admin/conversas/fila/estatisticas","request":{"body":null},"response":{"status":200,"statusText":"OK","body":{"success":true,"data":{"mensagens_nao_lidas":99}}},"duration":4,"error":null}
[2026-06-29T22:55:45.490Z] {"timestamp":1782773745063,"type":"xhr","method":"GET","url":"/api/notifications/summary","request":{"body":null},"response":{"status":200,"statusText":"OK","body":{"unread":6}},"duration":4,"error":null}
[2026-06-29T22:55:46.399Z] {"timestamp":1782773745392,"type":"xhr","method":"GET","url":"/api/notifications/summary","request":{"body":null},"response":{"status":500,"statusText":"Internal Server Error","body":""},"duration":6,"error":null}
[2026-06-29T22:55:46.399Z] {"timestamp":1782773745393,"type":"xhr","method":"GET","url":"/api/admin/conversas/fila/estatisticas","request":{"body":null},"response":{"status":500,"statusText":"Internal Server Error","body":""},"duration":6,"error":null}
[2026-06-29T22:55:47.032Z] {"timestamp":1782773745423,"type":"xhr","method":"GET","url":"/api/notifications/summary","request":{"body":null},"response":{"status":500,"statusText":"Internal Server Error","body":""},"duration":6,"error":null}
[2026-06-29T22:55:47.032Z] {"timestamp":1782773745424,"type":"xhr","method":"GET","url":"/api/admin/conversas/fila/estatisticas","request":{"body":null},"response":{"status":500,"statusText":"Internal Server Error","body":""},"duration":6,"error":null}
[2026-06-29T22:55:47.032Z] {"timestamp":1782773746744,"type":"xhr","method":"GET","url":"/api/dashboard/timeline?per_page=20&category=all","request":{"body":null},"response":{"status":500,"statusText":"Internal Server Error","body":""},"duration":5,"error":null}
[2026-06-29T22:55:48.408Z] {"timestamp":1782773746728,"type":"xhr","method":"GET","url":"/api/dashboard/timeline?per_page=20&category=all","request":{"body":null},"response":{"status":500,"statusText":"Internal Server Error","body":""},"duration":5,"error":null}
[2026-06-29T22:55:50.825Z] {"timestamp":1782773750243,"type":"xhr","method":"GET","url":"/api/notifications/summary","request":{"body":null},"response":{"status":200,"statusText":"OK","body":{"unread":6}},"duration":3,"error":null}
[2026-06-29T22:55:50.825Z] {"timestamp":1782773750242,"type":"xhr","method":"GET","url":"/api/admin/conversas/fila/estatisticas","request":{"body":null},"response":{"status":200,"statusText":"OK","body":{"success":true,"data":{"mensagens_nao_lidas":99}}},"duration":5,"error":null}
[2026-06-29T22:55:53.498Z] {"timestamp":1782773752081,"type":"xhr","method":"GET","url":"/api/admin/conversas/fila/estatisticas","request":{"body":null},"response":{"status":200,"statusText":"OK","body":{"success":true,"data":{"mensagens_nao_lidas":99}}},"duration":4,"error":null}
[2026-06-29T22:55:53.498Z] {"timestamp":1782773752082,"type":"xhr","method":"GET","url":"/api/notifications/summary","request":{"body":null},"response":{"status":200,"statusText":"OK","body":{"unread":6}},"duration":3,"error":null}
[2026-06-29T22:55:58.824Z] {"timestamp":1782773757263,"type":"xhr","method":"GET","url":"/api/notifications/summary","request":{"body":null},"response":{"status":200,"statusText":"OK","body":{"unread":6}},"duration":4,"error":null}
[2026-06-29T22:55:58.825Z] {"timestamp":1782773757263,"type":"xhr","method":"GET","url":"/api/admin/conversas/fila/estatisticas","request":{"body":null},"response":{"status":200,"statusText":"OK","body":{"success":true,"data":{"mensagens_nao_lidas":99}}},"duration":5,"error":null}
[2026-06-29T22:55:59.496Z] {"timestamp":1782773759100,"type":"xhr","method":"GET","url":"/api/admin/conversas/fila/estatisticas","request":{"body":null},"response":{"status":200,"statusText":"OK","body":{"success":true,"data":{"mensagens_nao_lidas":99}}},"duration":4,"error":null}
[2026-06-29T22:55:59.496Z] {"timestamp":1782773759101,"type":"xhr","method":"GET","url":"/api/notifications/summary","request":{"body":null},"response":{"status":200,"statusText":"OK","body":{"unread":6}},"duration":3,"error":null}
[2026-06-29T22:56:04.816Z] {"timestamp":1782773764279,"type":"xhr","method":"GET","url":"/api/notifications/summary","request":{"body":null},"response":{"status":200,"statusText":"OK","body":{"unread":6}},"duration":5,"error":null}
[2026-06-29T22:56:04.816Z] {"timestamp":1782773764280,"type":"xhr","method":"GET","url":"/api/admin/conversas/fila/estatisticas","request":{"body":null},"response":{"status":200,"statusText":"OK","body":{"success":true,"data":{"mensagens_nao_lidas":99}}},"duration":4,"error":null}
[2026-06-29T22:56:07.497Z] {"timestamp":1782773766120,"type":"xhr","method":"GET","url":"/api/admin/conversas/fila/estatisticas","request":{"body":null},"response":{"status":200,"statusText":"OK","body":{"success":true,"data":{"mensagens_nao_lidas":99}}},"duration":4,"error":null}
[2026-06-29T22:56:07.497Z] {"timestamp":1782773766121,"type":"xhr","method":"GET","url":"/api/notifications/summary","request":{"body":null},"response":{"status":200,"statusText":"OK","body":{"unread":6}},"duration":4,"error":null}
[2026-06-29T22:56:12.817Z] {"timestamp":1782773771299,"type":"xhr","method":"GET","url":"/api/notifications/summary","request":{"body":null},"response":{"status":200,"statusText":"OK","body":{"unread":6}},"duration":4,"error":null}
[2026-06-29T22:56:12.817Z] {"timestamp":1782773771300,"type":"xhr","method":"GET","url":"/api/admin/conversas/fila/estatisticas","request":{"body":null},"response":{"status":200,"statusText":"OK","body":{"success":true,"data":{"mensagens_nao_lidas":99}}},"duration":3,"error":null}
[2026-06-29T22:56:13.494Z] {"timestamp":1782773773126,"type":"xhr","method":"GET","url":"/api/admin/conversas/fila/estatisticas","request":{"body":null},"response":{"status":200,"statusText":"OK","body":{"success":true,"data":{"mensagens_nao_lidas":99}}},"duration":3,"error":null}
[2026-06-29T22:56:13.494Z] {"timestamp":1782773773126,"type":"xhr","method":"GET","url":"/api/notifications/summary","request":{"body":null},"response":{"status":200,"statusText":"OK","body":{"unread":6}},"duration":4,"error":null}
[2026-06-29T22:56:18.815Z] {"timestamp":1782773778317,"type":"xhr","method":"GET","url":"/api/notifications/summary","request":{"body":null},"response":{"status":200,"statusText":"OK","body":{"unread":6}},"duration":4,"error":null}
[2026-06-29T22:56:18.815Z] {"timestamp":1782773778318,"type":"xhr","method":"GET","url":"/api/admin/conversas/fila/estatisticas","request":{"body":null},"response":{"status":200,"statusText":"OK","body":{"success":true,"data":{"mensagens_nao_lidas":99}}},"duration":3,"error":null}
[2026-06-29T22:56:21.500Z] {"timestamp":1782773780145,"type":"xhr","method":"GET","url":"/api/admin/conversas/fila/estatisticas","request":{"body":null},"response":{"status":200,"statusText":"OK","body":{"success":true,"data":{"mensagens_nao_lidas":99}}},"duration":3,"error":null}
[2026-06-29T22:56:21.500Z] {"timestamp":1782773780145,"type":"xhr","method":"GET","url":"/api/notifications/summary","request":{"body":null},"response":{"status":200,"statusText":"OK","body":{"unread":6}},"duration":5,"error":null}
[2026-06-29T22:56:26.820Z] {"timestamp":1782773785327,"type":"xhr","method":"GET","url":"/api/notifications/summary","request":{"body":null},"response":{"status":200,"statusText":"OK","body":{"unread":6}},"duration":4,"error":null}
[2026-06-29T22:56:26.820Z] {"timestamp":1782773785327,"type":"xhr","method":"GET","url":"/api/admin/conversas/fila/estatisticas","request":{"body":null},"response":{"status":200,"statusText":"OK","body":{"success":true,"data":{"mensagens_nao_lidas":99}}},"duration":5,"error":null}
[2026-06-29T22:56:27.487Z] {"timestamp":1782773787159,"type":"xhr","method":"GET","url":"/api/admin/conversas/fila/estatisticas","request":{"body":null},"response":{"status":200,"statusText":"OK","body":{"success":true,"data":{"mensagens_nao_lidas":99}}},"duration":4,"error":null}
[2026-06-29T22:56:27.487Z] {"timestamp":1782773787160,"type":"xhr","method":"GET","url":"/api/notifications/summary","request":{"body":null},"response":{"status":200,"statusText":"OK","body":{"unread":6}},"duration":3,"error":null}
[2026-06-29T22:56:32.819Z] {"timestamp":1782773792340,"type":"xhr","method":"GET","url":"/api/notifications/summary","request":{"body":null},"response":{"status":200,"statusText":"OK","body":{"unread":6}},"duration":4,"error":null}
[2026-06-29T22:56:32.819Z] {"timestamp":1782773792340,"type":"xhr","method":"GET","url":"/api/admin/conversas/fila/estatisticas","request":{"body":null},"response":{"status":200,"statusText":"OK","body":{"success":true,"data":{"mensagens_nao_lidas":99}}},"duration":4,"error":null}
[2026-06-29T22:56:35.496Z] {"timestamp":1782773794177,"type":"xhr","method":"GET","url":"/api/admin/conversas/fila/estatisticas","request":{"body":null},"response":{"status":200,"statusText":"OK","body":{"success":true,"data":{"mensagens_nao_lidas":99}}},"duration":3,"error":null}
[2026-06-29T22:56:35.496Z] {"timestamp":1782773794177,"type":"xhr","method":"GET","url":"/api/notifications/summary","request":{"body":null},"response":{"status":200,"statusText":"OK","body":{"unread":6}},"duration":5,"error":null}
[2026-06-29T22:56:40.825Z] {"timestamp":1782773799345,"type":"xhr","method":"GET","url":"/api/notifications/summary","request":{"body":null},"response":{"status":200,"statusText":"OK","body":{"unread":6}},"duration":5,"error":null}
[2026-06-29T22:56:40.825Z] {"timestamp":1782773799346,"type":"xhr","method":"GET","url":"/api/admin/conversas/fila/estatisticas","request":{"body":null},"response":{"status":200,"statusText":"OK","body":{"success":true,"data":{"mensagens_nao_lidas":99}}},"duration":5,"error":null}
[2026-06-29T22:56:41.499Z] {"timestamp":1782773801187,"type":"xhr","method":"GET","url":"/api/admin/conversas/fila/estatisticas","request":{"body":null},"response":{"status":200,"statusText":"OK","body":{"success":true,"data":{"mensagens_nao_lidas":99}}},"duration":7,"error":null}
[2026-06-29T22:56:41.499Z] {"timestamp":1782773801188,"type":"xhr","method":"GET","url":"/api/notifications/summary","request":{"body":null},"response":{"status":200,"statusText":"OK","body":{"unread":6}},"duration":8,"error":null}
[2026-06-29T22:56:46.403Z] {"timestamp":1782773805405,"type":"xhr","method":"GET","url":"/api/notifications/summary","request":{"body":null},"response":{"status":500,"statusText":"Internal Server Error","body":""},"duration":9,"error":null}
[2026-06-29T22:56:46.403Z] {"timestamp":1782773805406,"type":"xhr","method":"GET","url":"/api/admin/conversas/fila/estatisticas","request":{"body":null},"response":{"status":500,"statusText":"Internal Server Error","body":""},"duration":9,"error":null}
[2026-06-29T22:56:46.822Z] {"timestamp":1782773806355,"type":"xhr","method":"GET","url":"/api/notifications/summary","request":{"body":null},"response":{"status":200,"statusText":"OK","body":{"unread":6}},"duration":4,"error":null}
[2026-06-29T22:56:46.822Z] {"timestamp":1782773806356,"type":"xhr","method":"GET","url":"/api/admin/conversas/fila/estatisticas","request":{"body":null},"response":{"status":200,"statusText":"OK","body":{"success":true,"data":{"mensagens_nao_lidas":99}}},"duration":4,"error":null}
[2026-06-29T22:56:47.035Z] {"timestamp":1782773805443,"type":"xhr","method":"GET","url":"/api/notifications/summary","request":{"body":null},"response":{"status":500,"statusText":"Internal Server Error","body":""},"duration":8,"error":null}
[2026-06-29T22:56:47.035Z] {"timestamp":1782773805444,"type":"xhr","method":"GET","url":"/api/admin/conversas/fila/estatisticas","request":{"body":null},"response":{"status":500,"statusText":"Internal Server Error","body":""},"duration":8,"error":null}
[2026-06-29T22:56:47.035Z] {"timestamp":1782773806752,"type":"xhr","method":"GET","url":"/api/dashboard/timeline?per_page=20&category=all","request":{"body":null},"response":{"status":500,"statusText":"Internal Server Error","body":""},"duration":12,"error":null}
[2026-06-29T22:56:48.410Z] {"timestamp":1782773806736,"type":"xhr","method":"GET","url":"/api/dashboard/timeline?per_page=20&category=all","request":{"body":null},"response":{"status":500,"statusText":"Internal Server Error","body":""},"duration":7,"error":null}
[2026-06-29T22:56:48.410Z] {"timestamp":1782773807746,"type":"xhr","method":"GET","url":"/api/dashboard/timeline?per_page=20&category=all","request":{"body":null},"response":{"status":500,"statusText":"Internal Server Error","body":""},"duration":22,"error":null}
[2026-06-29T22:56:49.035Z] {"timestamp":1782773807778,"type":"xhr","method":"GET","url":"/api/dashboard/timeline?per_page=20&category=all","request":{"body":null},"response":{"status":500,"statusText":"Internal Server Error","body":""},"duration":7,"error":null}
[2026-06-29T22:56:49.492Z] {"timestamp":1782773808205,"type":"xhr","method":"GET","url":"/api/admin/conversas/fila/estatisticas","request":{"body":null},"response":{"status":200,"statusText":"OK","body":{"success":true,"data":{"mensagens_nao_lidas":99}}},"duration":3,"error":null}
[2026-06-29T22:56:49.492Z] {"timestamp":1782773808205,"type":"xhr","method":"GET","url":"/api/notifications/summary","request":{"body":null},"response":{"status":200,"statusText":"OK","body":{"unread":6}},"duration":4,"error":null}
[2026-06-29T22:56:50.407Z] {"timestamp":1782773809773,"type":"xhr","method":"GET","url":"/api/dashboard/timeline?per_page=20&category=all","request":{"body":null},"response":{"status":500,"statusText":"Internal Server Error","body":""},"duration":5,"error":null}
[2026-06-29T22:56:51.036Z] {"timestamp":1782773809789,"type":"xhr","method":"GET","url":"/api/dashboard/timeline?per_page=20&category=all","request":{"body":null},"response":{"status":500,"statusText":"Internal Server Error","body":""},"duration":4,"error":null}
[2026-06-29T22:56:54.409Z] {"timestamp":1782773813792,"type":"xhr","method":"GET","url":"/api/dashboard/timeline?per_page=20&category=all","request":{"body":null},"response":{"status":500,"statusText":"Internal Server Error","body":""},"duration":8,"error":null}
[2026-06-29T22:56:54.823Z] {"timestamp":1782773813362,"type":"xhr","method":"GET","url":"/api/notifications/summary","request":{"body":null},"response":{"status":200,"statusText":"OK","body":{"unread":6}},"duration":6,"error":null}
[2026-06-29T22:56:54.823Z] {"timestamp":1782773813363,"type":"xhr","method":"GET","url":"/api/admin/conversas/fila/estatisticas","request":{"body":null},"response":{"status":200,"statusText":"OK","body":{"success":true,"data":{"mensagens_nao_lidas":99}}},"duration":5,"error":null}
[2026-06-29T22:56:55.037Z] {"timestamp":1782773813807,"type":"xhr","method":"GET","url":"/api/dashboard/timeline?per_page=20&category=all","request":{"body":null},"response":{"status":500,"statusText":"Internal Server Error","body":""},"duration":10,"error":null}
[2026-06-29T22:56:55.493Z] {"timestamp":1782773815224,"type":"xhr","method":"GET","url":"/api/admin/conversas/fila/estatisticas","request":{"body":null},"response":{"status":200,"statusText":"OK","body":{"success":true,"data":{"mensagens_nao_lidas":99}}},"duration":4,"error":null}
[2026-06-29T22:56:55.493Z] {"timestamp":1782773815225,"type":"xhr","method":"GET","url":"/api/notifications/summary","request":{"body":null},"response":{"status":200,"statusText":"OK","body":{"unread":6}},"duration":4,"error":null}
[2026-06-29T22:57:00.828Z] {"timestamp":1782773820374,"type":"xhr","method":"GET","url":"/api/notifications/summary","request":{"body":null},"response":{"status":200,"statusText":"OK","body":{"unread":6}},"duration":4,"error":null}
[2026-06-29T22:57:00.828Z] {"timestamp":1782773820374,"type":"xhr","method":"GET","url":"/api/admin/conversas/fila/estatisticas","request":{"body":null},"response":{"status":200,"statusText":"OK","body":{"success":true,"data":{"mensagens_nao_lidas":99}}},"duration":5,"error":null}
[2026-06-29T22:57:03.491Z] {"timestamp":1782773822233,"type":"xhr","method":"GET","url":"/api/admin/conversas/fila/estatisticas","request":{"body":null},"response":{"status":200,"statusText":"OK","body":{"success":true,"data":{"mensagens_nao_lidas":99}}},"duration":5,"error":null}
[2026-06-29T22:57:03.491Z] {"timestamp":1782773822234,"type":"xhr","method":"GET","url":"/api/notifications/summary","request":{"body":null},"response":{"status":200,"statusText":"OK","body":{"unread":6}},"duration":4,"error":null}
[2026-06-29T22:57:08.824Z] {"timestamp":1782773827382,"type":"xhr","method":"GET","url":"/api/admin/conversas/fila/estatisticas","request":{"body":null},"response":{"status":200,"statusText":"OK","body":{"success":true,"data":{"mensagens_nao_lidas":99}}},"duration":3,"error":null}
[2026-06-29T22:57:08.824Z] {"timestamp":1782773827382,"type":"xhr","method":"GET","url":"/api/notifications/summary","request":{"body":null},"response":{"status":200,"statusText":"OK","body":{"unread":6}},"duration":4,"error":null}
[2026-06-29T22:57:09.495Z] {"timestamp":1782773829245,"type":"xhr","method":"GET","url":"/api/admin/conversas/fila/estatisticas","request":{"body":null},"response":{"status":200,"statusText":"OK","body":{"success":true,"data":{"mensagens_nao_lidas":99}}},"duration":3,"error":null}
[2026-06-29T22:57:09.495Z] {"timestamp":1782773829245,"type":"xhr","method":"GET","url":"/api/notifications/summary","request":{"body":null},"response":{"status":200,"statusText":"OK","body":{"unread":6}},"duration":4,"error":null}
[2026-06-29T22:57:14.820Z] {"timestamp":1782773834399,"type":"xhr","method":"GET","url":"/api/admin/conversas/fila/estatisticas","request":{"body":null},"response":{"status":200,"statusText":"OK","body":{"success":true,"data":{"mensagens_nao_lidas":99}}},"duration":5,"error":null}
[2026-06-29T22:57:14.820Z] {"timestamp":1782773834400,"type":"xhr","method":"GET","url":"/api/notifications/summary","request":{"body":null},"response":{"status":200,"statusText":"OK","body":{"unread":6}},"duration":4,"error":null}
[2026-06-29T22:57:17.503Z] {"timestamp":1782773836259,"type":"xhr","method":"GET","url":"/api/admin/conversas/fila/estatisticas","request":{"body":null},"response":{"status":200,"statusText":"OK","body":{"success":true,"data":{"mensagens_nao_lidas":99}}},"duration":7,"error":null}
[2026-06-29T22:57:17.503Z] {"timestamp":1782773836260,"type":"xhr","method":"GET","url":"/api/notifications/summary","request":{"body":null},"response":{"status":200,"statusText":"OK","body":{"unread":6}},"duration":6,"error":null}
[2026-06-29T22:57:22.820Z] {"timestamp":1782773841411,"type":"xhr","method":"GET","url":"/api/admin/conversas/fila/estatisticas","request":{"body":null},"response":{"status":200,"statusText":"OK","body":{"success":true,"data":{"mensagens_nao_lidas":99}}},"duration":3,"error":null}
[2026-06-29T22:57:22.820Z] {"timestamp":1782773841412,"type":"xhr","method":"GET","url":"/api/notifications/summary","request":{"body":null},"response":{"status":200,"statusText":"OK","body":{"unread":6}},"duration":4,"error":null}
[2026-06-29T22:57:23.488Z] {"timestamp":1782773843268,"type":"xhr","method":"GET","url":"/api/admin/conversas/fila/estatisticas","request":{"body":null},"response":{"status":200,"statusText":"OK","body":{"success":true,"data":{"mensagens_nao_lidas":99}}},"duration":3,"error":null}
[2026-06-29T22:57:23.488Z] {"timestamp":1782773843268,"type":"xhr","method":"GET","url":"/api/notifications/summary","request":{"body":null},"response":{"status":200,"statusText":"OK","body":{"unread":6}},"duration":4,"error":null}
[2026-06-29T22:57:28.814Z] {"timestamp":1782773848418,"type":"xhr","method":"GET","url":"/api/notifications/summary","request":{"body":null},"response":{"status":200,"statusText":"OK","body":{"unread":6}},"duration":4,"error":null}
[2026-06-29T22:57:28.814Z] {"timestamp":1782773848418,"type":"xhr","method":"GET","url":"/api/admin/conversas/fila/estatisticas","request":{"body":null},"response":{"status":200,"statusText":"OK","body":{"success":true,"data":{"mensagens_nao_lidas":99}}},"duration":4,"error":null}
[2026-06-29T22:57:31.498Z] {"timestamp":1782773850278,"type":"xhr","method":"GET","url":"/api/admin/conversas/fila/estatisticas","request":{"body":null},"response":{"status":200,"statusText":"OK","body":{"success":true,"data":{"mensagens_nao_lidas":99}}},"duration":4,"error":null}
[2026-06-29T22:57:31.498Z] {"timestamp":1782773850278,"type":"xhr","method":"GET","url":"/api/notifications/summary","request":{"body":null},"response":{"status":200,"statusText":"OK","body":{"unread":6}},"duration":5,"error":null}
[2026-06-29T22:57:36.824Z] {"timestamp":1782773855424,"type":"xhr","method":"GET","url":"/api/notifications/summary","request":{"body":null},"response":{"status":200,"statusText":"OK","body":{"unread":6}},"duration":3,"error":null}
[2026-06-29T22:57:36.824Z] {"timestamp":1782773855424,"type":"xhr","method":"GET","url":"/api/admin/conversas/fila/estatisticas","request":{"body":null},"response":{"status":200,"statusText":"OK","body":{"success":true,"data":{"mensagens_nao_lidas":99}}},"duration":4,"error":null}
[2026-06-29T22:57:37.495Z] {"timestamp":1782773857290,"type":"xhr","method":"GET","url":"/api/admin/conversas/fila/estatisticas","request":{"body":null},"response":{"status":200,"statusText":"OK","body":{"success":true,"data":{"mensagens_nao_lidas":99}}},"duration":3,"error":null}
[2026-06-29T22:57:37.496Z] {"timestamp":1782773857290,"type":"xhr","method":"GET","url":"/api/notifications/summary","request":{"body":null},"response":{"status":200,"statusText":"OK","body":{"unread":6}},"duration":4,"error":null}
[2026-06-29T22:57:42.814Z] {"timestamp":1782773862439,"type":"xhr","method":"GET","url":"/api/notifications/summary","request":{"body":null},"response":{"status":200,"statusText":"OK","body":{"unread":6}},"duration":4,"error":null}
[2026-06-29T22:57:42.814Z] {"timestamp":1782773862439,"type":"xhr","method":"GET","url":"/api/admin/conversas/fila/estatisticas","request":{"body":null},"response":{"status":200,"statusText":"OK","body":{"success":true,"data":{"mensagens_nao_lidas":99}}},"duration":5,"error":null}
[2026-06-29T22:57:45.488Z] {"timestamp":1782773864301,"type":"xhr","method":"GET","url":"/api/admin/conversas/fila/estatisticas","request":{"body":null},"response":{"status":200,"statusText":"OK","body":{"success":true,"data":{"mensagens_nao_lidas":99}}},"duration":4,"error":null}
[2026-06-29T22:57:45.488Z] {"timestamp":1782773864301,"type":"xhr","method":"GET","url":"/api/notifications/summary","request":{"body":null},"response":{"status":200,"statusText":"OK","body":{"unread":6}},"duration":5,"error":null}
[2026-06-29T22:57:46.406Z] {"timestamp":1782773865424,"type":"xhr","method":"GET","url":"/api/notifications/summary","request":{"body":null},"response":{"status":500,"statusText":"Internal Server Error","body":""},"duration":175,"error":null}
[2026-06-29T22:57:46.406Z] {"timestamp":1782773865424,"type":"xhr","method":"GET","url":"/api/admin/conversas/fila/estatisticas","request":{"body":null},"response":{"status":500,"statusText":"Internal Server Error","body":""},"duration":175,"error":null}
[2026-06-29T22:57:47.042Z] {"timestamp":1782773865454,"type":"xhr","method":"GET","url":"/api/notifications/summary","request":{"body":null},"response":{"status":500,"statusText":"Internal Server Error","body":""},"duration":146,"error":null}
[2026-06-29T22:57:47.042Z] {"timestamp":1782773865455,"type":"xhr","method":"GET","url":"/api/admin/conversas/fila/estatisticas","request":{"body":null},"response":{"status":500,"statusText":"Internal Server Error","body":""},"duration":146,"error":null}
[2026-06-29T22:57:50.828Z] {"timestamp":1782773869459,"type":"xhr","method":"GET","url":"/api/notifications/summary","request":{"body":null},"response":{"status":200,"statusText":"OK","body":{"unread":6}},"duration":3,"error":null}
[2026-06-29T22:57:50.828Z] {"timestamp":1782773869459,"type":"xhr","method":"GET","url":"/api/admin/conversas/fila/estatisticas","request":{"body":null},"response":{"status":200,"statusText":"OK","body":{"success":true,"data":{"mensagens_nao_lidas":99}}},"duration":4,"error":null}
[2026-06-29T22:57:51.496Z] {"timestamp":1782773871319,"type":"xhr","method":"GET","url":"/api/admin/conversas/fila/estatisticas","request":{"body":null},"response":{"status":200,"statusText":"OK","body":{"success":true,"data":{"mensagens_nao_lidas":99}}},"duration":4,"error":null}
[2026-06-29T22:57:51.496Z] {"timestamp":1782773871320,"type":"xhr","method":"GET","url":"/api/notifications/summary","request":{"body":null},"response":{"status":200,"statusText":"OK","body":{"unread":6}},"duration":4,"error":null}
[2026-06-29T22:57:54.397Z] {"timestamp":1782773873803,"type":"xhr","method":"GET","url":"/api/dashboard/timeline?per_page=20&category=all","request":{"body":null},"response":{"status":500,"statusText":"Internal Server Error","body":""},"duration":8,"error":null}
[2026-06-29T22:57:55.038Z] {"timestamp":1782773873819,"type":"xhr","method":"GET","url":"/api/dashboard/timeline?per_page=20&category=all","request":{"body":null},"response":{"status":500,"statusText":"Internal Server Error","body":""},"duration":9,"error":null}
[2026-06-29T22:57:55.038Z] {"timestamp":1782773874842,"type":"xhr","method":"GET","url":"/api/dashboard/timeline?per_page=20&category=all","request":{"body":null},"response":{"status":500,"statusText":"Internal Server Error","body":""},"duration":4,"error":null}
[2026-06-29T22:57:56.411Z] {"timestamp":1782773874826,"type":"xhr","method":"GET","url":"/api/dashboard/timeline?per_page=20&category=all","request":{"body":null},"response":{"status":500,"statusText":"Internal Server Error","body":""},"duration":5,"error":null}
[2026-06-29T22:57:56.816Z] {"timestamp":1782773876471,"type":"xhr","method":"GET","url":"/api/notifications/summary","request":{"body":null},"response":{"status":200,"statusText":"OK","body":{"unread":6}},"duration":5,"error":null}
[2026-06-29T22:57:56.816Z] {"timestamp":1782773876471,"type":"xhr","method":"GET","url":"/api/admin/conversas/fila/estatisticas","request":{"body":null},"response":{"status":200,"statusText":"OK","body":{"success":true,"data":{"mensagens_nao_lidas":99}}},"duration":5,"error":null}
[2026-06-29T22:57:57.042Z] {"timestamp":1782773876860,"type":"xhr","method":"GET","url":"/api/dashboard/timeline?per_page=20&category=all","request":{"body":null},"response":{"status":500,"statusText":"Internal Server Error","body":""},"duration":4,"error":null}
[2026-06-29T22:57:58.413Z] {"timestamp":1782773876844,"type":"xhr","method":"GET","url":"/api/dashboard/timeline?per_page=20&category=all","request":{"body":null},"response":{"status":500,"statusText":"Internal Server Error","body":""},"duration":5,"error":null}
[2026-06-29T22:57:59.498Z] {"timestamp":1782773878335,"type":"xhr","method":"GET","url":"/api/admin/conversas/fila/estatisticas","request":{"body":null},"response":{"status":200,"statusText":"OK","body":{"success":true,"data":{"mensagens_nao_lidas":99}}},"duration":4,"error":null}
[2026-06-29T22:57:59.498Z] {"timestamp":1782773878336,"type":"xhr","method":"GET","url":"/api/notifications/summary","request":{"body":null},"response":{"status":200,"statusText":"OK","body":{"unread":6}},"duration":5,"error":null}
[2026-06-29T22:58:01.045Z] {"timestamp":1782773880872,"type":"xhr","method":"GET","url":"/api/dashboard/timeline?per_page=20&category=all","request":{"body":null},"response":{"status":500,"statusText":"Internal Server Error","body":""},"duration":5,"error":null}
[2026-06-29T22:58:02.400Z] {"timestamp":1782773880857,"type":"xhr","method":"GET","url":"/api/dashboard/timeline?per_page=20&category=all","request":{"body":null},"response":{"status":500,"statusText":"Internal Server Error","body":""},"duration":5,"error":null}
[2026-06-29T22:58:04.827Z] {"timestamp":1782773883488,"type":"xhr","method":"GET","url":"/api/notifications/summary","request":{"body":null},"response":{"status":200,"statusText":"OK","body":{"unread":6}},"duration":4,"error":null}
[2026-06-29T22:58:04.827Z] {"timestamp":1782773883488,"type":"xhr","method":"GET","url":"/api/admin/conversas/fila/estatisticas","request":{"body":null},"response":{"status":200,"statusText":"OK","body":{"success":true,"data":{"mensagens_nao_lidas":99}}},"duration":4,"error":null}
[2026-06-29T22:58:05.491Z] {"timestamp":1782773885340,"type":"xhr","method":"GET","url":"/api/admin/conversas/fila/estatisticas","request":{"body":null},"response":{"status":200,"statusText":"OK","body":{"success":true,"data":{"mensagens_nao_lidas":99}}},"duration":3,"error":null}
[2026-06-29T22:58:05.491Z] {"timestamp":1782773885344,"type":"xhr","method":"GET","url":"/api/notifications/summary","request":{"body":null},"response":{"status":200,"statusText":"OK","body":{"unread":6}},"duration":2,"error":null}
[2026-06-29T22:58:10.821Z] {"timestamp":1782773890503,"type":"xhr","method":"GET","url":"/api/notifications/summary","request":{"body":null},"response":{"status":200,"statusText":"OK","body":{"unread":6}},"duration":5,"error":null}
[2026-06-29T22:58:10.821Z] {"timestamp":1782773890504,"type":"xhr","method":"GET","url":"/api/admin/conversas/fila/estatisticas","request":{"body":null},"response":{"status":200,"statusText":"OK","body":{"success":true,"data":{"mensagens_nao_lidas":99}}},"duration":5,"error":null}
[2026-06-29T22:58:13.489Z] {"timestamp":1782773892353,"type":"xhr","method":"GET","url":"/api/admin/conversas/fila/estatisticas","request":{"body":null},"response":{"status":200,"statusText":"OK","body":{"success":true,"data":{"mensagens_nao_lidas":99}}},"duration":4,"error":null}
[2026-06-29T22:58:13.489Z] {"timestamp":1782773892353,"type":"xhr","method":"GET","url":"/api/notifications/summary","request":{"body":null},"response":{"status":200,"statusText":"OK","body":{"unread":6}},"duration":4,"error":null}
[2026-06-29T22:58:18.826Z] {"timestamp":1782773897519,"type":"xhr","method":"GET","url":"/api/notifications/summary","request":{"body":null},"response":{"status":200,"statusText":"OK","body":{"unread":6}},"duration":5,"error":null}
[2026-06-29T22:58:18.826Z] {"timestamp":1782773897519,"type":"xhr","method":"GET","url":"/api/admin/conversas/fila/estatisticas","request":{"body":null},"response":{"status":200,"statusText":"OK","body":{"success":true,"data":{"mensagens_nao_lidas":99}}},"duration":6,"error":null}
[2026-06-29T22:58:19.494Z] {"timestamp":1782773899367,"type":"xhr","method":"GET","url":"/api/admin/conversas/fila/estatisticas","request":{"body":null},"response":{"status":200,"statusText":"OK","body":{"success":true,"data":{"mensagens_nao_lidas":99}}},"duration":5,"error":null}
[2026-06-29T22:58:19.494Z] {"timestamp":1782773899368,"type":"xhr","method":"GET","url":"/api/notifications/summary","request":{"body":null},"response":{"status":200,"statusText":"OK","body":{"unread":6}},"duration":4,"error":null}
[2026-06-29T22:58:24.814Z] {"timestamp":1782773904531,"type":"xhr","method":"GET","url":"/api/notifications/summary","request":{"body":null},"response":{"status":200,"statusText":"OK","body":{"unread":6}},"duration":3,"error":null}
[2026-06-29T22:58:24.814Z] {"timestamp":1782773904531,"type":"xhr","method":"GET","url":"/api/admin/conversas/fila/estatisticas","request":{"body":null},"response":{"status":200,"statusText":"OK","body":{"success":true,"data":{"mensagens_nao_lidas":99}}},"duration":5,"error":null}
[2026-06-29T22:58:27.488Z] {"timestamp":1782773906386,"type":"xhr","method":"GET","url":"/api/admin/conversas/fila/estatisticas","request":{"body":null},"response":{"status":200,"statusText":"OK","body":{"success":true,"data":{"mensagens_nao_lidas":99}}},"duration":3,"error":null}
[2026-06-29T22:58:27.488Z] {"timestamp":1782773906386,"type":"xhr","method":"GET","url":"/api/notifications/summary","request":{"body":null},"response":{"status":200,"statusText":"OK","body":{"unread":6}},"duration":4,"error":null}
[2026-06-29T22:58:32.814Z] {"timestamp":1782773911544,"type":"xhr","method":"GET","url":"/api/notifications/summary","request":{"body":null},"response":{"status":200,"statusText":"OK","body":{"unread":6}},"duration":4,"error":null}
[2026-06-29T22:58:32.814Z] {"timestamp":1782773911545,"type":"xhr","method":"GET","url":"/api/admin/conversas/fila/estatisticas","request":{"body":null},"response":{"status":200,"statusText":"OK","body":{"success":true,"data":{"mensagens_nao_lidas":99}}},"duration":3,"error":null}
[2026-06-29T22:58:33.499Z] {"timestamp":1782773913402,"type":"xhr","method":"GET","url":"/api/admin/conversas/fila/estatisticas","request":{"body":null},"response":{"status":200,"statusText":"OK","body":{"success":true,"data":{"mensagens_nao_lidas":99}}},"duration":5,"error":null}
[2026-06-29T22:58:33.499Z] {"timestamp":1782773913403,"type":"xhr","method":"GET","url":"/api/notifications/summary","request":{"body":null},"response":{"status":200,"statusText":"OK","body":{"unread":6}},"duration":4,"error":null}
[2026-06-29T22:58:38.820Z] {"timestamp":1782773918552,"type":"xhr","method":"GET","url":"/api/notifications/summary","request":{"body":null},"response":{"status":200,"statusText":"OK","body":{"unread":6}},"duration":3,"error":null}
[2026-06-29T22:58:38.820Z] {"timestamp":1782773918552,"type":"xhr","method":"GET","url":"/api/admin/conversas/fila/estatisticas","request":{"body":null},"response":{"status":200,"statusText":"OK","body":{"success":true,"data":{"mensagens_nao_lidas":99}}},"duration":4,"error":null}
[2026-06-29T22:58:41.494Z] {"timestamp":1782773920411,"type":"xhr","method":"GET","url":"/api/admin/conversas/fila/estatisticas","request":{"body":null},"response":{"status":200,"statusText":"OK","body":{"success":true,"data":{"mensagens_nao_lidas":99}}},"duration":3,"error":null}
[2026-06-29T22:58:41.494Z] {"timestamp":1782773920412,"type":"xhr","method":"GET","url":"/api/notifications/summary","request":{"body":null},"response":{"status":200,"statusText":"OK","body":{"unread":6}},"duration":3,"error":null}
[2026-06-29T22:58:46.406Z] {"timestamp":1782773925607,"type":"xhr","method":"GET","url":"/api/notifications/summary","request":{"body":null},"response":{"status":500,"statusText":"Internal Server Error","body":""},"duration":12,"error":null}
[2026-06-29T22:58:46.406Z] {"timestamp":1782773925608,"type":"xhr","method":"GET","url":"/api/admin/conversas/fila/estatisticas","request":{"body":null},"response":{"status":500,"statusText":"Internal Server Error","body":""},"duration":13,"error":null}
[2026-06-29T22:58:46.830Z] {"timestamp":1782773925560,"type":"xhr","method":"GET","url":"/api/notifications/summary","request":{"body":null},"response":{"status":200,"statusText":"OK","body":{"unread":6}},"duration":4,"error":null}
[2026-06-29T22:58:46.830Z] {"timestamp":1782773925561,"type":"xhr","method":"GET","url":"/api/admin/conversas/fila/estatisticas","request":{"body":null},"response":{"status":200,"statusText":"OK","body":{"success":true,"data":{"mensagens_nao_lidas":99}}},"duration":3,"error":null}
[2026-06-29T22:58:47.041Z] {"timestamp":1782773925607,"type":"xhr","method":"GET","url":"/api/notifications/summary","request":{"body":null},"response":{"status":500,"statusText":"Internal Server Error","body":""},"duration":12,"error":null}
[2026-06-29T22:58:47.041Z] {"timestamp":1782773925608,"type":"xhr","method":"GET","url":"/api/admin/conversas/fila/estatisticas","request":{"body":null},"response":{"status":500,"statusText":"Internal Server Error","body":""},"duration":11,"error":null}
[2026-06-29T22:58:47.501Z] {"timestamp":1782773927418,"type":"xhr","method":"GET","url":"/api/admin/conversas/fila/estatisticas","request":{"body":null},"response":{"status":200,"statusText":"OK","body":{"success":true,"data":{"mensagens_nao_lidas":99}}},"duration":5,"error":null}
[2026-06-29T22:58:47.501Z] {"timestamp":1782773927419,"type":"xhr","method":"GET","url":"/api/notifications/summary","request":{"body":null},"response":{"status":200,"statusText":"OK","body":{"unread":6}},"duration":5,"error":null}
[2026-06-29T22:58:52.824Z] {"timestamp":1782773932573,"type":"xhr","method":"GET","url":"/api/notifications/summary","request":{"body":null},"response":{"status":200,"statusText":"OK","body":{"unread":6}},"duration":4,"error":null}
[2026-06-29T22:58:52.824Z] {"timestamp":1782773932573,"type":"xhr","method":"GET","url":"/api/admin/conversas/fila/estatisticas","request":{"body":null},"response":{"status":200,"statusText":"OK","body":{"success":true,"data":{"mensagens_nao_lidas":99}}},"duration":4,"error":null}
[2026-06-29T22:58:55.501Z] {"timestamp":1782773934433,"type":"xhr","method":"GET","url":"/api/admin/conversas/fila/estatisticas","request":{"body":null},"response":{"status":200,"statusText":"OK","body":{"success":true,"data":{"mensagens_nao_lidas":99}}},"duration":4,"error":null}
[2026-06-29T22:58:55.501Z] {"timestamp":1782773934434,"type":"xhr","method":"GET","url":"/api/notifications/summary","request":{"body":null},"response":{"status":200,"statusText":"OK","body":{"unread":6}},"duration":4,"error":null}
[2026-06-29T22:59:00.818Z] {"timestamp":1782773939582,"type":"xhr","method":"GET","url":"/api/notifications/summary","request":{"body":null},"response":{"status":200,"statusText":"OK","body":{"unread":6}},"duration":3,"error":null}
[2026-06-29T22:59:00.818Z] {"timestamp":1782773939583,"type":"xhr","method":"GET","url":"/api/admin/conversas/fila/estatisticas","request":{"body":null},"response":{"status":200,"statusText":"OK","body":{"success":true,"data":{"mensagens_nao_lidas":99}}},"duration":3,"error":null}
[2026-06-29T22:59:01.039Z] {"timestamp":1782773940892,"type":"xhr","method":"GET","url":"/api/dashboard/timeline?per_page=20&category=all","request":{"body":null},"response":{"status":500,"statusText":"Internal Server Error","body":""},"duration":8,"error":null}
[2026-06-29T22:59:01.489Z] {"timestamp":1782773941439,"type":"xhr","method":"GET","url":"/api/admin/conversas/fila/estatisticas","request":{"body":null},"response":{"status":200,"statusText":"OK","body":{"success":true,"data":{"mensagens_nao_lidas":99}}},"duration":3,"error":null}
[2026-06-29T22:59:01.489Z] {"timestamp":1782773941439,"type":"xhr","method":"GET","url":"/api/notifications/summary","request":{"body":null},"response":{"status":200,"statusText":"OK","body":{"unread":6}},"duration":4,"error":null}
[2026-06-29T22:59:02.402Z] {"timestamp":1782773940876,"type":"xhr","method":"GET","url":"/api/dashboard/timeline?per_page=20&category=all","request":{"body":null},"response":{"status":500,"statusText":"Internal Server Error","body":""},"duration":7,"error":null}
[2026-06-29T22:59:02.402Z] {"timestamp":1782773941886,"type":"xhr","method":"GET","url":"/api/dashboard/timeline?per_page=20&category=all","request":{"body":null},"response":{"status":500,"statusText":"Internal Server Error","body":""},"duration":5,"error":null}
[2026-06-29T22:59:03.034Z] {"timestamp":1782773941917,"type":"xhr","method":"GET","url":"/api/dashboard/timeline?per_page=20&category=all","request":{"body":null},"response":{"status":500,"statusText":"Internal Server Error","body":""},"duration":4,"error":null}
[2026-06-29T22:59:04.406Z] {"timestamp":1782773943898,"type":"xhr","method":"GET","url":"/api/dashboard/timeline?per_page=20&category=all","request":{"body":null},"response":{"status":500,"statusText":"Internal Server Error","body":""},"duration":10,"error":null}
[2026-06-29T22:59:05.045Z] {"timestamp":1782773943937,"type":"xhr","method":"GET","url":"/api/dashboard/timeline?per_page=20&category=all","request":{"body":null},"response":{"status":500,"statusText":"Internal Server Error","body":""},"duration":10,"error":null}
[2026-06-29T22:59:06.825Z] {"timestamp":1782773946594,"type":"xhr","method":"GET","url":"/api/notifications/summary","request":{"body":null},"response":{"status":200,"statusText":"OK","body":{"unread":6}},"duration":3,"error":null}
[2026-06-29T22:59:06.825Z] {"timestamp":1782773946595,"type":"xhr","method":"GET","url":"/api/admin/conversas/fila/estatisticas","request":{"body":null},"response":{"status":200,"statusText":"OK","body":{"success":true,"data":{"mensagens_nao_lidas":99}}},"duration":3,"error":null}
[2026-06-29T22:59:08.405Z] {"timestamp":1782773947913,"type":"xhr","method":"GET","url":"/api/dashboard/timeline?per_page=20&category=all","request":{"body":null},"response":{"status":500,"statusText":"Internal Server Error","body":""},"duration":5,"error":null}
[2026-06-29T22:59:09.044Z] {"timestamp":1782773947960,"type":"xhr","method":"GET","url":"/api/dashboard/timeline?per_page=20&category=all","request":{"body":null},"response":{"status":500,"statusText":"Internal Server Error","body":""},"duration":5,"error":null}
[2026-06-29T22:59:09.500Z] {"timestamp":1782773948450,"type":"xhr","method":"GET","url":"/api/admin/conversas/fila/estatisticas","request":{"body":null},"response":{"status":200,"statusText":"OK","body":{"success":true,"data":{"mensagens_nao_lidas":99}}},"duration":6,"error":null}
[2026-06-29T22:59:09.500Z] {"timestamp":1782773948451,"type":"xhr","method":"GET","url":"/api/notifications/summary","request":{"body":null},"response":{"status":200,"statusText":"OK","body":{"unread":6}},"duration":5,"error":null}
[2026-06-29T22:59:14.830Z] {"timestamp":1782773953602,"type":"xhr","method":"GET","url":"/api/notifications/summary","request":{"body":null},"response":{"status":200,"statusText":"OK","body":{"unread":6}},"duration":4,"error":null}
[2026-06-29T22:59:14.830Z] {"timestamp":1782773953602,"type":"xhr","method":"GET","url":"/api/admin/conversas/fila/estatisticas","request":{"body":null},"response":{"status":200,"statusText":"OK","body":{"success":true,"data":{"mensagens_nao_lidas":99}}},"duration":5,"error":null}
[2026-06-29T22:59:15.493Z] {"timestamp":1782773955459,"type":"xhr","method":"GET","url":"/api/admin/conversas/fila/estatisticas","request":{"body":null},"response":{"status":200,"statusText":"OK","body":{"success":true,"data":{"mensagens_nao_lidas":99}}},"duration":4,"error":null}
[2026-06-29T22:59:15.493Z] {"timestamp":1782773955459,"type":"xhr","method":"GET","url":"/api/notifications/summary","request":{"body":null},"response":{"status":200,"statusText":"OK","body":{"unread":6}},"duration":4,"error":null}
[2026-06-29T22:59:20.816Z] {"timestamp":1782773960612,"type":"xhr","method":"GET","url":"/api/notifications/summary","request":{"body":null},"response":{"status":200,"statusText":"OK","body":{"unread":6}},"duration":3,"error":null}
[2026-06-29T22:59:20.816Z] {"timestamp":1782773960612,"type":"xhr","method":"GET","url":"/api/admin/conversas/fila/estatisticas","request":{"body":null},"response":{"status":200,"statusText":"OK","body":{"success":true,"data":{"mensagens_nao_lidas":99}}},"duration":4,"error":null}
[2026-06-29T22:59:23.500Z] {"timestamp":1782773962468,"type":"xhr","method":"GET","url":"/api/admin/conversas/fila/estatisticas","request":{"body":null},"response":{"status":200,"statusText":"OK","body":{"success":true,"data":{"mensagens_nao_lidas":99}}},"duration":4,"error":null}
[2026-06-29T22:59:23.500Z] {"timestamp":1782773962468,"type":"xhr","method":"GET","url":"/api/notifications/summary","request":{"body":null},"response":{"status":200,"statusText":"OK","body":{"unread":6}},"duration":5,"error":null}
[2026-06-29T22:59:28.818Z] {"timestamp":1782773967629,"type":"xhr","method":"GET","url":"/api/notifications/summary","request":{"body":null},"response":{"status":200,"statusText":"OK","body":{"unread":6}},"duration":5,"error":null}
[2026-06-29T22:59:28.818Z] {"timestamp":1782773967630,"type":"xhr","method":"GET","url":"/api/admin/conversas/fila/estatisticas","request":{"body":null},"response":{"status":200,"statusText":"OK","body":{"success":true,"data":{"mensagens_nao_lidas":99}}},"duration":4,"error":null}
[2026-06-29T22:59:29.497Z] {"timestamp":1782773969478,"type":"xhr","method":"GET","url":"/api/admin/conversas/fila/estatisticas","request":{"body":null},"response":{"status":200,"statusText":"OK","body":{"success":true,"data":{"mensagens_nao_lidas":99}}},"duration":4,"error":null}
[2026-06-29T22:59:29.497Z] {"timestamp":1782773969478,"type":"xhr","method":"GET","url":"/api/notifications/summary","request":{"body":null},"response":{"status":200,"statusText":"OK","body":{"unread":6}},"duration":4,"error":null}
[2026-06-29T22:59:34.816Z] {"timestamp":1782773974642,"type":"xhr","method":"GET","url":"/api/notifications/summary","request":{"body":null},"response":{"status":200,"statusText":"OK","body":{"unread":6}},"duration":3,"error":null}
[2026-06-29T22:59:34.816Z] {"timestamp":1782773974642,"type":"xhr","method":"GET","url":"/api/admin/conversas/fila/estatisticas","request":{"body":null},"response":{"status":200,"statusText":"OK","body":{"success":true,"data":{"mensagens_nao_lidas":99}}},"duration":4,"error":null}
[2026-06-29T22:59:37.490Z] {"timestamp":1782773976486,"type":"xhr","method":"GET","url":"/api/admin/conversas/fila/estatisticas","request":{"body":null},"response":{"status":200,"statusText":"OK","body":{"success":true,"data":{"mensagens_nao_lidas":99}}},"duration":5,"error":null}
[2026-06-29T22:59:37.490Z] {"timestamp":1782773976487,"type":"xhr","method":"GET","url":"/api/notifications/summary","request":{"body":null},"response":{"status":200,"statusText":"OK","body":{"unread":6}},"duration":5,"error":null}
[2026-06-29T22:59:42.821Z] {"timestamp":1782773981657,"type":"xhr","method":"GET","url":"/api/notifications/summary","request":{"body":null},"response":{"status":200,"statusText":"OK","body":{"unread":6}},"duration":4,"error":null}
[2026-06-29T22:59:42.821Z] {"timestamp":1782773981657,"type":"xhr","method":"GET","url":"/api/admin/conversas/fila/estatisticas","request":{"body":null},"response":{"status":200,"statusText":"OK","body":{"success":true,"data":{"mensagens_nao_lidas":99}}},"duration":5,"error":null}
[2026-06-29T22:59:45.495Z] {"timestamp":1782773983500,"type":"xhr","method":"GET","url":"/api/admin/conversas/fila/estatisticas","request":{"body":null},"response":{"status":200,"statusText":"OK","body":{"success":true,"data":{"mensagens_nao_lidas":99}}},"duration":4,"error":null}
[2026-06-29T22:59:45.495Z] {"timestamp":1782773983500,"type":"xhr","method":"GET","url":"/api/notifications/summary","request":{"body":null},"response":{"status":200,"statusText":"OK","body":{"unread":6}},"duration":5,"error":null}
[2026-06-29T22:59:46.401Z] {"timestamp":1782773985632,"type":"xhr","method":"GET","url":"/api/notifications/summary","request":{"body":null},"response":{"status":500,"statusText":"Internal Server Error","body":""},"duration":11,"error":null}
[2026-06-29T22:59:46.401Z] {"timestamp":1782773985632,"type":"xhr","method":"GET","url":"/api/admin/conversas/fila/estatisticas","request":{"body":null},"response":{"status":500,"statusText":"Internal Server Error","body":""},"duration":12,"error":null}
[2026-06-29T22:59:47.038Z] {"timestamp":1782773985632,"type":"xhr","method":"GET","url":"/api/notifications/summary","request":{"body":null},"response":{"status":500,"statusText":"Internal Server Error","body":""},"duration":12,"error":null}
[2026-06-29T22:59:47.038Z] {"timestamp":1782773985632,"type":"xhr","method":"GET","url":"/api/admin/conversas/fila/estatisticas","request":{"body":null},"response":{"status":500,"statusText":"Internal Server Error","body":""},"duration":13,"error":null}
[2026-06-29T22:59:48.817Z] {"timestamp":1782773988672,"type":"xhr","method":"GET","url":"/api/notifications/summary","request":{"body":null},"response":{"status":200,"statusText":"OK","body":{"unread":6}},"duration":4,"error":null}
[2026-06-29T22:59:48.817Z] {"timestamp":1782773988673,"type":"xhr","method":"GET","url":"/api/admin/conversas/fila/estatisticas","request":{"body":null},"response":{"status":200,"statusText":"OK","body":{"success":true,"data":{"mensagens_nao_lidas":99}}},"duration":4,"error":null}
[2026-06-29T22:59:51.488Z] {"timestamp":1782773990518,"type":"xhr","method":"GET","url":"/api/admin/conversas/fila/estatisticas","request":{"body":null},"response":{"status":200,"statusText":"OK","body":{"success":true,"data":{"mensagens_nao_lidas":99}}},"duration":4,"error":null}
[2026-06-29T22:59:51.488Z] {"timestamp":1782773990518,"type":"xhr","method":"GET","url":"/api/notifications/summary","request":{"body":null},"response":{"status":200,"statusText":"OK","body":{"unread":6}},"duration":4,"error":null}
[2026-06-29T22:59:56.819Z] {"timestamp":1782773995685,"type":"xhr","method":"GET","url":"/api/notifications/summary","request":{"body":null},"response":{"status":200,"statusText":"OK","body":{"unread":6}},"duration":4,"error":null}
[2026-06-29T22:59:56.819Z] {"timestamp":1782773995686,"type":"xhr","method":"GET","url":"/api/admin/conversas/fila/estatisticas","request":{"body":null},"response":{"status":200,"statusText":"OK","body":{"success":true,"data":{"mensagens_nao_lidas":99}}},"duration":4,"error":null}
[2026-06-29T22:59:59.499Z] {"timestamp":1782773997536,"type":"xhr","method":"GET","url":"/api/notifications/summary","request":{"body":null},"response":{"status":200,"statusText":"OK","body":{"unread":6}},"duration":6,"error":null}
[2026-06-29T22:59:59.499Z] {"timestamp":1782773997535,"type":"xhr","method":"GET","url":"/api/admin/conversas/fila/estatisticas","request":{"body":null},"response":{"status":200,"statusText":"OK","body":{"success":true,"data":{"mensagens_nao_lidas":99}}},"duration":8,"error":null}
[2026-06-29T23:00:02.815Z] {"timestamp":1782774002697,"type":"xhr","method":"GET","url":"/api/notifications/summary","request":{"body":null},"response":{"status":200,"statusText":"OK","body":{"unread":6}},"duration":3,"error":null}
[2026-06-29T23:00:02.815Z] {"timestamp":1782774002698,"type":"xhr","method":"GET","url":"/api/admin/conversas/fila/estatisticas","request":{"body":null},"response":{"status":200,"statusText":"OK","body":{"success":true,"data":{"mensagens_nao_lidas":99}}},"duration":3,"error":null}
[2026-06-29T23:00:05.496Z] {"timestamp":1782774004556,"type":"xhr","method":"GET","url":"/api/notifications/summary","request":{"body":null},"response":{"status":200,"statusText":"OK","body":{"unread":6}},"duration":3,"error":null}
[2026-06-29T23:00:05.496Z] {"timestamp":1782774004556,"type":"xhr","method":"GET","url":"/api/admin/conversas/fila/estatisticas","request":{"body":null},"response":{"status":200,"statusText":"OK","body":{"success":true,"data":{"mensagens_nao_lidas":99}}},"duration":4,"error":null}
[2026-06-29T23:00:08.405Z] {"timestamp":1782774007922,"type":"xhr","method":"GET","url":"/api/dashboard/timeline?per_page=20&category=all","request":{"body":null},"response":{"status":500,"statusText":"Internal Server Error","body":""},"duration":7,"error":null}
[2026-06-29T23:00:09.042Z] {"timestamp":1782774007968,"type":"xhr","method":"GET","url":"/api/dashboard/timeline?per_page=20&category=all","request":{"body":null},"response":{"status":500,"statusText":"Internal Server Error","body":""},"duration":8,"error":null}
[2026-06-29T23:00:09.042Z] {"timestamp":1782774008978,"type":"xhr","method":"GET","url":"/api/dashboard/timeline?per_page=20&category=all","request":{"body":null},"response":{"status":500,"statusText":"Internal Server Error","body":""},"duration":5,"error":null}
[2026-06-29T23:00:10.403Z] {"timestamp":1782774008932,"type":"xhr","method":"GET","url":"/api/dashboard/timeline?per_page=20&category=all","request":{"body":null},"response":{"status":500,"statusText":"Internal Server Error","body":""},"duration":5,"error":null}
[2026-06-29T23:00:10.818Z] {"timestamp":1782774009707,"type":"xhr","method":"GET","url":"/api/admin/conversas/fila/estatisticas","request":{"body":null},"response":{"status":200,"statusText":"OK","body":{"success":true,"data":{"mensagens_nao_lidas":99}}},"duration":4,"error":null}
[2026-06-29T23:00:10.818Z] {"timestamp":1782774009706,"type":"xhr","method":"GET","url":"/api/notifications/summary","request":{"body":null},"response":{"status":200,"statusText":"OK","body":{"unread":6}},"duration":5,"error":null}
[2026-06-29T23:00:11.040Z] {"timestamp":1782774010992,"type":"xhr","method":"GET","url":"/api/dashboard/timeline?per_page=20&category=all","request":{"body":null},"response":{"status":500,"statusText":"Internal Server Error","body":""},"duration":6,"error":null}
[2026-06-29T23:00:12.404Z] {"timestamp":1782774010946,"type":"xhr","method":"GET","url":"/api/dashboard/timeline?per_page=20&category=all","request":{"body":null},"response":{"status":500,"statusText":"Internal Server Error","body":""},"duration":5,"error":null}
[2026-06-29T23:00:13.501Z] {"timestamp":1782774011568,"type":"xhr","method":"GET","url":"/api/notifications/summary","request":{"body":null},"response":{"status":200,"statusText":"OK","body":{"unread":6}},"duration":3,"error":null}
[2026-06-29T23:00:13.501Z] {"timestamp":1782774011568,"type":"xhr","method":"GET","url":"/api/admin/conversas/fila/estatisticas","request":{"body":null},"response":{"status":200,"statusText":"OK","body":{"success":true,"data":{"mensagens_nao_lidas":99}}},"duration":4,"error":null}
[2026-06-29T23:00:15.038Z] {"timestamp":1782774015014,"type":"xhr","method":"GET","url":"/api/dashboard/timeline?per_page=20&category=all","request":{"body":null},"response":{"status":500,"statusText":"Internal Server Error","body":""},"duration":5,"error":null}
[2026-06-29T23:00:16.407Z] {"timestamp":1782774014952,"type":"xhr","method":"GET","url":"/api/dashboard/timeline?per_page=20&category=all","request":{"body":null},"response":{"status":500,"statusText":"Internal Server Error","body":""},"duration":5,"error":null}
[2026-06-29T23:00:16.828Z] {"timestamp":1782774016715,"type":"xhr","method":"GET","url":"/api/admin/conversas/fila/estatisticas","request":{"body":null},"response":{"status":200,"statusText":"OK","body":{"success":true,"data":{"mensagens_nao_lidas":99}}},"duration":4,"error":null}
[2026-06-29T23:00:16.828Z] {"timestamp":1782774016716,"type":"xhr","method":"GET","url":"/api/notifications/summary","request":{"body":null},"response":{"status":200,"statusText":"OK","body":{"unread":6}},"duration":5,"error":null}
[2026-06-29T23:00:19.500Z] {"timestamp":1782774018574,"type":"xhr","method":"GET","url":"/api/notifications/summary","request":{"body":null},"response":{"status":200,"statusText":"OK","body":{"unread":6}},"duration":3,"error":null}
[2026-06-29T23:00:19.500Z] {"timestamp":1782774018574,"type":"xhr","method":"GET","url":"/api/admin/conversas/fila/estatisticas","request":{"body":null},"response":{"status":200,"statusText":"OK","body":{"success":true,"data":{"mensagens_nao_lidas":99}}},"duration":4,"error":null}
[2026-06-29T23:00:24.816Z] {"timestamp":1782774023724,"type":"xhr","method":"GET","url":"/api/admin/conversas/fila/estatisticas","request":{"body":null},"response":{"status":200,"statusText":"OK","body":{"success":true,"data":{"mensagens_nao_lidas":99}}},"duration":3,"error":null}
[2026-06-29T23:00:24.816Z] {"timestamp":1782774023724,"type":"xhr","method":"GET","url":"/api/notifications/summary","request":{"body":null},"response":{"status":200,"statusText":"OK","body":{"unread":6}},"duration":4,"error":null}
[2026-06-29T23:00:27.488Z] {"timestamp":1782774025584,"type":"xhr","method":"GET","url":"/api/notifications/summary","request":{"body":null},"response":{"status":200,"statusText":"OK","body":{"unread":6}},"duration":5,"error":null}
[2026-06-29T23:00:27.488Z] {"timestamp":1782774025585,"type":"xhr","method":"GET","url":"/api/admin/conversas/fila/estatisticas","request":{"body":null},"response":{"status":200,"statusText":"OK","body":{"success":true,"data":{"mensagens_nao_lidas":99}}},"duration":4,"error":null}
[2026-06-29T23:00:30.814Z] {"timestamp":1782774030735,"type":"xhr","method":"GET","url":"/api/admin/conversas/fila/estatisticas","request":{"body":null},"response":{"status":200,"statusText":"OK","body":{"success":true,"data":{"mensagens_nao_lidas":99}}},"duration":5,"error":null}
[2026-06-29T23:00:30.814Z] {"timestamp":1782774030736,"type":"xhr","method":"GET","url":"/api/notifications/summary","request":{"body":null},"response":{"status":200,"statusText":"OK","body":{"unread":6}},"duration":5,"error":null}
[2026-06-29T23:00:33.499Z] {"timestamp":1782774032599,"type":"xhr","method":"GET","url":"/api/notifications/summary","request":{"body":null},"response":{"status":200,"statusText":"OK","body":{"unread":6}},"duration":4,"error":null}
[2026-06-29T23:00:33.499Z] {"timestamp":1782774032599,"type":"xhr","method":"GET","url":"/api/admin/conversas/fila/estatisticas","request":{"body":null},"response":{"status":200,"statusText":"OK","body":{"success":true,"data":{"mensagens_nao_lidas":99}}},"duration":5,"error":null}
[2026-06-29T23:00:38.814Z] {"timestamp":1782774037749,"type":"xhr","method":"GET","url":"/api/notifications/summary","request":{"body":null},"response":{"status":200,"statusText":"OK","body":{"unread":6}},"duration":4,"error":null}
[2026-06-29T23:00:38.814Z] {"timestamp":1782774037749,"type":"xhr","method":"GET","url":"/api/admin/conversas/fila/estatisticas","request":{"body":null},"response":{"status":200,"statusText":"OK","body":{"success":true,"data":{"mensagens_nao_lidas":99}}},"duration":4,"error":null}
[2026-06-29T23:00:41.493Z] {"timestamp":1782774039610,"type":"xhr","method":"GET","url":"/api/notifications/summary","request":{"body":null},"response":{"status":200,"statusText":"OK","body":{"unread":6}},"duration":4,"error":null}
[2026-06-29T23:00:41.493Z] {"timestamp":1782774039611,"type":"xhr","method":"GET","url":"/api/admin/conversas/fila/estatisticas","request":{"body":null},"response":{"status":200,"statusText":"OK","body":{"success":true,"data":{"mensagens_nao_lidas":99}}},"duration":3,"error":null}
[2026-06-29T23:00:44.822Z] {"timestamp":1782774044760,"type":"xhr","method":"GET","url":"/api/notifications/summary","request":{"body":null},"response":{"status":200,"statusText":"OK","body":{"unread":6}},"duration":4,"error":null}
[2026-06-29T23:00:44.822Z] {"timestamp":1782774044761,"type":"xhr","method":"GET","url":"/api/admin/conversas/fila/estatisticas","request":{"body":null},"response":{"status":200,"statusText":"OK","body":{"success":true,"data":{"mensagens_nao_lidas":99}}},"duration":4,"error":null}
[2026-06-29T23:00:46.399Z] {"timestamp":1782774045652,"type":"xhr","method":"GET","url":"/api/notifications/summary","request":{"body":null},"response":{"status":500,"statusText":"Internal Server Error","body":""},"duration":14,"error":null}
[2026-06-29T23:00:46.399Z] {"timestamp":1782774045653,"type":"xhr","method":"GET","url":"/api/admin/conversas/fila/estatisticas","request":{"body":null},"response":{"status":500,"statusText":"Internal Server Error","body":""},"duration":14,"error":null}
[2026-06-29T23:00:47.031Z] {"timestamp":1782774045652,"type":"xhr","method":"GET","url":"/api/notifications/summary","request":{"body":null},"response":{"status":500,"statusText":"Internal Server Error","body":""},"duration":14,"error":null}
[2026-06-29T23:00:47.031Z] {"timestamp":1782774045653,"type":"xhr","method":"GET","url":"/api/admin/conversas/fila/estatisticas","request":{"body":null},"response":{"status":500,"statusText":"Internal Server Error","body":""},"duration":14,"error":null}
[2026-06-29T23:00:47.497Z] {"timestamp":1782774046616,"type":"xhr","method":"GET","url":"/api/notifications/summary","request":{"body":null},"response":{"status":200,"statusText":"OK","body":{"unread":6}},"duration":4,"error":null}
[2026-06-29T23:00:47.497Z] {"timestamp":1782774046616,"type":"xhr","method":"GET","url":"/api/admin/conversas/fila/estatisticas","request":{"body":null},"response":{"status":200,"statusText":"OK","body":{"success":true,"data":{"mensagens_nao_lidas":99}}},"duration":4,"error":null}
[2026-06-29T23:00:52.818Z] {"timestamp":1782774051778,"type":"xhr","method":"GET","url":"/api/admin/conversas/fila/estatisticas","request":{"body":null},"response":{"status":200,"statusText":"OK","body":{"success":true,"data":{"mensagens_nao_lidas":99}}},"duration":3,"error":null}
[2026-06-29T23:00:52.818Z] {"timestamp":1782774051777,"type":"xhr","method":"GET","url":"/api/notifications/summary","request":{"body":null},"response":{"status":200,"statusText":"OK","body":{"unread":6}},"duration":4,"error":null}
[2026-06-29T23:00:55.500Z] {"timestamp":1782774053628,"type":"xhr","method":"GET","url":"/api/notifications/summary","request":{"body":null},"response":{"status":200,"statusText":"OK","body":{"unread":6}},"duration":4,"error":null}
[2026-06-29T23:00:55.500Z] {"timestamp":1782774053629,"type":"xhr","method":"GET","url":"/api/admin/conversas/fila/estatisticas","request":{"body":null},"response":{"status":200,"statusText":"OK","body":{"success":true,"data":{"mensagens_nao_lidas":99}}},"duration":4,"error":null}
[2026-06-29T23:00:58.815Z] {"timestamp":1782774058782,"type":"xhr","method":"GET","url":"/api/admin/conversas/fila/estatisticas","request":{"body":null},"response":{"status":200,"statusText":"OK","body":{"success":true,"data":{"mensagens_nao_lidas":99}}},"duration":3,"error":null}
[2026-06-29T23:00:58.815Z] {"timestamp":1782774058782,"type":"xhr","method":"GET","url":"/api/notifications/summary","request":{"body":null},"response":{"status":200,"statusText":"OK","body":{"unread":6}},"duration":4,"error":null}
[2026-06-29T23:01:01.492Z] {"timestamp":1782774060646,"type":"xhr","method":"GET","url":"/api/notifications/summary","request":{"body":null},"response":{"status":200,"statusText":"OK","body":{"unread":6}},"duration":3,"error":null}
[2026-06-29T23:01:01.492Z] {"timestamp":1782774060647,"type":"xhr","method":"GET","url":"/api/admin/conversas/fila/estatisticas","request":{"body":null},"response":{"status":200,"statusText":"OK","body":{"success":true,"data":{"mensagens_nao_lidas":99}}},"duration":3,"error":null}
[2026-06-29T23:01:06.815Z] {"timestamp":1782774065797,"type":"xhr","method":"GET","url":"/api/admin/conversas/fila/estatisticas","request":{"body":null},"response":{"status":200,"statusText":"OK","body":{"success":true,"data":{"mensagens_nao_lidas":99}}},"duration":4,"error":null}
[2026-06-29T23:01:06.815Z] {"timestamp":1782774065798,"type":"xhr","method":"GET","url":"/api/notifications/summary","request":{"body":null},"response":{"status":200,"statusText":"OK","body":{"unread":6}},"duration":3,"error":null}
[2026-06-29T23:01:09.490Z] {"timestamp":1782774067663,"type":"xhr","method":"GET","url":"/api/notifications/summary","request":{"body":null},"response":{"status":200,"statusText":"OK","body":{"unread":6}},"duration":5,"error":null}
[2026-06-29T23:01:09.490Z] {"timestamp":1782774067664,"type":"xhr","method":"GET","url":"/api/admin/conversas/fila/estatisticas","request":{"body":null},"response":{"status":200,"statusText":"OK","body":{"success":true,"data":{"mensagens_nao_lidas":99}}},"duration":4,"error":null}
[2026-06-29T23:01:12.822Z] {"timestamp":1782774072805,"type":"xhr","method":"GET","url":"/api/admin/conversas/fila/estatisticas","request":{"body":null},"response":{"status":200,"statusText":"OK","body":{"success":true,"data":{"mensagens_nao_lidas":99}}},"duration":3,"error":null}
[2026-06-29T23:01:12.822Z] {"timestamp":1782774072805,"type":"xhr","method":"GET","url":"/api/notifications/summary","request":{"body":null},"response":{"status":200,"statusText":"OK","body":{"unread":6}},"duration":3,"error":null}
[2026-06-29T23:01:15.506Z] {"timestamp":1782774074669,"type":"xhr","method":"GET","url":"/api/notifications/summary","request":{"body":null},"response":{"status":200,"statusText":"OK","body":{"unread":6}},"duration":3,"error":null}
[2026-06-29T23:01:15.507Z] {"timestamp":1782774074669,"type":"xhr","method":"GET","url":"/api/admin/conversas/fila/estatisticas","request":{"body":null},"response":{"status":200,"statusText":"OK","body":{"success":true,"data":{"mensagens_nao_lidas":99}}},"duration":4,"error":null}
[2026-06-29T23:01:16.404Z] {"timestamp":1782774074967,"type":"xhr","method":"GET","url":"/api/dashboard/timeline?per_page=20&category=all","request":{"body":null},"response":{"status":500,"statusText":"Internal Server Error","body":""},"duration":8,"error":null}
[2026-06-29T23:01:16.404Z] {"timestamp":1782774075982,"type":"xhr","method":"GET","url":"/api/dashboard/timeline?per_page=20&category=all","request":{"body":null},"response":{"status":500,"statusText":"Internal Server Error","body":""},"duration":6,"error":null}
[2026-06-29T23:01:17.044Z] {"timestamp":1782774075030,"type":"xhr","method":"GET","url":"/api/dashboard/timeline?per_page=20&category=all","request":{"body":null},"response":{"status":500,"statusText":"Internal Server Error","body":""},"duration":7,"error":null}
[2026-06-29T23:01:17.044Z] {"timestamp":1782774076045,"type":"xhr","method":"GET","url":"/api/dashboard/timeline?per_page=20&category=all","request":{"body":null},"response":{"status":500,"statusText":"Internal Server Error","body":""},"duration":4,"error":null}
[2026-06-29T23:01:18.401Z] {"timestamp":1782774078001,"type":"xhr","method":"GET","url":"/api/dashboard/timeline?per_page=20&category=all","request":{"body":null},"response":{"status":500,"statusText":"Internal Server Error","body":""},"duration":4,"error":null}
[2026-06-29T23:01:19.033Z] {"timestamp":1782774078064,"type":"xhr","method":"GET","url":"/api/dashboard/timeline?per_page=20&category=all","request":{"body":null},"response":{"status":500,"statusText":"Internal Server Error","body":""},"duration":5,"error":null}
[2026-06-29T23:01:20.818Z] {"timestamp":1782774079809,"type":"xhr","method":"GET","url":"/api/notifications/summary","request":{"body":null},"response":{"status":200,"statusText":"OK","body":{"unread":6}},"duration":4,"error":null}
[2026-06-29T23:01:20.818Z] {"timestamp":1782774079809,"type":"xhr","method":"GET","url":"/api/admin/conversas/fila/estatisticas","request":{"body":null},"response":{"status":200,"statusText":"OK","body":{"success":true,"data":{"mensagens_nao_lidas":99}}},"duration":4,"error":null}
[2026-06-29T23:01:22.408Z] {"timestamp":1782774082016,"type":"xhr","method":"GET","url":"/api/dashboard/timeline?per_page=20&category=all","request":{"body":null},"response":{"status":500,"statusText":"Internal Server Error","body":""},"duration":5,"error":null}
[2026-06-29T23:01:23.043Z] {"timestamp":1782774082079,"type":"xhr","method":"GET","url":"/api/dashboard/timeline?per_page=20&category=all","request":{"body":null},"response":{"status":500,"statusText":"Internal Server Error","body":""},"duration":5,"error":null}
[2026-06-29T23:01:23.498Z] {"timestamp":1782774081679,"type":"xhr","method":"GET","url":"/api/notifications/summary","request":{"body":null},"response":{"status":200,"statusText":"OK","body":{"unread":6}},"duration":4,"error":null}
[2026-06-29T23:01:23.498Z] {"timestamp":1782774081679,"type":"xhr","method":"GET","url":"/api/admin/conversas/fila/estatisticas","request":{"body":null},"response":{"status":200,"statusText":"OK","body":{"success":true,"data":{"mensagens_nao_lidas":99}}},"duration":5,"error":null}
[2026-06-29T23:01:28.814Z] {"timestamp":1782774086822,"type":"xhr","method":"GET","url":"/api/notifications/summary","request":{"body":null},"response":{"status":200,"statusText":"OK","body":{"unread":6}},"duration":7,"error":null}
[2026-06-29T23:01:28.814Z] {"timestamp":1782774086823,"type":"xhr","method":"GET","url":"/api/admin/conversas/fila/estatisticas","request":{"body":null},"response":{"status":200,"statusText":"OK","body":{"success":true,"data":{"mensagens_nao_lidas":99}}},"duration":6,"error":null}
[2026-06-29T23:01:29.496Z] {"timestamp":1782774088687,"type":"xhr","method":"GET","url":"/api/notifications/summary","request":{"body":null},"response":{"status":200,"statusText":"OK","body":{"unread":6}},"duration":4,"error":null}
[2026-06-29T23:01:29.496Z] {"timestamp":1782774088687,"type":"xhr","method":"GET","url":"/api/admin/conversas/fila/estatisticas","request":{"body":null},"response":{"status":200,"statusText":"OK","body":{"success":true,"data":{"mensagens_nao_lidas":99}}},"duration":4,"error":null}
[2026-06-29T23:01:34.818Z] {"timestamp":1782774093834,"type":"xhr","method":"GET","url":"/api/notifications/summary","request":{"body":null},"response":{"status":200,"statusText":"OK","body":{"unread":6}},"duration":6,"error":null}
[2026-06-29T23:01:34.818Z] {"timestamp":1782774093835,"type":"xhr","method":"GET","url":"/api/admin/conversas/fila/estatisticas","request":{"body":null},"response":{"status":200,"statusText":"OK","body":{"success":true,"data":{"mensagens_nao_lidas":99}}},"duration":6,"error":null}
[2026-06-29T23:01:37.493Z] {"timestamp":1782774095702,"type":"xhr","method":"GET","url":"/api/notifications/summary","request":{"body":null},"response":{"status":200,"statusText":"OK","body":{"unread":6}},"duration":4,"error":null}
[2026-06-29T23:01:37.493Z] {"timestamp":1782774095703,"type":"xhr","method":"GET","url":"/api/admin/conversas/fila/estatisticas","request":{"body":null},"response":{"status":200,"statusText":"OK","body":{"success":true,"data":{"mensagens_nao_lidas":99}}},"duration":4,"error":null}
[2026-06-29T23:01:42.817Z] {"timestamp":1782774100854,"type":"xhr","method":"GET","url":"/api/notifications/summary","request":{"body":null},"response":{"status":200,"statusText":"OK","body":{"unread":6}},"duration":3,"error":null}
[2026-06-29T23:01:42.817Z] {"timestamp":1782774100854,"type":"xhr","method":"GET","url":"/api/admin/conversas/fila/estatisticas","request":{"body":null},"response":{"status":200,"statusText":"OK","body":{"success":true,"data":{"mensagens_nao_lidas":99}}},"duration":5,"error":null}
[2026-06-29T23:01:43.499Z] {"timestamp":1782774102713,"type":"xhr","method":"GET","url":"/api/notifications/summary","request":{"body":null},"response":{"status":200,"statusText":"OK","body":{"unread":6}},"duration":6,"error":null}
[2026-06-29T23:01:43.499Z] {"timestamp":1782774102714,"type":"xhr","method":"GET","url":"/api/admin/conversas/fila/estatisticas","request":{"body":null},"response":{"status":200,"statusText":"OK","body":{"success":true,"data":{"mensagens_nao_lidas":99}}},"duration":5,"error":null}
[2026-06-29T23:01:46.403Z] {"timestamp":1782774105668,"type":"xhr","method":"GET","url":"/api/notifications/summary","request":{"body":null},"response":{"status":500,"statusText":"Internal Server Error","body":""},"duration":11,"error":null}
[2026-06-29T23:01:46.403Z] {"timestamp":1782774105668,"type":"xhr","method":"GET","url":"/api/admin/conversas/fila/estatisticas","request":{"body":null},"response":{"status":500,"statusText":"Internal Server Error","body":""},"duration":12,"error":null}
[2026-06-29T23:01:47.042Z] {"timestamp":1782774105668,"type":"xhr","method":"GET","url":"/api/notifications/summary","request":{"body":null},"response":{"status":500,"statusText":"Internal Server Error","body":""},"duration":10,"error":null}
[2026-06-29T23:01:47.042Z] {"timestamp":1782774105668,"type":"xhr","method":"GET","url":"/api/admin/conversas/fila/estatisticas","request":{"body":null},"response":{"status":500,"statusText":"Internal Server Error","body":""},"duration":11,"error":null}
[2026-06-29T23:01:48.827Z] {"timestamp":1782774107872,"type":"xhr","method":"GET","url":"/api/notifications/summary","request":{"body":null},"response":{"status":200,"statusText":"OK","body":{"unread":6}},"duration":4,"error":null}
[2026-06-29T23:01:48.827Z] {"timestamp":1782774107873,"type":"xhr","method":"GET","url":"/api/admin/conversas/fila/estatisticas","request":{"body":null},"response":{"status":200,"statusText":"OK","body":{"success":true,"data":{"mensagens_nao_lidas":99}}},"duration":3,"error":null}
[2026-06-29T23:01:51.498Z] {"timestamp":1782774109729,"type":"xhr","method":"GET","url":"/api/admin/conversas/fila/estatisticas","request":{"body":null},"response":{"status":200,"statusText":"OK","body":{"success":true,"data":{"mensagens_nao_lidas":99}}},"duration":4,"error":null}
[2026-06-29T23:01:51.498Z] {"timestamp":1782774109729,"type":"xhr","method":"GET","url":"/api/notifications/summary","request":{"body":null},"response":{"status":200,"statusText":"OK","body":{"unread":6}},"duration":4,"error":null}
[2026-06-29T23:01:56.823Z] {"timestamp":1782774114886,"type":"xhr","method":"GET","url":"/api/notifications/summary","request":{"body":null},"response":{"status":200,"statusText":"OK","body":{"unread":6}},"duration":4,"error":null}
[2026-06-29T23:01:56.823Z] {"timestamp":1782774114887,"type":"xhr","method":"GET","url":"/api/admin/conversas/fila/estatisticas","request":{"body":null},"response":{"status":200,"statusText":"OK","body":{"success":true,"data":{"mensagens_nao_lidas":99}}},"duration":4,"error":null}
[2026-06-29T23:01:57.493Z] {"timestamp":1782774116742,"type":"xhr","method":"GET","url":"/api/admin/conversas/fila/estatisticas","request":{"body":null},"response":{"status":200,"statusText":"OK","body":{"success":true,"data":{"mensagens_nao_lidas":99}}},"duration":3,"error":null}
[2026-06-29T23:01:57.493Z] {"timestamp":1782774116742,"type":"xhr","method":"GET","url":"/api/notifications/summary","request":{"body":null},"response":{"status":200,"statusText":"OK","body":{"unread":6}},"duration":3,"error":null}
[2026-06-29T23:02:02.814Z] {"timestamp":1782774121894,"type":"xhr","method":"GET","url":"/api/notifications/summary","request":{"body":null},"response":{"status":200,"statusText":"OK","body":{"unread":6}},"duration":4,"error":null}
[2026-06-29T23:02:02.814Z] {"timestamp":1782774121895,"type":"xhr","method":"GET","url":"/api/admin/conversas/fila/estatisticas","request":{"body":null},"response":{"status":200,"statusText":"OK","body":{"success":true,"data":{"mensagens_nao_lidas":99}}},"duration":3,"error":null}
[2026-06-29T23:02:05.494Z] {"timestamp":1782774123746,"type":"xhr","method":"GET","url":"/api/admin/conversas/fila/estatisticas","request":{"body":null},"response":{"status":200,"statusText":"OK","body":{"success":true,"data":{"mensagens_nao_lidas":99}}},"duration":4,"error":null}
[2026-06-29T23:02:05.494Z] {"timestamp":1782774123747,"type":"xhr","method":"GET","url":"/api/notifications/summary","request":{"body":null},"response":{"status":200,"statusText":"OK","body":{"unread":6}},"duration":3,"error":null}
[2026-06-29T23:02:10.818Z] {"timestamp":1782774128901,"type":"xhr","method":"GET","url":"/api/notifications/summary","request":{"body":null},"response":{"status":200,"statusText":"OK","body":{"unread":6}},"duration":4,"error":null}
[2026-06-29T23:02:10.818Z] {"timestamp":1782774128902,"type":"xhr","method":"GET","url":"/api/admin/conversas/fila/estatisticas","request":{"body":null},"response":{"status":200,"statusText":"OK","body":{"success":true,"data":{"mensagens_nao_lidas":99}}},"duration":4,"error":null}
[2026-06-29T23:02:11.489Z] {"timestamp":1782774130754,"type":"xhr","method":"GET","url":"/api/notifications/summary","request":{"body":null},"response":{"status":200,"statusText":"OK","body":{"unread":6}},"duration":4,"error":null}
[2026-06-29T23:02:11.489Z] {"timestamp":1782774130753,"type":"xhr","method":"GET","url":"/api/admin/conversas/fila/estatisticas","request":{"body":null},"response":{"status":200,"statusText":"OK","body":{"success":true,"data":{"mensagens_nao_lidas":99}}},"duration":5,"error":null}
[2026-06-29T23:02:16.814Z] {"timestamp":1782774135914,"type":"xhr","method":"GET","url":"/api/notifications/summary","request":{"body":null},"response":{"status":200,"statusText":"OK","body":{"unread":6}},"duration":4,"error":null}
[2026-06-29T23:02:16.814Z] {"timestamp":1782774135915,"type":"xhr","method":"GET","url":"/api/admin/conversas/fila/estatisticas","request":{"body":null},"response":{"status":200,"statusText":"OK","body":{"success":true,"data":{"mensagens_nao_lidas":99}}},"duration":3,"error":null}
[2026-06-29T23:02:19.500Z] {"timestamp":1782774137765,"type":"xhr","method":"GET","url":"/api/notifications/summary","request":{"body":null},"response":{"status":200,"statusText":"OK","body":{"unread":6}},"duration":7,"error":null}
[2026-06-29T23:02:19.500Z] {"timestamp":1782774137766,"type":"xhr","method":"GET","url":"/api/admin/conversas/fila/estatisticas","request":{"body":null},"response":{"status":200,"statusText":"OK","body":{"success":true,"data":{"mensagens_nao_lidas":99}}},"duration":6,"error":null}
[2026-06-29T23:02:22.403Z] {"timestamp":1782774142029,"type":"xhr","method":"GET","url":"/api/dashboard/timeline?per_page=20&category=all","request":{"body":null},"response":{"status":500,"statusText":"Internal Server Error","body":""},"duration":7,"error":null}
[2026-06-29T23:02:23.032Z] {"timestamp":1782774142091,"type":"xhr","method":"GET","url":"/api/dashboard/timeline?per_page=20&category=all","request":{"body":null},"response":{"status":500,"statusText":"Internal Server Error","body":""},"duration":12,"error":null}
[2026-06-29T23:02:24.402Z] {"timestamp":1782774143046,"type":"xhr","method":"GET","url":"/api/dashboard/timeline?per_page=20&category=all","request":{"body":null},"response":{"status":500,"statusText":"Internal Server Error","body":""},"duration":5,"error":null}
[2026-06-29T23:02:24.824Z] {"timestamp":1782774142922,"type":"xhr","method":"GET","url":"/api/notifications/summary","request":{"body":null},"response":{"status":200,"statusText":"OK","body":{"unread":6}},"duration":5,"error":null}
[2026-06-29T23:02:24.824Z] {"timestamp":1782774142922,"type":"xhr","method":"GET","url":"/api/admin/conversas/fila/estatisticas","request":{"body":null},"response":{"status":200,"statusText":"OK","body":{"success":true,"data":{"mensagens_nao_lidas":99}}},"duration":5,"error":null}
[2026-06-29T23:02:25.045Z] {"timestamp":1782774143113,"type":"xhr","method":"GET","url":"/api/dashboard/timeline?per_page=20&category=all","request":{"body":null},"response":{"status":500,"statusText":"Internal Server Error","body":""},"duration":5,"error":null}
[2026-06-29T23:02:25.507Z] {"timestamp":1782774144775,"type":"xhr","method":"GET","url":"/api/notifications/summary","request":{"body":null},"response":{"status":200,"statusText":"OK","body":{"unread":6}},"duration":3,"error":null}
[2026-06-29T23:02:25.507Z] {"timestamp":1782774144775,"type":"xhr","method":"GET","url":"/api/admin/conversas/fila/estatisticas","request":{"body":null},"response":{"status":200,"statusText":"OK","body":{"success":true,"data":{"mensagens_nao_lidas":99}}},"duration":4,"error":null}
[2026-06-29T23:02:26.410Z] {"timestamp":1782774145059,"type":"xhr","method":"GET","url":"/api/dashboard/timeline?per_page=20&category=all","request":{"body":null},"response":{"status":500,"statusText":"Internal Server Error","body":""},"duration":6,"error":null}
[2026-06-29T23:02:27.035Z] {"timestamp":1782774145121,"type":"xhr","method":"GET","url":"/api/dashboard/timeline?per_page=20&category=all","request":{"body":null},"response":{"status":500,"statusText":"Internal Server Error","body":""},"duration":6,"error":null}
[2026-06-29T23:02:30.402Z] {"timestamp":1782774149080,"type":"xhr","method":"GET","url":"/api/dashboard/timeline?per_page=20&category=all","request":{"body":null},"response":{"status":500,"statusText":"Internal Server Error","body":""},"duration":5,"error":null}
[2026-06-29T23:02:30.815Z] {"timestamp":1782774149934,"type":"xhr","method":"GET","url":"/api/notifications/summary","request":{"body":null},"response":{"status":200,"statusText":"OK","body":{"unread":6}},"duration":3,"error":null}
[2026-06-29T23:02:30.815Z] {"timestamp":1782774149934,"type":"xhr","method":"GET","url":"/api/admin/conversas/fila/estatisticas","request":{"body":null},"response":{"status":200,"statusText":"OK","body":{"success":true,"data":{"mensagens_nao_lidas":99}}},"duration":5,"error":null}
[2026-06-29T23:02:31.032Z] {"timestamp":1782774149142,"type":"xhr","method":"GET","url":"/api/dashboard/timeline?per_page=20&category=all","request":{"body":null},"response":{"status":500,"statusText":"Internal Server Error","body":""},"duration":5,"error":null}
[2026-06-29T23:02:33.503Z] {"timestamp":1782774151786,"type":"xhr","method":"GET","url":"/api/notifications/summary","request":{"body":null},"response":{"status":200,"statusText":"OK","body":{"unread":6}},"duration":4,"error":null}
[2026-06-29T23:02:33.503Z] {"timestamp":1782774151786,"type":"xhr","method":"GET","url":"/api/admin/conversas/fila/estatisticas","request":{"body":null},"response":{"status":200,"statusText":"OK","body":{"success":true,"data":{"mensagens_nao_lidas":99}}},"duration":5,"error":null}
[2026-06-29T23:02:38.830Z] {"timestamp":1782774156950,"type":"xhr","method":"GET","url":"/api/notifications/summary","request":{"body":null},"response":{"status":200,"statusText":"OK","body":{"unread":6}},"duration":4,"error":null}
[2026-06-29T23:02:38.830Z] {"timestamp":1782774156950,"type":"xhr","method":"GET","url":"/api/admin/conversas/fila/estatisticas","request":{"body":null},"response":{"status":200,"statusText":"OK","body":{"success":true,"data":{"mensagens_nao_lidas":99}}},"duration":4,"error":null}
[2026-06-29T23:02:39.488Z] {"timestamp":1782774158794,"type":"xhr","method":"GET","url":"/api/notifications/summary","request":{"body":null},"response":{"status":200,"statusText":"OK","body":{"unread":6}},"duration":5,"error":null}
[2026-06-29T23:02:39.488Z] {"timestamp":1782774158795,"type":"xhr","method":"GET","url":"/api/admin/conversas/fila/estatisticas","request":{"body":null},"response":{"status":200,"statusText":"OK","body":{"success":true,"data":{"mensagens_nao_lidas":99}}},"duration":4,"error":null}
[2026-06-29T23:02:44.818Z] {"timestamp":1782774163956,"type":"xhr","method":"GET","url":"/api/notifications/summary","request":{"body":null},"response":{"status":200,"statusText":"OK","body":{"unread":6}},"duration":4,"error":null}
[2026-06-29T23:02:44.818Z] {"timestamp":1782774163957,"type":"xhr","method":"GET","url":"/api/admin/conversas/fila/estatisticas","request":{"body":null},"response":{"status":200,"statusText":"OK","body":{"success":true,"data":{"mensagens_nao_lidas":99}}},"duration":3,"error":null}
[2026-06-29T23:02:46.399Z] {"timestamp":1782774165691,"type":"xhr","method":"GET","url":"/api/notifications/summary","request":{"body":null},"response":{"status":500,"statusText":"Internal Server Error","body":""},"duration":18,"error":null}
[2026-06-29T23:02:46.399Z] {"timestamp":1782774165692,"type":"xhr","method":"GET","url":"/api/admin/conversas/fila/estatisticas","request":{"body":null},"response":{"status":500,"statusText":"Internal Server Error","body":""},"duration":20,"error":null}
[2026-06-29T23:02:47.038Z] {"timestamp":1782774165691,"type":"xhr","method":"GET","url":"/api/notifications/summary","request":{"body":null},"response":{"status":500,"statusText":"Internal Server Error","body":""},"duration":15,"error":null}
[2026-06-29T23:02:47.038Z] {"timestamp":1782774165692,"type":"xhr","method":"GET","url":"/api/admin/conversas/fila/estatisticas","request":{"body":null},"response":{"status":500,"statusText":"Internal Server Error","body":""},"duration":17,"error":null}
[2026-06-29T23:02:47.489Z] {"timestamp":1782774165809,"type":"xhr","method":"GET","url":"/api/notifications/summary","request":{"body":null},"response":{"status":200,"statusText":"OK","body":{"unread":6}},"duration":5,"error":null}
[2026-06-29T23:02:47.489Z] {"timestamp":1782774165810,"type":"xhr","method":"GET","url":"/api/admin/conversas/fila/estatisticas","request":{"body":null},"response":{"status":200,"statusText":"OK","body":{"success":true,"data":{"mensagens_nao_lidas":99}}},"duration":4,"error":null}
[2026-06-29T23:02:52.817Z] {"timestamp":1782774170973,"type":"xhr","method":"GET","url":"/api/notifications/summary","request":{"body":null},"response":{"status":200,"statusText":"OK","body":{"unread":6}},"duration":4,"error":null}
[2026-06-29T23:02:52.817Z] {"timestamp":1782774170974,"type":"xhr","method":"GET","url":"/api/admin/conversas/fila/estatisticas","request":{"body":null},"response":{"status":200,"statusText":"OK","body":{"success":true,"data":{"mensagens_nao_lidas":99}}},"duration":3,"error":null}
[2026-06-29T23:02:53.498Z] {"timestamp":1782774172827,"type":"xhr","method":"GET","url":"/api/notifications/summary","request":{"body":null},"response":{"status":200,"statusText":"OK","body":{"unread":6}},"duration":4,"error":null}
[2026-06-29T23:02:53.498Z] {"timestamp":1782774172828,"type":"xhr","method":"GET","url":"/api/admin/conversas/fila/estatisticas","request":{"body":null},"response":{"status":200,"statusText":"OK","body":{"success":true,"data":{"mensagens_nao_lidas":99}}},"duration":3,"error":null}
[2026-06-29T23:02:58.828Z] {"timestamp":1782774177990,"type":"xhr","method":"GET","url":"/api/notifications/summary","request":{"body":null},"response":{"status":200,"statusText":"OK","body":{"unread":6}},"duration":3,"error":null}
[2026-06-29T23:02:58.828Z] {"timestamp":1782774177990,"type":"xhr","method":"GET","url":"/api/admin/conversas/fila/estatisticas","request":{"body":null},"response":{"status":200,"statusText":"OK","body":{"success":true,"data":{"mensagens_nao_lidas":99}}},"duration":4,"error":null}
[2026-06-29T23:03:01.497Z] {"timestamp":1782774179833,"type":"xhr","method":"GET","url":"/api/notifications/summary","request":{"body":null},"response":{"status":200,"statusText":"OK","body":{"unread":6}},"duration":4,"error":null}
[2026-06-29T23:03:01.497Z] {"timestamp":1782774179834,"type":"xhr","method":"GET","url":"/api/admin/conversas/fila/estatisticas","request":{"body":null},"response":{"status":200,"statusText":"OK","body":{"success":true,"data":{"mensagens_nao_lidas":99}}},"duration":4,"error":null}
[2026-06-29T23:03:06.814Z] {"timestamp":1782774185007,"type":"xhr","method":"GET","url":"/api/notifications/summary","request":{"body":null},"response":{"status":200,"statusText":"OK","body":{"unread":6}},"duration":3,"error":null}
[2026-06-29T23:03:06.814Z] {"timestamp":1782774185007,"type":"xhr","method":"GET","url":"/api/admin/conversas/fila/estatisticas","request":{"body":null},"response":{"status":200,"statusText":"OK","body":{"success":true,"data":{"mensagens_nao_lidas":99}}},"duration":4,"error":null}
[2026-06-29T23:03:07.491Z] {"timestamp":1782774186843,"type":"xhr","method":"GET","url":"/api/notifications/summary","request":{"body":null},"response":{"status":200,"statusText":"OK","body":{"unread":6}},"duration":3,"error":null}
[2026-06-29T23:03:07.491Z] {"timestamp":1782774186843,"type":"xhr","method":"GET","url":"/api/admin/conversas/fila/estatisticas","request":{"body":null},"response":{"status":200,"statusText":"OK","body":{"success":true,"data":{"mensagens_nao_lidas":99}}},"duration":4,"error":null}
[2026-06-29T23:03:12.827Z] {"timestamp":1782774192019,"type":"xhr","method":"GET","url":"/api/notifications/summary","request":{"body":null},"response":{"status":200,"statusText":"OK","body":{"unread":6}},"duration":7,"error":null}
[2026-06-29T23:03:12.827Z] {"timestamp":1782774192020,"type":"xhr","method":"GET","url":"/api/admin/conversas/fila/estatisticas","request":{"body":null},"response":{"status":200,"statusText":"OK","body":{"success":true,"data":{"mensagens_nao_lidas":99}}},"duration":6,"error":null}
[2026-06-29T23:03:15.496Z] {"timestamp":1782774193850,"type":"xhr","method":"GET","url":"/api/notifications/summary","request":{"body":null},"response":{"status":200,"statusText":"OK","body":{"unread":6}},"duration":3,"error":null}
[2026-06-29T23:03:15.496Z] {"timestamp":1782774193850,"type":"xhr","method":"GET","url":"/api/admin/conversas/fila/estatisticas","request":{"body":null},"response":{"status":200,"statusText":"OK","body":{"success":true,"data":{"mensagens_nao_lidas":99}}},"duration":4,"error":null}
[2026-06-29T23:03:20.822Z] {"timestamp":1782774199029,"type":"xhr","method":"GET","url":"/api/notifications/summary","request":{"body":null},"response":{"status":200,"statusText":"OK","body":{"unread":6}},"duration":4,"error":null}
[2026-06-29T23:03:20.822Z] {"timestamp":1782774199030,"type":"xhr","method":"GET","url":"/api/admin/conversas/fila/estatisticas","request":{"body":null},"response":{"status":200,"statusText":"OK","body":{"success":true,"data":{"mensagens_nao_lidas":99}}},"duration":4,"error":null}
[2026-06-29T23:03:21.494Z] {"timestamp":1782774200861,"type":"xhr","method":"GET","url":"/api/notifications/summary","request":{"body":null},"response":{"status":200,"statusText":"OK","body":{"unread":6}},"duration":6,"error":null}
[2026-06-29T23:03:21.494Z] {"timestamp":1782774200862,"type":"xhr","method":"GET","url":"/api/admin/conversas/fila/estatisticas","request":{"body":null},"response":{"status":200,"statusText":"OK","body":{"success":true,"data":{"mensagens_nao_lidas":99}}},"duration":6,"error":null}
[2026-06-29T23:03:26.815Z] {"timestamp":1782774206036,"type":"xhr","method":"GET","url":"/api/notifications/summary","request":{"body":null},"response":{"status":200,"statusText":"OK","body":{"unread":6}},"duration":4,"error":null}
[2026-06-29T23:03:26.815Z] {"timestamp":1782774206036,"type":"xhr","method":"GET","url":"/api/admin/conversas/fila/estatisticas","request":{"body":null},"response":{"status":200,"statusText":"OK","body":{"success":true,"data":{"mensagens_nao_lidas":99}}},"duration":4,"error":null}
[2026-06-29T23:03:29.499Z] {"timestamp":1782774207873,"type":"xhr","method":"GET","url":"/api/admin/conversas/fila/estatisticas","request":{"body":null},"response":{"status":200,"statusText":"OK","body":{"success":true,"data":{"mensagens_nao_lidas":99}}},"duration":3,"error":null}
[2026-06-29T23:03:29.499Z] {"timestamp":1782774207872,"type":"xhr","method":"GET","url":"/api/notifications/summary","request":{"body":null},"response":{"status":200,"statusText":"OK","body":{"unread":6}},"duration":4,"error":null}
[2026-06-29T23:03:30.396Z] {"timestamp":1782774209096,"type":"xhr","method":"GET","url":"/api/dashboard/timeline?per_page=20&category=all","request":{"body":null},"response":{"status":500,"statusText":"Internal Server Error","body":""},"duration":7,"error":null}
[2026-06-29T23:03:30.396Z] {"timestamp":1782774210111,"type":"xhr","method":"GET","url":"/api/dashboard/timeline?per_page=20&category=all","request":{"body":null},"response":{"status":500,"statusText":"Internal Server Error","body":""},"duration":6,"error":null}
[2026-06-29T23:03:31.038Z] {"timestamp":1782774209157,"type":"xhr","method":"GET","url":"/api/dashboard/timeline?per_page=20&category=all","request":{"body":null},"response":{"status":500,"statusText":"Internal Server Error","body":""},"duration":8,"error":null}
[2026-06-29T23:03:31.038Z] {"timestamp":1782774210172,"type":"xhr","method":"GET","url":"/api/dashboard/timeline?per_page=20&category=all","request":{"body":null},"response":{"status":500,"statusText":"Internal Server Error","body":""},"duration":5,"error":null}
[2026-06-29T23:03:32.401Z] {"timestamp":1782774212123,"type":"xhr","method":"GET","url":"/api/dashboard/timeline?per_page=20&category=all","request":{"body":null},"response":{"status":500,"statusText":"Internal Server Error","body":""},"duration":6,"error":null}
[2026-06-29T23:03:33.046Z] {"timestamp":1782774212179,"type":"xhr","method":"GET","url":"/api/dashboard/timeline?per_page=20&category=all","request":{"body":null},"response":{"status":500,"statusText":"Internal Server Error","body":""},"duration":5,"error":null}
[2026-06-29T23:03:34.819Z] {"timestamp":1782774213045,"type":"xhr","method":"GET","url":"/api/admin/conversas/fila/estatisticas","request":{"body":null},"response":{"status":200,"statusText":"OK","body":{"success":true,"data":{"mensagens_nao_lidas":99}}},"duration":7,"error":null}
[2026-06-29T23:03:34.819Z] {"timestamp":1782774213045,"type":"xhr","method":"GET","url":"/api/notifications/summary","request":{"body":null},"response":{"status":200,"statusText":"OK","body":{"unread":6}},"duration":8,"error":null}
[2026-06-29T23:03:35.489Z] {"timestamp":1782774214879,"type":"xhr","method":"GET","url":"/api/admin/conversas/fila/estatisticas","request":{"body":null},"response":{"status":200,"statusText":"OK","body":{"success":true,"data":{"mensagens_nao_lidas":99}}},"duration":5,"error":null}
[2026-06-29T23:03:35.489Z] {"timestamp":1782774214880,"type":"xhr","method":"GET","url":"/api/notifications/summary","request":{"body":null},"response":{"status":200,"statusText":"OK","body":{"unread":6}},"duration":5,"error":null}
[2026-06-29T23:03:36.399Z] {"timestamp":1782774216133,"type":"xhr","method":"GET","url":"/api/dashboard/timeline?per_page=20&category=all","request":{"body":null},"response":{"status":500,"statusText":"Internal Server Error","body":""},"duration":5,"error":null}
[2026-06-29T23:03:37.046Z] {"timestamp":1782774216195,"type":"xhr","method":"GET","url":"/api/dashboard/timeline?per_page=20&category=all","request":{"body":null},"response":{"status":500,"statusText":"Internal Server Error","body":""},"duration":5,"error":null}
[2026-06-29T23:03:40.827Z] {"timestamp":1782774220060,"type":"xhr","method":"GET","url":"/api/admin/conversas/fila/estatisticas","request":{"body":null},"response":{"status":200,"statusText":"OK","body":{"success":true,"data":{"mensagens_nao_lidas":99}}},"duration":3,"error":null}
[2026-06-29T23:03:40.827Z] {"timestamp":1782774220061,"type":"xhr","method":"GET","url":"/api/notifications/summary","request":{"body":null},"response":{"status":200,"statusText":"OK","body":{"unread":6}},"duration":3,"error":null}
[2026-06-29T23:03:43.494Z] {"timestamp":1782774221886,"type":"xhr","method":"GET","url":"/api/admin/conversas/fila/estatisticas","request":{"body":null},"response":{"status":200,"statusText":"OK","body":{"success":true,"data":{"mensagens_nao_lidas":99}}},"duration":7,"error":null}
[2026-06-29T23:03:43.494Z] {"timestamp":1782774221887,"type":"xhr","method":"GET","url":"/api/notifications/summary","request":{"body":null},"response":{"status":200,"statusText":"OK","body":{"unread":6}},"duration":7,"error":null}
[2026-06-29T23:03:46.409Z] {"timestamp":1782774225712,"type":"xhr","method":"GET","url":"/api/notifications/summary","request":{"body":null},"response":{"status":500,"statusText":"Internal Server Error","body":""},"duration":9,"error":null}
[2026-06-29T23:03:46.410Z] {"timestamp":1782774225722,"type":"xhr","method":"GET","url":"/api/admin/conversas/fila/estatisticas","request":{"body":null},"response":{"status":500,"statusText":"Internal Server Error","body":""},"duration":4,"error":null}
[2026-06-29T23:03:47.036Z] {"timestamp":1782774225712,"type":"xhr","method":"GET","url":"/api/notifications/summary","request":{"body":null},"response":{"status":500,"statusText":"Internal Server Error","body":""},"duration":9,"error":null}
[2026-06-29T23:03:47.036Z] {"timestamp":1782774225712,"type":"xhr","method":"GET","url":"/api/admin/conversas/fila/estatisticas","request":{"body":null},"response":{"status":500,"statusText":"Internal Server Error","body":""},"duration":9,"error":null}
[2026-06-29T23:03:48.830Z] {"timestamp":1782774227066,"type":"xhr","method":"GET","url":"/api/admin/conversas/fila/estatisticas","request":{"body":null},"response":{"status":200,"statusText":"OK","body":{"success":true,"data":{"mensagens_nao_lidas":99}}},"duration":4,"error":null}
[2026-06-29T23:03:48.830Z] {"timestamp":1782774227066,"type":"xhr","method":"GET","url":"/api/notifications/summary","request":{"body":null},"response":{"status":200,"statusText":"OK","body":{"unread":6}},"duration":4,"error":null}
[2026-06-29T23:03:49.502Z] {"timestamp":1782774228904,"type":"xhr","method":"GET","url":"/api/admin/conversas/fila/estatisticas","request":{"body":null},"response":{"status":200,"statusText":"OK","body":{"success":true,"data":{"mensagens_nao_lidas":99}}},"duration":4,"error":null}
[2026-06-29T23:03:49.502Z] {"timestamp":1782774228904,"type":"xhr","method":"GET","url":"/api/notifications/summary","request":{"body":null},"response":{"status":200,"statusText":"OK","body":{"unread":6}},"duration":4,"error":null}
[2026-06-29T23:03:54.818Z] {"timestamp":1782774234075,"type":"xhr","method":"GET","url":"/api/admin/conversas/fila/estatisticas","request":{"body":null},"response":{"status":200,"statusText":"OK","body":{"success":true,"data":{"mensagens_nao_lidas":99}}},"duration":3,"error":null}
[2026-06-29T23:03:54.818Z] {"timestamp":1782774234075,"type":"xhr","method":"GET","url":"/api/notifications/summary","request":{"body":null},"response":{"status":200,"statusText":"OK","body":{"unread":6}},"duration":4,"error":null}
[2026-06-29T23:03:57.499Z] {"timestamp":1782774235910,"type":"xhr","method":"GET","url":"/api/admin/conversas/fila/estatisticas","request":{"body":null},"response":{"status":200,"statusText":"OK","body":{"success":true,"data":{"mensagens_nao_lidas":99}}},"duration":4,"error":null}
[2026-06-29T23:03:57.499Z] {"timestamp":1782774235911,"type":"xhr","method":"GET","url":"/api/notifications/summary","request":{"body":null},"response":{"status":200,"statusText":"OK","body":{"unread":6}},"duration":4,"error":null}
[2026-06-29T23:04:02.822Z] {"timestamp":1782774241092,"type":"xhr","method":"GET","url":"/api/admin/conversas/fila/estatisticas","request":{"body":null},"response":{"status":200,"statusText":"OK","body":{"success":true,"data":{"mensagens_nao_lidas":99}}},"duration":3,"error":null}
[2026-06-29T23:04:02.822Z] {"timestamp":1782774241092,"type":"xhr","method":"GET","url":"/api/notifications/summary","request":{"body":null},"response":{"status":200,"statusText":"OK","body":{"unread":6}},"duration":4,"error":null}
[2026-06-29T23:04:03.505Z] {"timestamp":1782774242926,"type":"xhr","method":"GET","url":"/api/admin/conversas/fila/estatisticas","request":{"body":null},"response":{"status":200,"statusText":"OK","body":{"success":true,"data":{"mensagens_nao_lidas":99}}},"duration":3,"error":null}
[2026-06-29T23:04:03.505Z] {"timestamp":1782774242926,"type":"xhr","method":"GET","url":"/api/notifications/summary","request":{"body":null},"response":{"status":200,"statusText":"OK","body":{"unread":6}},"duration":4,"error":null}
[2026-06-29T23:04:08.827Z] {"timestamp":1782774248107,"type":"xhr","method":"GET","url":"/api/admin/conversas/fila/estatisticas","request":{"body":null},"response":{"status":200,"statusText":"OK","body":{"success":true,"data":{"mensagens_nao_lidas":99}}},"duration":3,"error":null}
[2026-06-29T23:04:08.827Z] {"timestamp":1782774248107,"type":"xhr","method":"GET","url":"/api/notifications/summary","request":{"body":null},"response":{"status":200,"statusText":"OK","body":{"unread":6}},"duration":4,"error":null}
[2026-06-29T23:04:11.500Z] {"timestamp":1782774249942,"type":"xhr","method":"GET","url":"/api/admin/conversas/fila/estatisticas","request":{"body":null},"response":{"status":200,"statusText":"OK","body":{"success":true,"data":{"mensagens_nao_lidas":99}}},"duration":3,"error":null}
[2026-06-29T23:04:11.500Z] {"timestamp":1782774249942,"type":"xhr","method":"GET","url":"/api/notifications/summary","request":{"body":null},"response":{"status":200,"statusText":"OK","body":{"unread":6}},"duration":4,"error":null}
[2026-06-29T23:04:16.826Z] {"timestamp":1782774255125,"type":"xhr","method":"GET","url":"/api/admin/conversas/fila/estatisticas","request":{"body":null},"response":{"status":200,"statusText":"OK","body":{"success":true,"data":{"mensagens_nao_lidas":99}}},"duration":3,"error":null}
[2026-06-29T23:04:16.826Z] {"timestamp":1782774255126,"type":"xhr","method":"GET","url":"/api/notifications/summary","request":{"body":null},"response":{"status":200,"statusText":"OK","body":{"unread":6}},"duration":3,"error":null}
[2026-06-29T23:04:17.492Z] {"timestamp":1782774256957,"type":"xhr","method":"GET","url":"/api/admin/conversas/fila/estatisticas","request":{"body":null},"response":{"status":200,"statusText":"OK","body":{"success":true,"data":{"mensagens_nao_lidas":99}}},"duration":4,"error":null}
[2026-06-29T23:04:17.492Z] {"timestamp":1782774256958,"type":"xhr","method":"GET","url":"/api/notifications/summary","request":{"body":null},"response":{"status":200,"statusText":"OK","body":{"unread":6}},"duration":4,"error":null}
[2026-06-29T23:04:22.820Z] {"timestamp":1782774262143,"type":"xhr","method":"GET","url":"/api/admin/conversas/fila/estatisticas","request":{"body":null},"response":{"status":200,"statusText":"OK","body":{"success":true,"data":{"mensagens_nao_lidas":99}}},"duration":4,"error":null}
[2026-06-29T23:04:22.821Z] {"timestamp":1782774262145,"type":"xhr","method":"GET","url":"/api/notifications/summary","request":{"body":null},"response":{"status":200,"statusText":"OK","body":{"unread":6}},"duration":4,"error":null}
[2026-06-29T23:04:25.497Z] {"timestamp":1782774263966,"type":"xhr","method":"GET","url":"/api/admin/conversas/fila/estatisticas","request":{"body":null},"response":{"status":200,"statusText":"OK","body":{"success":true,"data":{"mensagens_nao_lidas":99}}},"duration":4,"error":null}
[2026-06-29T23:04:25.497Z] {"timestamp":1782774263966,"type":"xhr","method":"GET","url":"/api/notifications/summary","request":{"body":null},"response":{"status":200,"statusText":"OK","body":{"unread":6}},"duration":5,"error":null}
[2026-06-29T23:04:30.824Z] {"timestamp":1782774269155,"type":"xhr","method":"GET","url":"/api/notifications/summary","request":{"body":null},"response":{"status":200,"statusText":"OK","body":{"unread":6}},"duration":3,"error":null}
[2026-06-29T23:04:30.824Z] {"timestamp":1782774269154,"type":"xhr","method":"GET","url":"/api/admin/conversas/fila/estatisticas","request":{"body":null},"response":{"status":200,"statusText":"OK","body":{"success":true,"data":{"mensagens_nao_lidas":99}}},"duration":4,"error":null}
[2026-06-29T23:04:31.493Z] {"timestamp":1782774270975,"type":"xhr","method":"GET","url":"/api/admin/conversas/fila/estatisticas","request":{"body":null},"response":{"status":200,"statusText":"OK","body":{"success":true,"data":{"mensagens_nao_lidas":99}}},"duration":4,"error":null}
[2026-06-29T23:04:31.493Z] {"timestamp":1782774270975,"type":"xhr","method":"GET","url":"/api/notifications/summary","request":{"body":null},"response":{"status":200,"statusText":"OK","body":{"unread":6}},"duration":4,"error":null}
[2026-06-29T23:04:36.405Z] {"timestamp":1782774276151,"type":"xhr","method":"GET","url":"/api/dashboard/timeline?per_page=20&category=all","request":{"body":null},"response":{"status":500,"statusText":"Internal Server Error","body":""},"duration":7,"error":null}
[2026-06-29T23:04:36.818Z] {"timestamp":1782774276167,"type":"xhr","method":"GET","url":"/api/notifications/summary","request":{"body":null},"response":{"status":200,"statusText":"OK","body":{"unread":6}},"duration":4,"error":null}
[2026-06-29T23:04:36.818Z] {"timestamp":1782774276167,"type":"xhr","method":"GET","url":"/api/admin/conversas/fila/estatisticas","request":{"body":null},"response":{"status":200,"statusText":"OK","body":{"success":true,"data":{"mensagens_nao_lidas":99}}},"duration":4,"error":null}
[2026-06-29T23:04:37.038Z] {"timestamp":1782774276213,"type":"xhr","method":"GET","url":"/api/dashboard/timeline?per_page=20&category=all","request":{"body":null},"response":{"status":500,"statusText":"Internal Server Error","body":""},"duration":7,"error":null}
[2026-06-29T23:04:38.402Z] {"timestamp":1782774277179,"type":"xhr","method":"GET","url":"/api/dashboard/timeline?per_page=20&category=all","request":{"body":null},"response":{"status":500,"statusText":"Internal Server Error","body":""},"duration":8,"error":null}
[2026-06-29T23:04:39.047Z] {"timestamp":1782774277238,"type":"xhr","method":"GET","url":"/api/dashboard/timeline?per_page=20&category=all","request":{"body":null},"response":{"status":500,"statusText":"Internal Server Error","body":""},"duration":9,"error":null}
[2026-06-29T23:04:39.499Z] {"timestamp":1782774277982,"type":"xhr","method":"GET","url":"/api/admin/conversas/fila/estatisticas","request":{"body":null},"response":{"status":200,"statusText":"OK","body":{"success":true,"data":{"mensagens_nao_lidas":99}}},"duration":10,"error":null}
[2026-06-29T23:04:39.499Z] {"timestamp":1782774277983,"type":"xhr","method":"GET","url":"/api/notifications/summary","request":{"body":null},"response":{"status":200,"statusText":"OK","body":{"unread":6}},"duration":9,"error":null}
[2026-06-29T23:04:40.407Z] {"timestamp":1782774279201,"type":"xhr","method":"GET","url":"/api/dashboard/timeline?per_page=20&category=all","request":{"body":null},"response":{"status":500,"statusText":"Internal Server Error","body":""},"duration":14,"error":null}
[2026-06-29T23:04:41.042Z] {"timestamp":1782774279248,"type":"xhr","method":"GET","url":"/api/dashboard/timeline?per_page=20&category=all","request":{"body":null},"response":{"status":500,"statusText":"Internal Server Error","body":""},"duration":14,"error":null}
[2026-06-29T23:04:44.406Z] {"timestamp":1782774283221,"type":"xhr","method":"GET","url":"/api/dashboard/timeline?per_page=20&category=all","request":{"body":null},"response":{"status":500,"statusText":"Internal Server Error","body":""},"duration":5,"error":null}
[2026-06-29T23:04:44.817Z] {"timestamp":1782774283174,"type":"xhr","method":"GET","url":"/api/notifications/summary","request":{"body":null},"response":{"status":200,"statusText":"OK","body":{"unread":6}},"duration":4,"error":null}
[2026-06-29T23:04:44.817Z] {"timestamp":1782774283174,"type":"xhr","method":"GET","url":"/api/admin/conversas/fila/estatisticas","request":{"body":null},"response":{"status":200,"statusText":"OK","body":{"success":true,"data":{"mensagens_nao_lidas":99}}},"duration":4,"error":null}
[2026-06-29T23:04:45.034Z] {"timestamp":1782774283268,"type":"xhr","method":"GET","url":"/api/dashboard/timeline?per_page=20&category=all","request":{"body":null},"response":{"status":500,"statusText":"Internal Server Error","body":""},"duration":4,"error":null}
[2026-06-29T23:04:45.492Z] {"timestamp":1782774285001,"type":"xhr","method":"GET","url":"/api/admin/conversas/fila/estatisticas","request":{"body":null},"response":{"status":200,"statusText":"OK","body":{"success":true,"data":{"mensagens_nao_lidas":99}}},"duration":4,"error":null}
[2026-06-29T23:04:45.492Z] {"timestamp":1782774285002,"type":"xhr","method":"GET","url":"/api/notifications/summary","request":{"body":null},"response":{"status":200,"statusText":"OK","body":{"unread":6}},"duration":3,"error":null}
[2026-06-29T23:04:46.411Z] {"timestamp":1782774285725,"type":"xhr","method":"GET","url":"/api/notifications/summary","request":{"body":null},"response":{"status":500,"statusText":"Internal Server Error","body":""},"duration":10,"error":null}
[2026-06-29T23:04:46.411Z] {"timestamp":1782774285736,"type":"xhr","method":"GET","url":"/api/admin/conversas/fila/estatisticas","request":{"body":null},"response":{"status":500,"statusText":"Internal Server Error","body":""},"duration":7,"error":null}
[2026-06-29T23:04:47.036Z] {"timestamp":1782774285725,"type":"xhr","method":"GET","url":"/api/notifications/summary","request":{"body":null},"response":{"status":500,"statusText":"Internal Server Error","body":""},"duration":11,"error":null}
[2026-06-29T23:04:47.036Z] {"timestamp":1782774285726,"type":"xhr","method":"GET","url":"/api/admin/conversas/fila/estatisticas","request":{"body":null},"response":{"status":500,"statusText":"Internal Server Error","body":""},"duration":12,"error":null}
[2026-06-29T23:04:50.826Z] {"timestamp":1782774290193,"type":"xhr","method":"GET","url":"/api/notifications/summary","request":{"body":null},"response":{"status":200,"statusText":"OK","body":{"unread":6}},"duration":5,"error":null}
[2026-06-29T23:04:50.826Z] {"timestamp":1782774290194,"type":"xhr","method":"GET","url":"/api/admin/conversas/fila/estatisticas","request":{"body":null},"response":{"status":200,"statusText":"OK","body":{"success":true,"data":{"mensagens_nao_lidas":99}}},"duration":4,"error":null}
[2026-06-29T23:04:53.495Z] {"timestamp":1782774292018,"type":"xhr","method":"GET","url":"/api/notifications/summary","request":{"body":null},"response":{"status":200,"statusText":"OK","body":{"unread":6}},"duration":4,"error":null}
[2026-06-29T23:04:53.495Z] {"timestamp":1782774292018,"type":"xhr","method":"GET","url":"/api/admin/conversas/fila/estatisticas","request":{"body":null},"response":{"status":200,"statusText":"OK","body":{"success":true,"data":{"mensagens_nao_lidas":99}}},"duration":4,"error":null}
[2026-06-29T23:04:58.823Z] {"timestamp":1782774297207,"type":"xhr","method":"GET","url":"/api/notifications/summary","request":{"body":null},"response":{"status":200,"statusText":"OK","body":{"unread":6}},"duration":3,"error":null}
[2026-06-29T23:04:58.823Z] {"timestamp":1782774297207,"type":"xhr","method":"GET","url":"/api/admin/conversas/fila/estatisticas","request":{"body":null},"response":{"status":200,"statusText":"OK","body":{"success":true,"data":{"mensagens_nao_lidas":99}}},"duration":4,"error":null}
[2026-06-29T23:04:59.499Z] {"timestamp":1782774299034,"type":"xhr","method":"GET","url":"/api/notifications/summary","request":{"body":null},"response":{"status":200,"statusText":"OK","body":{"unread":6}},"duration":3,"error":null}
[2026-06-29T23:04:59.499Z] {"timestamp":1782774299034,"type":"xhr","method":"GET","url":"/api/admin/conversas/fila/estatisticas","request":{"body":null},"response":{"status":200,"statusText":"OK","body":{"success":true,"data":{"mensagens_nao_lidas":99}}},"duration":4,"error":null}
[2026-06-29T23:05:04.813Z] {"timestamp":1782774304221,"type":"xhr","method":"GET","url":"/api/notifications/summary","request":{"body":null},"response":{"status":200,"statusText":"OK","body":{"unread":6}},"duration":5,"error":null}
[2026-06-29T23:05:04.813Z] {"timestamp":1782774304222,"type":"xhr","method":"GET","url":"/api/admin/conversas/fila/estatisticas","request":{"body":null},"response":{"status":200,"statusText":"OK","body":{"success":true,"data":{"mensagens_nao_lidas":99}}},"duration":6,"error":null}
[2026-06-29T23:05:07.491Z] {"timestamp":1782774306051,"type":"xhr","method":"GET","url":"/api/notifications/summary","request":{"body":null},"response":{"status":200,"statusText":"OK","body":{"unread":6}},"duration":3,"error":null}
[2026-06-29T23:05:07.491Z] {"timestamp":1782774306051,"type":"xhr","method":"GET","url":"/api/admin/conversas/fila/estatisticas","request":{"body":null},"response":{"status":200,"statusText":"OK","body":{"success":true,"data":{"mensagens_nao_lidas":99}}},"duration":3,"error":null}
[2026-06-29T23:05:12.826Z] {"timestamp":1782774311236,"type":"xhr","method":"GET","url":"/api/notifications/summary","request":{"body":null},"response":{"status":200,"statusText":"OK","body":{"unread":6}},"duration":4,"error":null}
[2026-06-29T23:05:12.826Z] {"timestamp":1782774311237,"type":"xhr","method":"GET","url":"/api/admin/conversas/fila/estatisticas","request":{"body":null},"response":{"status":200,"statusText":"OK","body":{"success":true,"data":{"mensagens_nao_lidas":99}}},"duration":3,"error":null}
[2026-06-29T23:05:13.487Z] {"timestamp":1782774313065,"type":"xhr","method":"GET","url":"/api/notifications/summary","request":{"body":null},"response":{"status":200,"statusText":"OK","body":{"unread":6}},"duration":5,"error":null}
[2026-06-29T23:05:13.487Z] {"timestamp":1782774313066,"type":"xhr","method":"GET","url":"/api/admin/conversas/fila/estatisticas","request":{"body":null},"response":{"status":200,"statusText":"OK","body":{"success":true,"data":{"mensagens_nao_lidas":99}}},"duration":4,"error":null}
[2026-06-29T23:05:18.828Z] {"timestamp":1782774318255,"type":"xhr","method":"GET","url":"/api/notifications/summary","request":{"body":null},"response":{"status":200,"statusText":"OK","body":{"unread":6}},"duration":4,"error":null}
[2026-06-29T23:05:18.828Z] {"timestamp":1782774318256,"type":"xhr","method":"GET","url":"/api/admin/conversas/fila/estatisticas","request":{"body":null},"response":{"status":200,"statusText":"OK","body":{"success":true,"data":{"mensagens_nao_lidas":99}}},"duration":4,"error":null}
[2026-06-29T23:05:21.495Z] {"timestamp":1782774320082,"type":"xhr","method":"GET","url":"/api/notifications/summary","request":{"body":null},"response":{"status":200,"statusText":"OK","body":{"unread":6}},"duration":5,"error":null}
[2026-06-29T23:05:21.495Z] {"timestamp":1782774320083,"type":"xhr","method":"GET","url":"/api/admin/conversas/fila/estatisticas","request":{"body":null},"response":{"status":200,"statusText":"OK","body":{"success":true,"data":{"mensagens_nao_lidas":99}}},"duration":4,"error":null}
[2026-06-29T23:05:26.831Z] {"timestamp":1782774325261,"type":"xhr","method":"GET","url":"/api/notifications/summary","request":{"body":null},"response":{"status":200,"statusText":"OK","body":{"unread":6}},"duration":4,"error":null}
[2026-06-29T23:05:26.831Z] {"timestamp":1782774325262,"type":"xhr","method":"GET","url":"/api/admin/conversas/fila/estatisticas","request":{"body":null},"response":{"status":200,"statusText":"OK","body":{"success":true,"data":{"mensagens_nao_lidas":99}}},"duration":3,"error":null}
[2026-06-29T23:05:27.500Z] {"timestamp":1782774327091,"type":"xhr","method":"GET","url":"/api/notifications/summary","request":{"body":null},"response":{"status":200,"statusText":"OK","body":{"unread":6}},"duration":4,"error":null}
[2026-06-29T23:05:27.500Z] {"timestamp":1782774327092,"type":"xhr","method":"GET","url":"/api/admin/conversas/fila/estatisticas","request":{"body":null},"response":{"status":200,"statusText":"OK","body":{"success":true,"data":{"mensagens_nao_lidas":99}}},"duration":4,"error":null}
[2026-06-29T23:05:32.826Z] {"timestamp":1782774332271,"type":"xhr","method":"GET","url":"/api/notifications/summary","request":{"body":null},"response":{"status":200,"statusText":"OK","body":{"unread":6}},"duration":5,"error":null}
[2026-06-29T23:05:32.826Z] {"timestamp":1782774332271,"type":"xhr","method":"GET","url":"/api/admin/conversas/fila/estatisticas","request":{"body":null},"response":{"status":200,"statusText":"OK","body":{"success":true,"data":{"mensagens_nao_lidas":99}}},"duration":5,"error":null}
[2026-06-29T23:05:35.493Z] {"timestamp":1782774334105,"type":"xhr","method":"GET","url":"/api/notifications/summary","request":{"body":null},"response":{"status":200,"statusText":"OK","body":{"unread":6}},"duration":4,"error":null}
[2026-06-29T23:05:35.493Z] {"timestamp":1782774334105,"type":"xhr","method":"GET","url":"/api/admin/conversas/fila/estatisticas","request":{"body":null},"response":{"status":200,"statusText":"OK","body":{"success":true,"data":{"mensagens_nao_lidas":99}}},"duration":4,"error":null}
[2026-06-29T23:05:40.826Z] {"timestamp":1782774339286,"type":"xhr","method":"GET","url":"/api/notifications/summary","request":{"body":null},"response":{"status":200,"statusText":"OK","body":{"unread":6}},"duration":5,"error":null}
[2026-06-29T23:05:40.826Z] {"timestamp":1782774339287,"type":"xhr","method":"GET","url":"/api/admin/conversas/fila/estatisticas","request":{"body":null},"response":{"status":200,"statusText":"OK","body":{"success":true,"data":{"mensagens_nao_lidas":99}}},"duration":4,"error":null}
[2026-06-29T23:05:41.488Z] {"timestamp":1782774341120,"type":"xhr","method":"GET","url":"/api/notifications/summary","request":{"body":null},"response":{"status":200,"statusText":"OK","body":{"unread":6}},"duration":4,"error":null}
[2026-06-29T23:05:41.488Z] {"timestamp":1782774341121,"type":"xhr","method":"GET","url":"/api/admin/conversas/fila/estatisticas","request":{"body":null},"response":{"status":200,"statusText":"OK","body":{"success":true,"data":{"mensagens_nao_lidas":99}}},"duration":4,"error":null}
[2026-06-29T23:05:44.398Z] {"timestamp":1782774343228,"type":"xhr","method":"GET","url":"/api/dashboard/timeline?per_page=20&category=all","request":{"body":null},"response":{"status":500,"statusText":"Internal Server Error","body":""},"duration":7,"error":null}
[2026-06-29T23:05:44.398Z] {"timestamp":1782774344238,"type":"xhr","method":"GET","url":"/api/dashboard/timeline?per_page=20&category=all","request":{"body":null},"response":{"status":500,"statusText":"Internal Server Error","body":""},"duration":5,"error":null}
[2026-06-29T23:05:45.040Z] {"timestamp":1782774343275,"type":"xhr","method":"GET","url":"/api/dashboard/timeline?per_page=20&category=all","request":{"body":null},"response":{"status":500,"statusText":"Internal Server Error","body":""},"duration":7,"error":null}
[2026-06-29T23:05:45.040Z] {"timestamp":1782774344287,"type":"xhr","method":"GET","url":"/api/dashboard/timeline?per_page=20&category=all","request":{"body":null},"response":{"status":500,"statusText":"Internal Server Error","body":""},"duration":5,"error":null}
[2026-06-29T23:05:46.401Z] {"timestamp":1782774345750,"type":"xhr","method":"GET","url":"/api/notifications/summary","request":{"body":null},"response":{"status":500,"statusText":"Internal Server Error","body":""},"duration":11,"error":null}
[2026-06-29T23:05:46.401Z] {"timestamp":1782774345751,"type":"xhr","method":"GET","url":"/api/admin/conversas/fila/estatisticas","request":{"body":null},"response":{"status":500,"statusText":"Internal Server Error","body":""},"duration":11,"error":null}
[2026-06-29T23:05:46.401Z] {"timestamp":1782774346252,"type":"xhr","method":"GET","url":"/api/dashboard/timeline?per_page=20&category=all","request":{"body":null},"response":{"status":500,"statusText":"Internal Server Error","body":""},"duration":4,"error":null}
[2026-06-29T23:05:46.818Z] {"timestamp":1782774346307,"type":"xhr","method":"GET","url":"/api/admin/conversas/fila/estatisticas","request":{"body":null},"response":{"status":200,"statusText":"OK","body":{"success":true,"data":{"mensagens_nao_lidas":99}}},"duration":6,"error":null}
[2026-06-29T23:05:46.818Z] {"timestamp":1782774346306,"type":"xhr","method":"GET","url":"/api/notifications/summary","request":{"body":null},"response":{"status":200,"statusText":"OK","body":{"unread":6}},"duration":7,"error":null}
[2026-06-29T23:05:47.037Z] {"timestamp":1782774345750,"type":"xhr","method":"GET","url":"/api/notifications/summary","request":{"body":null},"response":{"status":500,"statusText":"Internal Server Error","body":""},"duration":11,"error":null}
[2026-06-29T23:05:47.037Z] {"timestamp":1782774345751,"type":"xhr","method":"GET","url":"/api/admin/conversas/fila/estatisticas","request":{"body":null},"response":{"status":500,"statusText":"Internal Server Error","body":""},"duration":10,"error":null}
[2026-06-29T23:05:47.037Z] {"timestamp":1782774346306,"type":"xhr","method":"GET","url":"/api/dashboard/timeline?per_page=20&category=all","request":{"body":null},"response":{"status":500,"statusText":"Internal Server Error","body":""},"duration":7,"error":null}
[2026-06-29T23:05:49.490Z] {"timestamp":1782774348137,"type":"xhr","method":"GET","url":"/api/notifications/summary","request":{"body":null},"response":{"status":200,"statusText":"OK","body":{"unread":6}},"duration":4,"error":null}
[2026-06-29T23:05:49.490Z] {"timestamp":1782774348138,"type":"xhr","method":"GET","url":"/api/admin/conversas/fila/estatisticas","request":{"body":null},"response":{"status":200,"statusText":"OK","body":{"success":true,"data":{"mensagens_nao_lidas":99}}},"duration":4,"error":null}
[2026-06-29T23:05:50.409Z] {"timestamp":1782774350270,"type":"xhr","method":"GET","url":"/api/dashboard/timeline?per_page=20&category=all","request":{"body":null},"response":{"status":500,"statusText":"Internal Server Error","body":""},"duration":6,"error":null}
[2026-06-29T23:05:51.038Z] {"timestamp":1782774350317,"type":"xhr","method":"GET","url":"/api/dashboard/timeline?per_page=20&category=all","request":{"body":null},"response":{"status":500,"statusText":"Internal Server Error","body":""},"duration":6,"error":null}
[2026-06-29T23:05:54.822Z] {"timestamp":1782774353321,"type":"xhr","method":"GET","url":"/api/admin/conversas/fila/estatisticas","request":{"body":null},"response":{"status":200,"statusText":"OK","body":{"success":true,"data":{"mensagens_nao_lidas":99}}},"duration":5,"error":null}
[2026-06-29T23:05:54.822Z] {"timestamp":1782774353321,"type":"xhr","method":"GET","url":"/api/notifications/summary","request":{"body":null},"response":{"status":200,"statusText":"OK","body":{"unread":6}},"duration":5,"error":null}
[2026-06-29T23:05:55.496Z] {"timestamp":1782774355152,"type":"xhr","method":"GET","url":"/api/admin/conversas/fila/estatisticas","request":{"body":null},"response":{"status":200,"statusText":"OK","body":{"success":true,"data":{"mensagens_nao_lidas":99}}},"duration":3,"error":null}
[2026-06-29T23:05:55.496Z] {"timestamp":1782774355151,"type":"xhr","method":"GET","url":"/api/notifications/summary","request":{"body":null},"response":{"status":200,"statusText":"OK","body":{"unread":6}},"duration":4,"error":null}
[2026-06-29T23:06:00.830Z] {"timestamp":1782774360335,"type":"xhr","method":"GET","url":"/api/admin/conversas/fila/estatisticas","request":{"body":null},"response":{"status":200,"statusText":"OK","body":{"success":true,"data":{"mensagens_nao_lidas":99}}},"duration":3,"error":null}
[2026-06-29T23:06:00.830Z] {"timestamp":1782774360336,"type":"xhr","method":"GET","url":"/api/notifications/summary","request":{"body":null},"response":{"status":200,"statusText":"OK","body":{"unread":6}},"duration":3,"error":null}
[2026-06-29T23:06:03.490Z] {"timestamp":1782774362170,"type":"xhr","method":"GET","url":"/api/admin/conversas/fila/estatisticas","request":{"body":null},"response":{"status":200,"statusText":"OK","body":{"success":true,"data":{"mensagens_nao_lidas":99}}},"duration":4,"error":null}
[2026-06-29T23:06:03.490Z] {"timestamp":1782774362170,"type":"xhr","method":"GET","url":"/api/notifications/summary","request":{"body":null},"response":{"status":200,"statusText":"OK","body":{"unread":6}},"duration":4,"error":null}
[2026-06-29T23:06:08.817Z] {"timestamp":1782774367342,"type":"xhr","method":"GET","url":"/api/admin/conversas/fila/estatisticas","request":{"body":null},"response":{"status":200,"statusText":"OK","body":{"success":true,"data":{"mensagens_nao_lidas":99}}},"duration":3,"error":null}
[2026-06-29T23:06:08.817Z] {"timestamp":1782774367342,"type":"xhr","method":"GET","url":"/api/notifications/summary","request":{"body":null},"response":{"status":200,"statusText":"OK","body":{"unread":6}},"duration":4,"error":null}
[2026-06-29T23:06:09.501Z] {"timestamp":1782774369186,"type":"xhr","method":"GET","url":"/api/admin/conversas/fila/estatisticas","request":{"body":null},"response":{"status":200,"statusText":"OK","body":{"success":true,"data":{"mensagens_nao_lidas":99}}},"duration":4,"error":null}
[2026-06-29T23:06:09.501Z] {"timestamp":1782774369187,"type":"xhr","method":"GET","url":"/api/notifications/summary","request":{"body":null},"response":{"status":200,"statusText":"OK","body":{"unread":6}},"duration":4,"error":null}
[2026-06-29T23:06:14.825Z] {"timestamp":1782774374355,"type":"xhr","method":"GET","url":"/api/admin/conversas/fila/estatisticas","request":{"body":null},"response":{"status":200,"statusText":"OK","body":{"success":true,"data":{"mensagens_nao_lidas":99}}},"duration":3,"error":null}
[2026-06-29T23:06:14.825Z] {"timestamp":1782774374355,"type":"xhr","method":"GET","url":"/api/notifications/summary","request":{"body":null},"response":{"status":200,"statusText":"OK","body":{"unread":6}},"duration":4,"error":null}
[2026-06-29T23:06:17.494Z] {"timestamp":1782774376192,"type":"xhr","method":"GET","url":"/api/admin/conversas/fila/estatisticas","request":{"body":null},"response":{"status":200,"statusText":"OK","body":{"success":true,"data":{"mensagens_nao_lidas":99}}},"duration":3,"error":null}
[2026-06-29T23:06:17.494Z] {"timestamp":1782774376193,"type":"xhr","method":"GET","url":"/api/notifications/summary","request":{"body":null},"response":{"status":200,"statusText":"OK","body":{"unread":6}},"duration":4,"error":null}
[2026-06-29T23:06:22.820Z] {"timestamp":1782774381360,"type":"xhr","method":"GET","url":"/api/admin/conversas/fila/estatisticas","request":{"body":null},"response":{"status":200,"statusText":"OK","body":{"success":true,"data":{"mensagens_nao_lidas":99}}},"duration":4,"error":null}
[2026-06-29T23:06:22.820Z] {"timestamp":1782774381361,"type":"xhr","method":"GET","url":"/api/notifications/summary","request":{"body":null},"response":{"status":200,"statusText":"OK","body":{"unread":6}},"duration":3,"error":null}
[2026-06-29T23:06:23.501Z] {"timestamp":1782774383206,"type":"xhr","method":"GET","url":"/api/admin/conversas/fila/estatisticas","request":{"body":null},"response":{"status":200,"statusText":"OK","body":{"success":true,"data":{"mensagens_nao_lidas":99}}},"duration":10,"error":null}
[2026-06-29T23:06:23.501Z] {"timestamp":1782774383207,"type":"xhr","method":"GET","url":"/api/notifications/summary","request":{"body":null},"response":{"status":200,"statusText":"OK","body":{"unread":6}},"duration":11,"error":null}
[2026-06-29T23:06:28.828Z] {"timestamp":1782774388375,"type":"xhr","method":"GET","url":"/api/notifications/summary","request":{"body":null},"response":{"status":200,"statusText":"OK","body":{"unread":6}},"duration":3,"error":null}
[2026-06-29T23:06:28.828Z] {"timestamp":1782774388374,"type":"xhr","method":"GET","url":"/api/admin/conversas/fila/estatisticas","request":{"body":null},"response":{"status":200,"statusText":"OK","body":{"success":true,"data":{"mensagens_nao_lidas":99}}},"duration":5,"error":null}
[2026-06-29T23:06:31.489Z] {"timestamp":1782774390228,"type":"xhr","method":"GET","url":"/api/admin/conversas/fila/estatisticas","request":{"body":null},"response":{"status":200,"statusText":"OK","body":{"success":true,"data":{"mensagens_nao_lidas":99}}},"duration":5,"error":null}
[2026-06-29T23:06:31.489Z] {"timestamp":1782774390228,"type":"xhr","method":"GET","url":"/api/notifications/summary","request":{"body":null},"response":{"status":200,"statusText":"OK","body":{"unread":6}},"duration":6,"error":null}
[2026-06-29T23:06:36.815Z] {"timestamp":1782774395385,"type":"xhr","method":"GET","url":"/api/notifications/summary","request":{"body":null},"response":{"status":200,"statusText":"OK","body":{"unread":6}},"duration":3,"error":null}
[2026-06-29T23:06:36.815Z] {"timestamp":1782774395385,"type":"xhr","method":"GET","url":"/api/admin/conversas/fila/estatisticas","request":{"body":null},"response":{"status":200,"statusText":"OK","body":{"success":true,"data":{"mensagens_nao_lidas":99}}},"duration":5,"error":null}
[2026-06-29T23:06:37.488Z] {"timestamp":1782774397248,"type":"xhr","method":"GET","url":"/api/admin/conversas/fila/estatisticas","request":{"body":null},"response":{"status":200,"statusText":"OK","body":{"success":true,"data":{"mensagens_nao_lidas":99}}},"duration":4,"error":null}
[2026-06-29T23:06:37.488Z] {"timestamp":1782774397249,"type":"xhr","method":"GET","url":"/api/notifications/summary","request":{"body":null},"response":{"status":200,"statusText":"OK","body":{"unread":6}},"duration":4,"error":null}
[2026-06-29T23:06:42.822Z] {"timestamp":1782774402403,"type":"xhr","method":"GET","url":"/api/notifications/summary","request":{"body":null},"response":{"status":200,"statusText":"OK","body":{"unread":6}},"duration":3,"error":null}
[2026-06-29T23:06:42.822Z] {"timestamp":1782774402403,"type":"xhr","method":"GET","url":"/api/admin/conversas/fila/estatisticas","request":{"body":null},"response":{"status":200,"statusText":"OK","body":{"success":true,"data":{"mensagens_nao_lidas":99}}},"duration":4,"error":null}
[2026-06-29T23:06:45.490Z] {"timestamp":1782774404266,"type":"xhr","method":"GET","url":"/api/admin/conversas/fila/estatisticas","request":{"body":null},"response":{"status":200,"statusText":"OK","body":{"success":true,"data":{"mensagens_nao_lidas":99}}},"duration":6,"error":null}
[2026-06-29T23:06:45.490Z] {"timestamp":1782774404267,"type":"xhr","method":"GET","url":"/api/notifications/summary","request":{"body":null},"response":{"status":200,"statusText":"OK","body":{"unread":6}},"duration":5,"error":null}
[2026-06-29T23:06:46.411Z] {"timestamp":1782774405769,"type":"xhr","method":"GET","url":"/api/notifications/summary","request":{"body":null},"response":{"status":500,"statusText":"Internal Server Error","body":""},"duration":14,"error":null}
[2026-06-29T23:06:46.411Z] {"timestamp":1782774405770,"type":"xhr","method":"GET","url":"/api/admin/conversas/fila/estatisticas","request":{"body":null},"response":{"status":500,"statusText":"Internal Server Error","body":""},"duration":15,"error":null}
[2026-06-29T23:06:47.036Z] {"timestamp":1782774405769,"type":"xhr","method":"GET","url":"/api/notifications/summary","request":{"body":null},"response":{"status":500,"statusText":"Internal Server Error","body":""},"duration":14,"error":null}
[2026-06-29T23:06:47.036Z] {"timestamp":1782774405770,"type":"xhr","method":"GET","url":"/api/admin/conversas/fila/estatisticas","request":{"body":null},"response":{"status":500,"statusText":"Internal Server Error","body":""},"duration":13,"error":null}
[2026-06-29T23:06:50.396Z] {"timestamp":1782774410286,"type":"xhr","method":"GET","url":"/api/dashboard/timeline?per_page=20&category=all","request":{"body":null},"response":{"status":500,"statusText":"Internal Server Error","body":""},"duration":7,"error":null}
[2026-06-29T23:06:50.826Z] {"timestamp":1782774409420,"type":"xhr","method":"GET","url":"/api/notifications/summary","request":{"body":null},"response":{"status":200,"statusText":"OK","body":{"unread":6}},"duration":5,"error":null}
[2026-06-29T23:06:50.826Z] {"timestamp":1782774409421,"type":"xhr","method":"GET","url":"/api/admin/conversas/fila/estatisticas","request":{"body":null},"response":{"status":200,"statusText":"OK","body":{"success":true,"data":{"mensagens_nao_lidas":99}}},"duration":4,"error":null}
[2026-06-29T23:06:51.039Z] {"timestamp":1782774410333,"type":"xhr","method":"GET","url":"/api/dashboard/timeline?per_page=20&category=all","request":{"body":null},"response":{"status":500,"statusText":"Internal Server Error","body":""},"duration":7,"error":null}
[2026-06-29T23:06:51.488Z] {"timestamp":1782774411287,"type":"xhr","method":"GET","url":"/api/admin/conversas/fila/estatisticas","request":{"body":null},"response":{"status":200,"statusText":"OK","body":{"success":true,"data":{"mensagens_nao_lidas":99}}},"duration":5,"error":null}
[2026-06-29T23:06:51.488Z] {"timestamp":1782774411288,"type":"xhr","method":"GET","url":"/api/notifications/summary","request":{"body":null},"response":{"status":200,"statusText":"OK","body":{"unread":6}},"duration":4,"error":null}
[2026-06-29T23:06:52.398Z] {"timestamp":1782774411302,"type":"xhr","method":"GET","url":"/api/dashboard/timeline?per_page=20&category=all","request":{"body":null},"response":{"status":500,"statusText":"Internal Server Error","body":""},"duration":5,"error":null}
[2026-06-29T23:06:53.034Z] {"timestamp":1782774411354,"type":"xhr","method":"GET","url":"/api/dashboard/timeline?per_page=20&category=all","request":{"body":null},"response":{"status":500,"statusText":"Internal Server Error","body":""},"duration":10,"error":null}
[2026-06-29T23:06:54.409Z] {"timestamp":1782774413311,"type":"xhr","method":"GET","url":"/api/dashboard/timeline?per_page=20&category=all","request":{"body":null},"response":{"status":500,"statusText":"Internal Server Error","body":""},"duration":5,"error":null}
[2026-06-29T23:06:55.045Z] {"timestamp":1782774413374,"type":"xhr","method":"GET","url":"/api/dashboard/timeline?per_page=20&category=all","request":{"body":null},"response":{"status":500,"statusText":"Internal Server Error","body":""},"duration":5,"error":null}
[2026-06-29T23:06:56.820Z] {"timestamp":1782774416431,"type":"xhr","method":"GET","url":"/api/admin/conversas/fila/estatisticas","request":{"body":null},"response":{"status":200,"statusText":"OK","body":{"success":true,"data":{"mensagens_nao_lidas":99}}},"duration":3,"error":null}
[2026-06-29T23:06:56.820Z] {"timestamp":1782774416430,"type":"xhr","method":"GET","url":"/api/notifications/summary","request":{"body":null},"response":{"status":200,"statusText":"OK","body":{"unread":6}},"duration":5,"error":null}
[2026-06-29T23:06:58.406Z] {"timestamp":1782774417331,"type":"xhr","method":"GET","url":"/api/dashboard/timeline?per_page=20&category=all","request":{"body":null},"response":{"status":500,"statusText":"Internal Server Error","body":""},"duration":5,"error":null}
[2026-06-29T23:06:59.041Z] {"timestamp":1782774417393,"type":"xhr","method":"GET","url":"/api/dashboard/timeline?per_page=20&category=all","request":{"body":null},"response":{"status":500,"statusText":"Internal Server Error","body":""},"duration":4,"error":null}
[2026-06-29T23:06:59.487Z] {"timestamp":1782774418298,"type":"xhr","method":"GET","url":"/api/admin/conversas/fila/estatisticas","request":{"body":null},"response":{"status":200,"statusText":"OK","body":{"success":true,"data":{"mensagens_nao_lidas":99}}},"duration":5,"error":null}
[2026-06-29T23:06:59.487Z] {"timestamp":1782774418298,"type":"xhr","method":"GET","url":"/api/notifications/summary","request":{"body":null},"response":{"status":200,"statusText":"OK","body":{"unread":6}},"duration":5,"error":null}
[2026-06-29T23:07:04.821Z] {"timestamp":1782774423443,"type":"xhr","method":"GET","url":"/api/admin/conversas/fila/estatisticas","request":{"body":null},"response":{"status":200,"statusText":"OK","body":{"success":true,"data":{"mensagens_nao_lidas":99}}},"duration":3,"error":null}
[2026-06-29T23:07:04.821Z] {"timestamp":1782774423443,"type":"xhr","method":"GET","url":"/api/notifications/summary","request":{"body":null},"response":{"status":200,"statusText":"OK","body":{"unread":6}},"duration":4,"error":null}
[2026-06-29T23:07:05.492Z] {"timestamp":1782774425319,"type":"xhr","method":"GET","url":"/api/notifications/summary","request":{"body":null},"response":{"status":200,"statusText":"OK","body":{"unread":6}},"duration":4,"error":null}
[2026-06-29T23:07:05.492Z] {"timestamp":1782774425319,"type":"xhr","method":"GET","url":"/api/admin/conversas/fila/estatisticas","request":{"body":null},"response":{"status":200,"statusText":"OK","body":{"success":true,"data":{"mensagens_nao_lidas":99}}},"duration":5,"error":null}
[2026-06-29T23:07:10.829Z] {"timestamp":1782774430452,"type":"xhr","method":"GET","url":"/api/notifications/summary","request":{"body":null},"response":{"status":200,"statusText":"OK","body":{"unread":6}},"duration":4,"error":null}
[2026-06-29T23:07:10.829Z] {"timestamp":1782774430451,"type":"xhr","method":"GET","url":"/api/admin/conversas/fila/estatisticas","request":{"body":null},"response":{"status":200,"statusText":"OK","body":{"success":true,"data":{"mensagens_nao_lidas":99}}},"duration":5,"error":null}
[2026-06-29T23:07:13.501Z] {"timestamp":1782774432336,"type":"xhr","method":"GET","url":"/api/notifications/summary","request":{"body":null},"response":{"status":200,"statusText":"OK","body":{"unread":6}},"duration":4,"error":null}
[2026-06-29T23:07:13.501Z] {"timestamp":1782774432336,"type":"xhr","method":"GET","url":"/api/admin/conversas/fila/estatisticas","request":{"body":null},"response":{"status":200,"statusText":"OK","body":{"success":true,"data":{"mensagens_nao_lidas":99}}},"duration":4,"error":null}
[2026-06-29T23:07:18.817Z] {"timestamp":1782774437465,"type":"xhr","method":"GET","url":"/api/notifications/summary","request":{"body":null},"response":{"status":200,"statusText":"OK","body":{"unread":6}},"duration":3,"error":null}
[2026-06-29T23:07:18.817Z] {"timestamp":1782774437465,"type":"xhr","method":"GET","url":"/api/admin/conversas/fila/estatisticas","request":{"body":null},"response":{"status":200,"statusText":"OK","body":{"success":true,"data":{"mensagens_nao_lidas":99}}},"duration":4,"error":null}
[2026-06-29T23:07:19.493Z] {"timestamp":1782774439349,"type":"xhr","method":"GET","url":"/api/notifications/summary","request":{"body":null},"response":{"status":200,"statusText":"OK","body":{"unread":6}},"duration":4,"error":null}
[2026-06-29T23:07:19.493Z] {"timestamp":1782774439350,"type":"xhr","method":"GET","url":"/api/admin/conversas/fila/estatisticas","request":{"body":null},"response":{"status":200,"statusText":"OK","body":{"success":true,"data":{"mensagens_nao_lidas":99}}},"duration":4,"error":null}
[2026-06-29T23:07:24.827Z] {"timestamp":1782774444483,"type":"xhr","method":"GET","url":"/api/notifications/summary","request":{"body":null},"response":{"status":200,"statusText":"OK","body":{"unread":6}},"duration":5,"error":null}
[2026-06-29T23:07:24.827Z] {"timestamp":1782774444484,"type":"xhr","method":"GET","url":"/api/admin/conversas/fila/estatisticas","request":{"body":null},"response":{"status":200,"statusText":"OK","body":{"success":true,"data":{"mensagens_nao_lidas":99}}},"duration":5,"error":null}
[2026-06-29T23:07:27.490Z] {"timestamp":1782774446354,"type":"xhr","method":"GET","url":"/api/notifications/summary","request":{"body":null},"response":{"status":200,"statusText":"OK","body":{"unread":6}},"duration":3,"error":null}
[2026-06-29T23:07:27.490Z] {"timestamp":1782774446355,"type":"xhr","method":"GET","url":"/api/admin/conversas/fila/estatisticas","request":{"body":null},"response":{"status":200,"statusText":"OK","body":{"success":true,"data":{"mensagens_nao_lidas":99}}},"duration":3,"error":null}
[2026-06-29T23:07:32.820Z] {"timestamp":1782774451497,"type":"xhr","method":"GET","url":"/api/notifications/summary","request":{"body":null},"response":{"status":200,"statusText":"OK","body":{"unread":6}},"duration":4,"error":null}
[2026-06-29T23:07:32.820Z] {"timestamp":1782774451497,"type":"xhr","method":"GET","url":"/api/admin/conversas/fila/estatisticas","request":{"body":null},"response":{"status":200,"statusText":"OK","body":{"success":true,"data":{"mensagens_nao_lidas":99}}},"duration":4,"error":null}
[2026-06-29T23:07:33.503Z] {"timestamp":1782774453361,"type":"xhr","method":"GET","url":"/api/admin/conversas/fila/estatisticas","request":{"body":null},"response":{"status":200,"statusText":"OK","body":{"success":true,"data":{"mensagens_nao_lidas":99}}},"duration":5,"error":null}
[2026-06-29T23:07:33.503Z] {"timestamp":1782774453361,"type":"xhr","method":"GET","url":"/api/notifications/summary","request":{"body":null},"response":{"status":200,"statusText":"OK","body":{"unread":6}},"duration":5,"error":null}
[2026-06-29T23:07:38.819Z] {"timestamp":1782774458514,"type":"xhr","method":"GET","url":"/api/notifications/summary","request":{"body":null},"response":{"status":200,"statusText":"OK","body":{"unread":6}},"duration":4,"error":null}
[2026-06-29T23:07:38.819Z] {"timestamp":1782774458515,"type":"xhr","method":"GET","url":"/api/admin/conversas/fila/estatisticas","request":{"body":null},"response":{"status":200,"statusText":"OK","body":{"success":true,"data":{"mensagens_nao_lidas":99}}},"duration":4,"error":null}
[2026-06-29T23:07:41.488Z] {"timestamp":1782774460377,"type":"xhr","method":"GET","url":"/api/admin/conversas/fila/estatisticas","request":{"body":null},"response":{"status":200,"statusText":"OK","body":{"success":true,"data":{"mensagens_nao_lidas":99}}},"duration":3,"error":null}
[2026-06-29T23:07:41.488Z] {"timestamp":1782774460377,"type":"xhr","method":"GET","url":"/api/notifications/summary","request":{"body":null},"response":{"status":200,"statusText":"OK","body":{"unread":6}},"duration":4,"error":null}
[2026-06-29T23:07:46.404Z] {"timestamp":1782774465784,"type":"xhr","method":"GET","url":"/api/notifications/summary","request":{"body":null},"response":{"status":500,"statusText":"Internal Server Error","body":""},"duration":12,"error":null}
[2026-06-29T23:07:46.404Z] {"timestamp":1782774465797,"type":"xhr","method":"GET","url":"/api/admin/conversas/fila/estatisticas","request":{"body":null},"response":{"status":500,"statusText":"Internal Server Error","body":""},"duration":4,"error":null}
[2026-06-29T23:07:46.828Z] {"timestamp":1782774465526,"type":"xhr","method":"GET","url":"/api/notifications/summary","request":{"body":null},"response":{"status":200,"statusText":"OK","body":{"unread":6}},"duration":4,"error":null}
[2026-06-29T23:07:46.828Z] {"timestamp":1782774465527,"type":"xhr","method":"GET","url":"/api/admin/conversas/fila/estatisticas","request":{"body":null},"response":{"status":200,"statusText":"OK","body":{"success":true,"data":{"mensagens_nao_lidas":99}}},"duration":3,"error":null}
[2026-06-29T23:07:47.044Z] {"timestamp":1782774465784,"type":"xhr","method":"GET","url":"/api/notifications/summary","request":{"body":null},"response":{"status":500,"statusText":"Internal Server Error","body":""},"duration":12,"error":null}
[2026-06-29T23:07:47.044Z] {"timestamp":1782774465785,"type":"xhr","method":"GET","url":"/api/admin/conversas/fila/estatisticas","request":{"body":null},"response":{"status":500,"statusText":"Internal Server Error","body":""},"duration":13,"error":null}
[2026-06-29T23:07:47.498Z] {"timestamp":1782774467385,"type":"xhr","method":"GET","url":"/api/admin/conversas/fila/estatisticas","request":{"body":null},"response":{"status":200,"statusText":"OK","body":{"success":true,"data":{"mensagens_nao_lidas":99}}},"duration":4,"error":null}
[2026-06-29T23:07:47.498Z] {"timestamp":1782774467385,"type":"xhr","method":"GET","url":"/api/notifications/summary","request":{"body":null},"response":{"status":200,"statusText":"OK","body":{"unread":6}},"duration":4,"error":null}
[2026-06-29T23:07:52.817Z] {"timestamp":1782774472533,"type":"xhr","method":"GET","url":"/api/notifications/summary","request":{"body":null},"response":{"status":200,"statusText":"OK","body":{"unread":6}},"duration":3,"error":null}
[2026-06-29T23:07:52.817Z] {"timestamp":1782774472533,"type":"xhr","method":"GET","url":"/api/admin/conversas/fila/estatisticas","request":{"body":null},"response":{"status":200,"statusText":"OK","body":{"success":true,"data":{"mensagens_nao_lidas":99}}},"duration":5,"error":null}
[2026-06-29T23:07:55.499Z] {"timestamp":1782774474395,"type":"xhr","method":"GET","url":"/api/admin/conversas/fila/estatisticas","request":{"body":null},"response":{"status":200,"statusText":"OK","body":{"success":true,"data":{"mensagens_nao_lidas":99}}},"duration":3,"error":null}
[2026-06-29T23:07:55.499Z] {"timestamp":1782774474395,"type":"xhr","method":"GET","url":"/api/notifications/summary","request":{"body":null},"response":{"status":200,"statusText":"OK","body":{"unread":6}},"duration":4,"error":null}
[2026-06-29T23:07:58.403Z] {"timestamp":1782774477349,"type":"xhr","method":"GET","url":"/api/dashboard/timeline?per_page=20&category=all","request":{"body":null},"response":{"status":500,"statusText":"Internal Server Error","body":""},"duration":7,"error":null}
[2026-06-29T23:07:58.403Z] {"timestamp":1782774478371,"type":"xhr","method":"GET","url":"/api/dashboard/timeline?per_page=20&category=all","request":{"body":null},"response":{"status":500,"statusText":"Internal Server Error","body":""},"duration":5,"error":null}
[2026-06-29T23:07:59.042Z] {"timestamp":1782774477410,"type":"xhr","method":"GET","url":"/api/dashboard/timeline?per_page=20&category=all","request":{"body":null},"response":{"status":500,"statusText":"Internal Server Error","body":""},"duration":8,"error":null}
[2026-06-29T23:07:59.043Z] {"timestamp":1782774478433,"type":"xhr","method":"GET","url":"/api/dashboard/timeline?per_page=20&category=all","request":{"body":null},"response":{"status":500,"statusText":"Internal Server Error","body":""},"duration":5,"error":null}
[2026-06-29T23:08:00.397Z] {"timestamp":1782774480380,"type":"xhr","method":"GET","url":"/api/dashboard/timeline?per_page=20&category=all","request":{"body":null},"response":{"status":500,"statusText":"Internal Server Error","body":""},"duration":5,"error":null}
[2026-06-29T23:08:00.820Z] {"timestamp":1782774479540,"type":"xhr","method":"GET","url":"/api/notifications/summary","request":{"body":null},"response":{"status":200,"statusText":"OK","body":{"unread":6}},"duration":4,"error":null}
[2026-06-29T23:08:00.820Z] {"timestamp":1782774479540,"type":"xhr","method":"GET","url":"/api/admin/conversas/fila/estatisticas","request":{"body":null},"response":{"status":200,"statusText":"OK","body":{"success":true,"data":{"mensagens_nao_lidas":99}}},"duration":4,"error":null}
[2026-06-29T23:08:01.034Z] {"timestamp":1782774480443,"type":"xhr","method":"GET","url":"/api/dashboard/timeline?per_page=20&category=all","request":{"body":null},"response":{"status":500,"statusText":"Internal Server Error","body":""},"duration":4,"error":null}
[2026-06-29T23:08:01.494Z] {"timestamp":1782774481414,"type":"xhr","method":"GET","url":"/api/admin/conversas/fila/estatisticas","request":{"body":null},"response":{"status":200,"statusText":"OK","body":{"success":true,"data":{"mensagens_nao_lidas":99}}},"duration":4,"error":null}
[2026-06-29T23:08:01.494Z] {"timestamp":1782774481414,"type":"xhr","method":"GET","url":"/api/notifications/summary","request":{"body":null},"response":{"status":200,"statusText":"OK","body":{"unread":6}},"duration":4,"error":null}
[2026-06-29T23:08:05.040Z] {"timestamp":1782774484456,"type":"xhr","method":"GET","url":"/api/dashboard/timeline?per_page=20&category=all","request":{"body":null},"response":{"status":500,"statusText":"Internal Server Error","body":""},"duration":11,"error":null}
[2026-06-29T23:08:06.405Z] {"timestamp":1782774484394,"type":"xhr","method":"GET","url":"/api/dashboard/timeline?per_page=20&category=all","request":{"body":null},"response":{"status":500,"statusText":"Internal Server Error","body":""},"duration":5,"error":null}
[2026-06-29T23:08:06.819Z] {"timestamp":1782774486547,"type":"xhr","method":"GET","url":"/api/notifications/summary","request":{"body":null},"response":{"status":200,"statusText":"OK","body":{"unread":6}},"duration":6,"error":null}
[2026-06-29T23:08:06.819Z] {"timestamp":1782774486548,"type":"xhr","method":"GET","url":"/api/admin/conversas/fila/estatisticas","request":{"body":null},"response":{"status":200,"statusText":"OK","body":{"success":true,"data":{"mensagens_nao_lidas":99}}},"duration":6,"error":null}
[2026-06-29T23:08:09.499Z] {"timestamp":1782774488430,"type":"xhr","method":"GET","url":"/api/admin/conversas/fila/estatisticas","request":{"body":null},"response":{"status":200,"statusText":"OK","body":{"success":true,"data":{"mensagens_nao_lidas":99}}},"duration":6,"error":null}
[2026-06-29T23:08:09.499Z] {"timestamp":1782774488430,"type":"xhr","method":"GET","url":"/api/notifications/summary","request":{"body":null},"response":{"status":200,"statusText":"OK","body":{"unread":6}},"duration":6,"error":null}
[2026-06-29T23:08:14.818Z] {"timestamp":1782774493568,"type":"xhr","method":"GET","url":"/api/notifications/summary","request":{"body":null},"response":{"status":200,"statusText":"OK","body":{"unread":6}},"duration":4,"error":null}
[2026-06-29T23:08:14.818Z] {"timestamp":1782774493569,"type":"xhr","method":"GET","url":"/api/admin/conversas/fila/estatisticas","request":{"body":null},"response":{"status":200,"statusText":"OK","body":{"success":true,"data":{"mensagens_nao_lidas":99}}},"duration":5,"error":null}
[2026-06-29T23:08:15.489Z] {"timestamp":1782774495440,"type":"xhr","method":"GET","url":"/api/admin/conversas/fila/estatisticas","request":{"body":null},"response":{"status":200,"statusText":"OK","body":{"success":true,"data":{"mensagens_nao_lidas":99}}},"duration":4,"error":null}
[2026-06-29T23:08:15.489Z] {"timestamp":1782774495441,"type":"xhr","method":"GET","url":"/api/notifications/summary","request":{"body":null},"response":{"status":200,"statusText":"OK","body":{"unread":6}},"duration":3,"error":null}
[2026-06-29T23:08:20.817Z] {"timestamp":1782774500582,"type":"xhr","method":"GET","url":"/api/admin/conversas/fila/estatisticas","request":{"body":null},"response":{"status":200,"statusText":"OK","body":{"success":true,"data":{"mensagens_nao_lidas":99}}},"duration":4,"error":null}
[2026-06-29T23:08:20.817Z] {"timestamp":1782774500581,"type":"xhr","method":"GET","url":"/api/notifications/summary","request":{"body":null},"response":{"status":200,"statusText":"OK","body":{"unread":6}},"duration":5,"error":null}
[2026-06-29T23:08:23.502Z] {"timestamp":1782774502453,"type":"xhr","method":"GET","url":"/api/admin/conversas/fila/estatisticas","request":{"body":null},"response":{"status":200,"statusText":"OK","body":{"success":true,"data":{"mensagens_nao_lidas":99}}},"duration":4,"error":null}
[2026-06-29T23:08:23.502Z] {"timestamp":1782774502453,"type":"xhr","method":"GET","url":"/api/notifications/summary","request":{"body":null},"response":{"status":200,"statusText":"OK","body":{"unread":6}},"duration":4,"error":null}
[2026-06-29T23:08:28.824Z] {"timestamp":1782774507599,"type":"xhr","method":"GET","url":"/api/admin/conversas/fila/estatisticas","request":{"body":null},"response":{"status":200,"statusText":"OK","body":{"success":true,"data":{"mensagens_nao_lidas":99}}},"duration":3,"error":null}
[2026-06-29T23:08:28.824Z] {"timestamp":1782774507599,"type":"xhr","method":"GET","url":"/api/notifications/summary","request":{"body":null},"response":{"status":200,"statusText":"OK","body":{"unread":6}},"duration":4,"error":null}
[2026-06-29T23:08:29.501Z] {"timestamp":1782774509465,"type":"xhr","method":"GET","url":"/api/admin/conversas/fila/estatisticas","request":{"body":null},"response":{"status":200,"statusText":"OK","body":{"success":true,"data":{"mensagens_nao_lidas":99}}},"duration":7,"error":null}
[2026-06-29T23:08:29.501Z] {"timestamp":1782774509466,"type":"xhr","method":"GET","url":"/api/notifications/summary","request":{"body":null},"response":{"status":200,"statusText":"OK","body":{"unread":6}},"duration":9,"error":null}
[2026-06-29T23:08:34.816Z] {"timestamp":1782774514613,"type":"xhr","method":"GET","url":"/api/notifications/summary","request":{"body":null},"response":{"status":200,"statusText":"OK","body":{"unread":6}},"duration":4,"error":null}
[2026-06-29T23:08:34.816Z] {"timestamp":1782774514613,"type":"xhr","method":"GET","url":"/api/admin/conversas/fila/estatisticas","request":{"body":null},"response":{"status":200,"statusText":"OK","body":{"success":true,"data":{"mensagens_nao_lidas":99}}},"duration":4,"error":null}
[2026-06-29T23:08:37.500Z] {"timestamp":1782774516475,"type":"xhr","method":"GET","url":"/api/admin/conversas/fila/estatisticas","request":{"body":null},"response":{"status":200,"statusText":"OK","body":{"success":true,"data":{"mensagens_nao_lidas":99}}},"duration":5,"error":null}
[2026-06-29T23:08:37.500Z] {"timestamp":1782774516476,"type":"xhr","method":"GET","url":"/api/notifications/summary","request":{"body":null},"response":{"status":200,"statusText":"OK","body":{"unread":6}},"duration":4,"error":null}
[2026-06-29T23:08:42.818Z] {"timestamp":1782774521623,"type":"xhr","method":"GET","url":"/api/notifications/summary","request":{"body":null},"response":{"status":200,"statusText":"OK","body":{"unread":6}},"duration":4,"error":null}
[2026-06-29T23:08:42.818Z] {"timestamp":1782774521624,"type":"xhr","method":"GET","url":"/api/admin/conversas/fila/estatisticas","request":{"body":null},"response":{"status":200,"statusText":"OK","body":{"success":true,"data":{"mensagens_nao_lidas":99}}},"duration":4,"error":null}
[2026-06-29T23:08:45.501Z] {"timestamp":1782774523484,"type":"xhr","method":"GET","url":"/api/admin/conversas/fila/estatisticas","request":{"body":null},"response":{"status":200,"statusText":"OK","body":{"success":true,"data":{"mensagens_nao_lidas":99}}},"duration":4,"error":null}
[2026-06-29T23:08:45.501Z] {"timestamp":1782774523485,"type":"xhr","method":"GET","url":"/api/notifications/summary","request":{"body":null},"response":{"status":200,"statusText":"OK","body":{"unread":6}},"duration":3,"error":null}
[2026-06-29T23:08:46.405Z] {"timestamp":1782774525808,"type":"xhr","method":"GET","url":"/api/notifications/summary","request":{"body":null},"response":{"status":500,"statusText":"Internal Server Error","body":""},"duration":12,"error":null}
[2026-06-29T23:08:46.405Z] {"timestamp":1782774525809,"type":"xhr","method":"GET","url":"/api/admin/conversas/fila/estatisticas","request":{"body":null},"response":{"status":500,"statusText":"Internal Server Error","body":""},"duration":12,"error":null}
[2026-06-29T23:08:47.045Z] {"timestamp":1782774525808,"type":"xhr","method":"GET","url":"/api/notifications/summary","request":{"body":null},"response":{"status":500,"statusText":"Internal Server Error","body":""},"duration":13,"error":null}
[2026-06-29T23:08:47.045Z] {"timestamp":1782774525809,"type":"xhr","method":"GET","url":"/api/admin/conversas/fila/estatisticas","request":{"body":null},"response":{"status":500,"statusText":"Internal Server Error","body":""},"duration":13,"error":null}
[2026-06-29T23:08:48.828Z] {"timestamp":1782774528630,"type":"xhr","method":"GET","url":"/api/admin/conversas/fila/estatisticas","request":{"body":null},"response":{"status":200,"statusText":"OK","body":{"success":true,"data":{"mensagens_nao_lidas":99}}},"duration":4,"error":null}
[2026-06-29T23:08:48.828Z] {"timestamp":1782774528630,"type":"xhr","method":"GET","url":"/api/notifications/summary","request":{"body":null},"response":{"status":200,"statusText":"OK","body":{"unread":6}},"duration":4,"error":null}
[2026-06-29T23:08:51.497Z] {"timestamp":1782774530495,"type":"xhr","method":"GET","url":"/api/admin/conversas/fila/estatisticas","request":{"body":null},"response":{"status":200,"statusText":"OK","body":{"success":true,"data":{"mensagens_nao_lidas":99}}},"duration":4,"error":null}
[2026-06-29T23:08:51.497Z] {"timestamp":1782774530495,"type":"xhr","method":"GET","url":"/api/notifications/summary","request":{"body":null},"response":{"status":200,"statusText":"OK","body":{"unread":6}},"duration":4,"error":null}
[2026-06-29T23:08:56.820Z] {"timestamp":1782774535642,"type":"xhr","method":"GET","url":"/api/admin/conversas/fila/estatisticas","request":{"body":null},"response":{"status":200,"statusText":"OK","body":{"success":true,"data":{"mensagens_nao_lidas":99}}},"duration":4,"error":null}
[2026-06-29T23:08:56.820Z] {"timestamp":1782774535643,"type":"xhr","method":"GET","url":"/api/notifications/summary","request":{"body":null},"response":{"status":200,"statusText":"OK","body":{"unread":6}},"duration":4,"error":null}
[2026-06-29T23:08:59.496Z] {"timestamp":1782774537502,"type":"xhr","method":"GET","url":"/api/admin/conversas/fila/estatisticas","request":{"body":null},"response":{"status":200,"statusText":"OK","body":{"success":true,"data":{"mensagens_nao_lidas":99}}},"duration":4,"error":null}
[2026-06-29T23:08:59.496Z] {"timestamp":1782774537503,"type":"xhr","method":"GET","url":"/api/notifications/summary","request":{"body":null},"response":{"status":200,"statusText":"OK","body":{"unread":6}},"duration":3,"error":null}
[2026-06-29T23:09:02.820Z] {"timestamp":1782774542663,"type":"xhr","method":"GET","url":"/api/notifications/summary","request":{"body":null},"response":{"status":200,"statusText":"OK","body":{"unread":6}},"duration":3,"error":null}
[2026-06-29T23:09:02.820Z] {"timestamp":1782774542662,"type":"xhr","method":"GET","url":"/api/admin/conversas/fila/estatisticas","request":{"body":null},"response":{"status":200,"statusText":"OK","body":{"success":true,"data":{"mensagens_nao_lidas":99}}},"duration":4,"error":null}
[2026-06-29T23:09:05.037Z] {"timestamp":1782774544473,"type":"xhr","method":"GET","url":"/api/dashboard/timeline?per_page=20&category=all","request":{"body":null},"response":{"status":500,"statusText":"Internal Server Error","body":""},"duration":7,"error":null}
[2026-06-29T23:09:05.500Z] {"timestamp":1782774544520,"type":"xhr","method":"GET","url":"/api/admin/conversas/fila/estatisticas","request":{"body":null},"response":{"status":200,"statusText":"OK","body":{"success":true,"data":{"mensagens_nao_lidas":99}}},"duration":4,"error":null}
[2026-06-29T23:09:05.500Z] {"timestamp":1782774544520,"type":"xhr","method":"GET","url":"/api/notifications/summary","request":{"body":null},"response":{"status":200,"statusText":"OK","body":{"unread":6}},"duration":4,"error":null}
[2026-06-29T23:09:06.407Z] {"timestamp":1782774544411,"type":"xhr","method":"GET","url":"/api/dashboard/timeline?per_page=20&category=all","request":{"body":null},"response":{"status":500,"statusText":"Internal Server Error","body":""},"duration":7,"error":null}
[2026-06-29T23:09:06.407Z] {"timestamp":1782774545426,"type":"xhr","method":"GET","url":"/api/dashboard/timeline?per_page=20&category=all","request":{"body":null},"response":{"status":500,"statusText":"Internal Server Error","body":""},"duration":10,"error":null}
[2026-06-29T23:09:07.032Z] {"timestamp":1782774545495,"type":"xhr","method":"GET","url":"/api/dashboard/timeline?per_page=20&category=all","request":{"body":null},"response":{"status":500,"statusText":"Internal Server Error","body":""},"duration":5,"error":null}
[2026-06-29T23:09:08.399Z] {"timestamp":1782774547437,"type":"xhr","method":"GET","url":"/api/dashboard/timeline?per_page=20&category=all","request":{"body":null},"response":{"status":500,"statusText":"Internal Server Error","body":""},"duration":11,"error":null}
[2026-06-29T23:09:09.032Z] {"timestamp":1782774547514,"type":"xhr","method":"GET","url":"/api/dashboard/timeline?per_page=20&category=all","request":{"body":null},"response":{"status":500,"statusText":"Internal Server Error","body":""},"duration":5,"error":null}
[2026-06-29T23:09:10.823Z] {"timestamp":1782774549679,"type":"xhr","method":"GET","url":"/api/notifications/summary","request":{"body":null},"response":{"status":200,"statusText":"OK","body":{"unread":6}},"duration":5,"error":null}
[2026-06-29T23:09:10.823Z] {"timestamp":1782774549680,"type":"xhr","method":"GET","url":"/api/admin/conversas/fila/estatisticas","request":{"body":null},"response":{"status":200,"statusText":"OK","body":{"success":true,"data":{"mensagens_nao_lidas":99}}},"duration":4,"error":null}
[2026-06-29T23:09:12.411Z] {"timestamp":1782774551462,"type":"xhr","method":"GET","url":"/api/dashboard/timeline?per_page=20&category=all","request":{"body":null},"response":{"status":500,"statusText":"Internal Server Error","body":""},"duration":5,"error":null}
[2026-06-29T23:09:13.040Z] {"timestamp":1782774551525,"type":"xhr","method":"GET","url":"/api/dashboard/timeline?per_page=20&category=all","request":{"body":null},"response":{"status":500,"statusText":"Internal Server Error","body":""},"duration":8,"error":null}
[2026-06-29T23:09:13.495Z] {"timestamp":1782774551525,"type":"xhr","method":"GET","url":"/api/admin/conversas/fila/estatisticas","request":{"body":null},"response":{"status":200,"statusText":"OK","body":{"success":true,"data":{"mensagens_nao_lidas":99}}},"duration":8,"error":null}
[2026-06-29T23:09:13.495Z] {"timestamp":1782774551526,"type":"xhr","method":"GET","url":"/api/notifications/summary","request":{"body":null},"response":{"status":200,"statusText":"OK","body":{"unread":6}},"duration":7,"error":null}
[2026-06-29T23:09:16.817Z] {"timestamp":1782774556690,"type":"xhr","method":"GET","url":"/api/notifications/summary","request":{"body":null},"response":{"status":200,"statusText":"OK","body":{"unread":6}},"duration":4,"error":null}
[2026-06-29T23:09:16.817Z] {"timestamp":1782774556690,"type":"xhr","method":"GET","url":"/api/admin/conversas/fila/estatisticas","request":{"body":null},"response":{"status":200,"statusText":"OK","body":{"success":true,"data":{"mensagens_nao_lidas":99}}},"duration":5,"error":null}
[2026-06-29T23:09:19.487Z] {"timestamp":1782774558537,"type":"xhr","method":"GET","url":"/api/admin/conversas/fila/estatisticas","request":{"body":null},"response":{"status":200,"statusText":"OK","body":{"success":true,"data":{"mensagens_nao_lidas":99}}},"duration":4,"error":null}
[2026-06-29T23:09:19.487Z] {"timestamp":1782774558538,"type":"xhr","method":"GET","url":"/api/notifications/summary","request":{"body":null},"response":{"status":200,"statusText":"OK","body":{"unread":6}},"duration":3,"error":null}
[2026-06-29T23:09:24.813Z] {"timestamp":1782774563697,"type":"xhr","method":"GET","url":"/api/notifications/summary","request":{"body":null},"response":{"status":200,"statusText":"OK","body":{"unread":6}},"duration":4,"error":null}
[2026-06-29T23:09:24.813Z] {"timestamp":1782774563698,"type":"xhr","method":"GET","url":"/api/admin/conversas/fila/estatisticas","request":{"body":null},"response":{"status":200,"statusText":"OK","body":{"success":true,"data":{"mensagens_nao_lidas":99}}},"duration":3,"error":null}
[2026-06-29T23:09:27.501Z] {"timestamp":1782774565548,"type":"xhr","method":"GET","url":"/api/admin/conversas/fila/estatisticas","request":{"body":null},"response":{"status":200,"statusText":"OK","body":{"success":true,"data":{"mensagens_nao_lidas":99}}},"duration":5,"error":null}
[2026-06-29T23:09:27.501Z] {"timestamp":1782774565549,"type":"xhr","method":"GET","url":"/api/notifications/summary","request":{"body":null},"response":{"status":200,"statusText":"OK","body":{"unread":6}},"duration":4,"error":null}
[2026-06-29T23:09:30.815Z] {"timestamp":1782774570703,"type":"xhr","method":"GET","url":"/api/notifications/summary","request":{"body":null},"response":{"status":200,"statusText":"OK","body":{"unread":6}},"duration":4,"error":null}
[2026-06-29T23:09:30.815Z] {"timestamp":1782774570703,"type":"xhr","method":"GET","url":"/api/admin/conversas/fila/estatisticas","request":{"body":null},"response":{"status":200,"statusText":"OK","body":{"success":true,"data":{"mensagens_nao_lidas":99}}},"duration":4,"error":null}
[2026-06-29T23:09:33.497Z] {"timestamp":1782774572568,"type":"xhr","method":"GET","url":"/api/admin/conversas/fila/estatisticas","request":{"body":null},"response":{"status":200,"statusText":"OK","body":{"success":true,"data":{"mensagens_nao_lidas":99}}},"duration":4,"error":null}
[2026-06-29T23:09:33.497Z] {"timestamp":1782774572569,"type":"xhr","method":"GET","url":"/api/notifications/summary","request":{"body":null},"response":{"status":200,"statusText":"OK","body":{"unread":6}},"duration":3,"error":null}
[2026-06-29T23:09:38.819Z] {"timestamp":1782774577710,"type":"xhr","method":"GET","url":"/api/notifications/summary","request":{"body":null},"response":{"status":200,"statusText":"OK","body":{"unread":6}},"duration":4,"error":null}
[2026-06-29T23:09:38.819Z] {"timestamp":1782774577710,"type":"xhr","method":"GET","url":"/api/admin/conversas/fila/estatisticas","request":{"body":null},"response":{"status":200,"statusText":"OK","body":{"success":true,"data":{"mensagens_nao_lidas":99}}},"duration":5,"error":null}
[2026-06-29T23:09:41.492Z] {"timestamp":1782774579578,"type":"xhr","method":"GET","url":"/api/admin/conversas/fila/estatisticas","request":{"body":null},"response":{"status":200,"statusText":"OK","body":{"success":true,"data":{"mensagens_nao_lidas":99}}},"duration":4,"error":null}
[2026-06-29T23:09:41.492Z] {"timestamp":1782774579579,"type":"xhr","method":"GET","url":"/api/notifications/summary","request":{"body":null},"response":{"status":200,"statusText":"OK","body":{"unread":6}},"duration":4,"error":null}
[2026-06-29T23:09:44.825Z] {"timestamp":1782774584729,"type":"xhr","method":"GET","url":"/api/notifications/summary","request":{"body":null},"response":{"status":200,"statusText":"OK","body":{"unread":6}},"duration":4,"error":null}
[2026-06-29T23:09:44.825Z] {"timestamp":1782774584729,"type":"xhr","method":"GET","url":"/api/admin/conversas/fila/estatisticas","request":{"body":null},"response":{"status":200,"statusText":"OK","body":{"success":true,"data":{"mensagens_nao_lidas":99}}},"duration":4,"error":null}
[2026-06-29T23:09:46.398Z] {"timestamp":1782774585829,"type":"xhr","method":"GET","url":"/api/notifications/summary","request":{"body":null},"response":{"status":500,"statusText":"Internal Server Error","body":""},"duration":12,"error":null}
[2026-06-29T23:09:46.398Z] {"timestamp":1782774585830,"type":"xhr","method":"GET","url":"/api/admin/conversas/fila/estatisticas","request":{"body":null},"response":{"status":500,"statusText":"Internal Server Error","body":""},"duration":12,"error":null}
[2026-06-29T23:09:47.041Z] {"timestamp":1782774585829,"type":"xhr","method":"GET","url":"/api/notifications/summary","request":{"body":null},"response":{"status":500,"statusText":"Internal Server Error","body":""},"duration":12,"error":null}
[2026-06-29T23:09:47.041Z] {"timestamp":1782774585829,"type":"xhr","method":"GET","url":"/api/admin/conversas/fila/estatisticas","request":{"body":null},"response":{"status":500,"statusText":"Internal Server Error","body":""},"duration":14,"error":null}
[2026-06-29T23:09:47.494Z] {"timestamp":1782774586592,"type":"xhr","method":"GET","url":"/api/admin/conversas/fila/estatisticas","request":{"body":null},"response":{"status":200,"statusText":"OK","body":{"success":true,"data":{"mensagens_nao_lidas":99}}},"duration":5,"error":null}
[2026-06-29T23:09:47.494Z] {"timestamp":1782774586593,"type":"xhr","method":"GET","url":"/api/notifications/summary","request":{"body":null},"response":{"status":200,"statusText":"OK","body":{"unread":6}},"duration":4,"error":null}
[2026-06-29T23:09:52.816Z] {"timestamp":1782774591743,"type":"xhr","method":"GET","url":"/api/notifications/summary","request":{"body":null},"response":{"status":200,"statusText":"OK","body":{"unread":6}},"duration":5,"error":null}
[2026-06-29T23:09:52.816Z] {"timestamp":1782774591744,"type":"xhr","method":"GET","url":"/api/admin/conversas/fila/estatisticas","request":{"body":null},"response":{"status":200,"statusText":"OK","body":{"success":true,"data":{"mensagens_nao_lidas":99}}},"duration":4,"error":null}
[2026-06-29T23:09:55.491Z] {"timestamp":1782774593608,"type":"xhr","method":"GET","url":"/api/admin/conversas/fila/estatisticas","request":{"body":null},"response":{"status":200,"statusText":"OK","body":{"success":true,"data":{"mensagens_nao_lidas":99}}},"duration":3,"error":null}
[2026-06-29T23:09:55.491Z] {"timestamp":1782774593608,"type":"xhr","method":"GET","url":"/api/notifications/summary","request":{"body":null},"response":{"status":200,"statusText":"OK","body":{"unread":6}},"duration":4,"error":null}
[2026-06-29T23:09:58.826Z] {"timestamp":1782774598762,"type":"xhr","method":"GET","url":"/api/notifications/summary","request":{"body":null},"response":{"status":200,"statusText":"OK","body":{"unread":6}},"duration":4,"error":null}
[2026-06-29T23:09:58.826Z] {"timestamp":1782774598762,"type":"xhr","method":"GET","url":"/api/admin/conversas/fila/estatisticas","request":{"body":null},"response":{"status":200,"statusText":"OK","body":{"success":true,"data":{"mensagens_nao_lidas":99}}},"duration":5,"error":null}
[2026-06-29T23:10:01.491Z] {"timestamp":1782774600613,"type":"xhr","method":"GET","url":"/api/notifications/summary","request":{"body":null},"response":{"status":200,"statusText":"OK","body":{"unread":6}},"duration":5,"error":null}
[2026-06-29T23:10:01.491Z] {"timestamp":1782774600612,"type":"xhr","method":"GET","url":"/api/admin/conversas/fila/estatisticas","request":{"body":null},"response":{"status":200,"statusText":"OK","body":{"success":true,"data":{"mensagens_nao_lidas":99}}},"duration":6,"error":null}
[2026-06-29T23:10:06.817Z] {"timestamp":1782774605778,"type":"xhr","method":"GET","url":"/api/notifications/summary","request":{"body":null},"response":{"status":200,"statusText":"OK","body":{"unread":6}},"duration":9,"error":null}
[2026-06-29T23:10:06.817Z] {"timestamp":1782774605780,"type":"xhr","method":"GET","url":"/api/admin/conversas/fila/estatisticas","request":{"body":null},"response":{"status":200,"statusText":"OK","body":{"success":true,"data":{"mensagens_nao_lidas":99}}},"duration":8,"error":null}
[2026-06-29T23:10:09.496Z] {"timestamp":1782774607621,"type":"xhr","method":"GET","url":"/api/notifications/summary","request":{"body":null},"response":{"status":200,"statusText":"OK","body":{"unread":6}},"duration":4,"error":null}
[2026-06-29T23:10:09.496Z] {"timestamp":1782774607621,"type":"xhr","method":"GET","url":"/api/admin/conversas/fila/estatisticas","request":{"body":null},"response":{"status":200,"statusText":"OK","body":{"success":true,"data":{"mensagens_nao_lidas":99}}},"duration":4,"error":null}
[2026-06-29T23:10:12.408Z] {"timestamp":1782774611479,"type":"xhr","method":"GET","url":"/api/dashboard/timeline?per_page=20&category=all","request":{"body":null},"response":{"status":500,"statusText":"Internal Server Error","body":""},"duration":7,"error":null}
[2026-06-29T23:10:12.818Z] {"timestamp":1782774612803,"type":"xhr","method":"GET","url":"/api/notifications/summary","request":{"body":null},"response":{"status":200,"statusText":"OK","body":{"unread":6}},"duration":4,"error":null}
[2026-06-29T23:10:12.818Z] {"timestamp":1782774612804,"type":"xhr","method":"GET","url":"/api/admin/conversas/fila/estatisticas","request":{"body":null},"response":{"status":200,"statusText":"OK","body":{"success":true,"data":{"mensagens_nao_lidas":99}}},"duration":3,"error":null}
[2026-06-29T23:10:13.033Z] {"timestamp":1782774611540,"type":"xhr","method":"GET","url":"/api/dashboard/timeline?per_page=20&category=all","request":{"body":null},"response":{"status":500,"statusText":"Internal Server Error","body":""},"duration":8,"error":null}
[2026-06-29T23:10:13.033Z] {"timestamp":1782774612558,"type":"xhr","method":"GET","url":"/api/dashboard/timeline?per_page=20&category=all","request":{"body":null},"response":{"status":500,"statusText":"Internal Server Error","body":""},"duration":5,"error":null}
[2026-06-29T23:10:14.408Z] {"timestamp":1782774612496,"type":"xhr","method":"GET","url":"/api/dashboard/timeline?per_page=20&category=all","request":{"body":null},"response":{"status":500,"statusText":"Internal Server Error","body":""},"duration":6,"error":null}
[2026-06-29T23:10:15.046Z] {"timestamp":1782774614578,"type":"xhr","method":"GET","url":"/api/dashboard/timeline?per_page=20&category=all","request":{"body":null},"response":{"status":500,"statusText":"Internal Server Error","body":""},"duration":5,"error":null}
[2026-06-29T23:10:15.500Z] {"timestamp":1782774614640,"type":"xhr","method":"GET","url":"/api/notifications/summary","request":{"body":null},"response":{"status":200,"statusText":"OK","body":{"unread":6}},"duration":5,"error":null}
[2026-06-29T23:10:15.500Z] {"timestamp":1782774614641,"type":"xhr","method":"GET","url":"/api/admin/conversas/fila/estatisticas","request":{"body":null},"response":{"status":200,"statusText":"OK","body":{"success":true,"data":{"mensagens_nao_lidas":99}}},"duration":4,"error":null}
[2026-06-29T23:10:16.405Z] {"timestamp":1782774614516,"type":"xhr","method":"GET","url":"/api/dashboard/timeline?per_page=20&category=all","request":{"body":null},"response":{"status":500,"statusText":"Internal Server Error","body":""},"duration":5,"error":null}
[2026-06-29T23:10:19.042Z] {"timestamp":1782774618591,"type":"xhr","method":"GET","url":"/api/dashboard/timeline?per_page=20&category=all","request":{"body":null},"response":{"status":500,"statusText":"Internal Server Error","body":""},"duration":5,"error":null}
[2026-06-29T23:10:20.412Z] {"timestamp":1782774618529,"type":"xhr","method":"GET","url":"/api/dashboard/timeline?per_page=20&category=all","request":{"body":null},"response":{"status":500,"statusText":"Internal Server Error","body":""},"duration":6,"error":null}
[2026-06-29T23:10:20.814Z] {"timestamp":1782774619812,"type":"xhr","method":"GET","url":"/api/notifications/summary","request":{"body":null},"response":{"status":200,"statusText":"OK","body":{"unread":6}},"duration":7,"error":null}
[2026-06-29T23:10:20.814Z] {"timestamp":1782774619813,"type":"xhr","method":"GET","url":"/api/admin/conversas/fila/estatisticas","request":{"body":null},"response":{"status":200,"statusText":"OK","body":{"success":true,"data":{"mensagens_nao_lidas":99}}},"duration":8,"error":null}
[2026-06-29T23:10:23.495Z] {"timestamp":1782774621652,"type":"xhr","method":"GET","url":"/api/admin/conversas/fila/estatisticas","request":{"body":null},"response":{"status":200,"statusText":"OK","body":{"success":true,"data":{"mensagens_nao_lidas":99}}},"duration":4,"error":null}
[2026-06-29T23:10:23.495Z] {"timestamp":1782774621651,"type":"xhr","method":"GET","url":"/api/notifications/summary","request":{"body":null},"response":{"status":200,"statusText":"OK","body":{"unread":6}},"duration":5,"error":null}
[2026-06-29T23:10:28.829Z] {"timestamp":1782774626831,"type":"xhr","method":"GET","url":"/api/notifications/summary","request":{"body":null},"response":{"status":200,"statusText":"OK","body":{"unread":6}},"duration":4,"error":null}
[2026-06-29T23:10:28.829Z] {"timestamp":1782774626831,"type":"xhr","method":"GET","url":"/api/admin/conversas/fila/estatisticas","request":{"body":null},"response":{"status":200,"statusText":"OK","body":{"success":true,"data":{"mensagens_nao_lidas":99}}},"duration":4,"error":null}
[2026-06-29T23:10:29.496Z] {"timestamp":1782774628660,"type":"xhr","method":"GET","url":"/api/admin/conversas/fila/estatisticas","request":{"body":null},"response":{"status":200,"statusText":"OK","body":{"success":true,"data":{"mensagens_nao_lidas":99}}},"duration":4,"error":null}
[2026-06-29T23:10:29.496Z] {"timestamp":1782774628660,"type":"xhr","method":"GET","url":"/api/notifications/summary","request":{"body":null},"response":{"status":200,"statusText":"OK","body":{"unread":6}},"duration":4,"error":null}
[2026-06-29T23:10:34.826Z] {"timestamp":1782774633843,"type":"xhr","method":"GET","url":"/api/notifications/summary","request":{"body":null},"response":{"status":200,"statusText":"OK","body":{"unread":6}},"duration":5,"error":null}
[2026-06-29T23:10:34.826Z] {"timestamp":1782774633843,"type":"xhr","method":"GET","url":"/api/admin/conversas/fila/estatisticas","request":{"body":null},"response":{"status":200,"statusText":"OK","body":{"success":true,"data":{"mensagens_nao_lidas":99}}},"duration":5,"error":null}
[2026-06-29T23:10:37.497Z] {"timestamp":1782774635669,"type":"xhr","method":"GET","url":"/api/admin/conversas/fila/estatisticas","request":{"body":null},"response":{"status":200,"statusText":"OK","body":{"success":true,"data":{"mensagens_nao_lidas":99}}},"duration":4,"error":null}
[2026-06-29T23:10:37.497Z] {"timestamp":1782774635670,"type":"xhr","method":"GET","url":"/api/notifications/summary","request":{"body":null},"response":{"status":200,"statusText":"OK","body":{"unread":6}},"duration":3,"error":null}
[2026-06-29T23:10:42.822Z] {"timestamp":1782774640853,"type":"xhr","method":"GET","url":"/api/notifications/summary","request":{"body":null},"response":{"status":200,"statusText":"OK","body":{"unread":6}},"duration":5,"error":null}
[2026-06-29T23:10:42.822Z] {"timestamp":1782774640854,"type":"xhr","method":"GET","url":"/api/admin/conversas/fila/estatisticas","request":{"body":null},"response":{"status":200,"statusText":"OK","body":{"success":true,"data":{"mensagens_nao_lidas":99}}},"duration":4,"error":null}
[2026-06-29T23:10:43.494Z] {"timestamp":1782774642680,"type":"xhr","method":"GET","url":"/api/admin/conversas/fila/estatisticas","request":{"body":null},"response":{"status":200,"statusText":"OK","body":{"success":true,"data":{"mensagens_nao_lidas":99}}},"duration":3,"error":null}
[2026-06-29T23:10:43.494Z] {"timestamp":1782774642680,"type":"xhr","method":"GET","url":"/api/notifications/summary","request":{"body":null},"response":{"status":200,"statusText":"OK","body":{"unread":6}},"duration":4,"error":null}
[2026-06-29T23:10:46.396Z] {"timestamp":1782774645844,"type":"xhr","method":"GET","url":"/api/notifications/summary","request":{"body":null},"response":{"status":500,"statusText":"Internal Server Error","body":""},"duration":31,"error":null}
[2026-06-29T23:10:46.396Z] {"timestamp":1782774645846,"type":"xhr","method":"GET","url":"/api/admin/conversas/fila/estatisticas","request":{"body":null},"response":{"status":500,"statusText":"Internal Server Error","body":""},"duration":30,"error":null}
[2026-06-29T23:10:47.034Z] {"timestamp":1782774645844,"type":"xhr","method":"GET","url":"/api/notifications/summary","request":{"body":null},"response":{"status":500,"statusText":"Internal Server Error","body":""},"duration":32,"error":null}
[2026-06-29T23:10:47.034Z] {"timestamp":1782774645847,"type":"xhr","method":"GET","url":"/api/admin/conversas/fila/estatisticas","request":{"body":null},"response":{"status":500,"statusText":"Internal Server Error","body":""},"duration":30,"error":null}
[2026-06-29T23:10:48.826Z] {"timestamp":1782774647861,"type":"xhr","method":"GET","url":"/api/notifications/summary","request":{"body":null},"response":{"status":200,"statusText":"OK","body":{"unread":6}},"duration":4,"error":null}
[2026-06-29T23:10:48.826Z] {"timestamp":1782774647861,"type":"xhr","method":"GET","url":"/api/admin/conversas/fila/estatisticas","request":{"body":null},"response":{"status":200,"statusText":"OK","body":{"success":true,"data":{"mensagens_nao_lidas":99}}},"duration":4,"error":null}
[2026-06-29T23:10:51.494Z] {"timestamp":1782774649686,"type":"xhr","method":"GET","url":"/api/notifications/summary","request":{"body":null},"response":{"status":200,"statusText":"OK","body":{"unread":6}},"duration":4,"error":null}
[2026-06-29T23:10:51.494Z] {"timestamp":1782774649686,"type":"xhr","method":"GET","url":"/api/admin/conversas/fila/estatisticas","request":{"body":null},"response":{"status":200,"statusText":"OK","body":{"success":true,"data":{"mensagens_nao_lidas":99}}},"duration":4,"error":null}
[2026-06-29T23:10:56.827Z] {"timestamp":1782774654876,"type":"xhr","method":"GET","url":"/api/notifications/summary","request":{"body":null},"response":{"status":200,"statusText":"OK","body":{"unread":6}},"duration":3,"error":null}
[2026-06-29T23:10:56.827Z] {"timestamp":1782774654876,"type":"xhr","method":"GET","url":"/api/admin/conversas/fila/estatisticas","request":{"body":null},"response":{"status":200,"statusText":"OK","body":{"success":true,"data":{"mensagens_nao_lidas":99}}},"duration":4,"error":null}
[2026-06-29T23:10:57.495Z] {"timestamp":1782774656706,"type":"xhr","method":"GET","url":"/api/notifications/summary","request":{"body":null},"response":{"status":200,"statusText":"OK","body":{"unread":6}},"duration":4,"error":null}
[2026-06-29T23:10:57.495Z] {"timestamp":1782774656706,"type":"xhr","method":"GET","url":"/api/admin/conversas/fila/estatisticas","request":{"body":null},"response":{"status":200,"statusText":"OK","body":{"success":true,"data":{"mensagens_nao_lidas":99}}},"duration":4,"error":null}
[2026-06-29T23:11:02.821Z] {"timestamp":1782774661890,"type":"xhr","method":"GET","url":"/api/notifications/summary","request":{"body":null},"response":{"status":200,"statusText":"OK","body":{"unread":6}},"duration":4,"error":null}
[2026-06-29T23:11:02.821Z] {"timestamp":1782774661891,"type":"xhr","method":"GET","url":"/api/admin/conversas/fila/estatisticas","request":{"body":null},"response":{"status":200,"statusText":"OK","body":{"success":true,"data":{"mensagens_nao_lidas":99}}},"duration":4,"error":null}
[2026-06-29T23:11:05.501Z] {"timestamp":1782774663719,"type":"xhr","method":"GET","url":"/api/notifications/summary","request":{"body":null},"response":{"status":200,"statusText":"OK","body":{"unread":6}},"duration":4,"error":null}
[2026-06-29T23:11:05.501Z] {"timestamp":1782774663719,"type":"xhr","method":"GET","url":"/api/admin/conversas/fila/estatisticas","request":{"body":null},"response":{"status":200,"statusText":"OK","body":{"success":true,"data":{"mensagens_nao_lidas":99}}},"duration":4,"error":null}
[2026-06-29T23:11:10.825Z] {"timestamp":1782774668900,"type":"xhr","method":"GET","url":"/api/notifications/summary","request":{"body":null},"response":{"status":200,"statusText":"OK","body":{"unread":6}},"duration":3,"error":null}
[2026-06-29T23:11:10.825Z] {"timestamp":1782774668900,"type":"xhr","method":"GET","url":"/api/admin/conversas/fila/estatisticas","request":{"body":null},"response":{"status":200,"statusText":"OK","body":{"success":true,"data":{"mensagens_nao_lidas":99}}},"duration":4,"error":null}
[2026-06-29T23:11:11.498Z] {"timestamp":1782774670727,"type":"xhr","method":"GET","url":"/api/notifications/summary","request":{"body":null},"response":{"status":200,"statusText":"OK","body":{"unread":6}},"duration":4,"error":null}
[2026-06-29T23:11:11.498Z] {"timestamp":1782774670728,"type":"xhr","method":"GET","url":"/api/admin/conversas/fila/estatisticas","request":{"body":null},"response":{"status":200,"statusText":"OK","body":{"success":true,"data":{"mensagens_nao_lidas":99}}},"duration":4,"error":null}
[2026-06-29T23:11:16.819Z] {"timestamp":1782774675908,"type":"xhr","method":"GET","url":"/api/notifications/summary","request":{"body":null},"response":{"status":200,"statusText":"OK","body":{"unread":6}},"duration":5,"error":null}
[2026-06-29T23:11:16.819Z] {"timestamp":1782774675909,"type":"xhr","method":"GET","url":"/api/admin/conversas/fila/estatisticas","request":{"body":null},"response":{"status":200,"statusText":"OK","body":{"success":true,"data":{"mensagens_nao_lidas":99}}},"duration":5,"error":null}
[2026-06-29T23:11:19.041Z] {"timestamp":1782774678601,"type":"xhr","method":"GET","url":"/api/dashboard/timeline?per_page=20&category=all","request":{"body":null},"response":{"status":500,"statusText":"Internal Server Error","body":""},"duration":13,"error":null}
[2026-06-29T23:11:19.494Z] {"timestamp":1782774677743,"type":"xhr","method":"GET","url":"/api/notifications/summary","request":{"body":null},"response":{"status":200,"statusText":"OK","body":{"unread":6}},"duration":4,"error":null}
[2026-06-29T23:11:19.494Z] {"timestamp":1782774677744,"type":"xhr","method":"GET","url":"/api/admin/conversas/fila/estatisticas","request":{"body":null},"response":{"status":200,"statusText":"OK","body":{"success":true,"data":{"mensagens_nao_lidas":99}}},"duration":4,"error":null}
[2026-06-29T23:11:20.398Z] {"timestamp":1782774678538,"type":"xhr","method":"GET","url":"/api/dashboard/timeline?per_page=20&category=all","request":{"body":null},"response":{"status":500,"statusText":"Internal Server Error","body":""},"duration":8,"error":null}
[2026-06-29T23:11:20.398Z] {"timestamp":1782774679554,"type":"xhr","method":"GET","url":"/api/dashboard/timeline?per_page=20&category=all","request":{"body":null},"response":{"status":500,"statusText":"Internal Server Error","body":""},"duration":5,"error":null}
[2026-06-29T23:11:21.042Z] {"timestamp":1782774679617,"type":"xhr","method":"GET","url":"/api/dashboard/timeline?per_page=20&category=all","request":{"body":null},"response":{"status":500,"statusText":"Internal Server Error","body":""},"duration":5,"error":null}
[2026-06-29T23:11:22.410Z] {"timestamp":1782774681564,"type":"xhr","method":"GET","url":"/api/dashboard/timeline?per_page=20&category=all","request":{"body":null},"response":{"status":500,"statusText":"Internal Server Error","body":""},"duration":11,"error":null}
[2026-06-29T23:11:23.043Z] {"timestamp":1782774681626,"type":"xhr","method":"GET","url":"/api/dashboard/timeline?per_page=20&category=all","request":{"body":null},"response":{"status":500,"statusText":"Internal Server Error","body":""},"duration":4,"error":null}
[2026-06-29T23:11:24.824Z] {"timestamp":1782774682924,"type":"xhr","method":"GET","url":"/api/notifications/summary","request":{"body":null},"response":{"status":200,"statusText":"OK","body":{"unread":6}},"duration":5,"error":null}
[2026-06-29T23:11:24.824Z] {"timestamp":1782774682924,"type":"xhr","method":"GET","url":"/api/admin/conversas/fila/estatisticas","request":{"body":null},"response":{"status":200,"statusText":"OK","body":{"success":true,"data":{"mensagens_nao_lidas":99}}},"duration":5,"error":null}
[2026-06-29T23:11:25.489Z] {"timestamp":1782774684758,"type":"xhr","method":"GET","url":"/api/notifications/summary","request":{"body":null},"response":{"status":200,"statusText":"OK","body":{"unread":6}},"duration":4,"error":null}
[2026-06-29T23:11:25.489Z] {"timestamp":1782774684759,"type":"xhr","method":"GET","url":"/api/admin/conversas/fila/estatisticas","request":{"body":null},"response":{"status":200,"statusText":"OK","body":{"success":true,"data":{"mensagens_nao_lidas":99}}},"duration":3,"error":null}
[2026-06-29T23:11:26.406Z] {"timestamp":1782774685588,"type":"xhr","method":"GET","url":"/api/dashboard/timeline?per_page=20&category=all","request":{"body":null},"response":{"status":500,"statusText":"Internal Server Error","body":""},"duration":6,"error":null}
[2026-06-29T23:11:27.043Z] {"timestamp":1782774685640,"type":"xhr","method":"GET","url":"/api/dashboard/timeline?per_page=20&category=all","request":{"body":null},"response":{"status":500,"statusText":"Internal Server Error","body":""},"duration":5,"error":null}
[2026-06-29T23:11:30.815Z] {"timestamp":1782774689939,"type":"xhr","method":"GET","url":"/api/notifications/summary","request":{"body":null},"response":{"status":200,"statusText":"OK","body":{"unread":6}},"duration":4,"error":null}
[2026-06-29T23:11:30.815Z] {"timestamp":1782774689940,"type":"xhr","method":"GET","url":"/api/admin/conversas/fila/estatisticas","request":{"body":null},"response":{"status":200,"statusText":"OK","body":{"success":true,"data":{"mensagens_nao_lidas":99}}},"duration":4,"error":null}
[2026-06-29T23:11:33.496Z] {"timestamp":1782774691768,"type":"xhr","method":"GET","url":"/api/notifications/summary","request":{"body":null},"response":{"status":200,"statusText":"OK","body":{"unread":6}},"duration":3,"error":null}
[2026-06-29T23:11:33.496Z] {"timestamp":1782774691768,"type":"xhr","method":"GET","url":"/api/admin/conversas/fila/estatisticas","request":{"body":null},"response":{"status":200,"statusText":"OK","body":{"success":true,"data":{"mensagens_nao_lidas":99}}},"duration":4,"error":null}
[2026-06-29T23:11:38.826Z] {"timestamp":1782774696956,"type":"xhr","method":"GET","url":"/api/notifications/summary","request":{"body":null},"response":{"status":200,"statusText":"OK","body":{"unread":6}},"duration":4,"error":null}
[2026-06-29T23:11:38.826Z] {"timestamp":1782774696957,"type":"xhr","method":"GET","url":"/api/admin/conversas/fila/estatisticas","request":{"body":null},"response":{"status":200,"statusText":"OK","body":{"success":true,"data":{"mensagens_nao_lidas":99}}},"duration":4,"error":null}
[2026-06-29T23:11:39.490Z] {"timestamp":1782774698776,"type":"xhr","method":"GET","url":"/api/notifications/summary","request":{"body":null},"response":{"status":200,"statusText":"OK","body":{"unread":6}},"duration":4,"error":null}
[2026-06-29T23:11:39.490Z] {"timestamp":1782774698777,"type":"xhr","method":"GET","url":"/api/admin/conversas/fila/estatisticas","request":{"body":null},"response":{"status":200,"statusText":"OK","body":{"success":true,"data":{"mensagens_nao_lidas":99}}},"duration":3,"error":null}
[2026-06-29T23:11:44.842Z] {"timestamp":1782774703973,"type":"xhr","method":"GET","url":"/api/notifications/summary","request":{"body":null},"response":{"status":200,"statusText":"OK","body":{"unread":6}},"duration":4,"error":null}
[2026-06-29T23:11:44.842Z] {"timestamp":1782774703974,"type":"xhr","method":"GET","url":"/api/admin/conversas/fila/estatisticas","request":{"body":null},"response":{"status":200,"statusText":"OK","body":{"success":true,"data":{"mensagens_nao_lidas":99}}},"duration":3,"error":null}
[2026-06-29T23:11:46.409Z] {"timestamp":1782774705890,"type":"xhr","method":"GET","url":"/api/notifications/summary","request":{"body":null},"response":{"status":500,"statusText":"Internal Server Error","body":""},"duration":11,"error":null}
[2026-06-29T23:11:46.409Z] {"timestamp":1782774705890,"type":"xhr","method":"GET","url":"/api/admin/conversas/fila/estatisticas","request":{"body":null},"response":{"status":500,"statusText":"Internal Server Error","body":""},"duration":13,"error":null}
[2026-06-29T23:11:47.035Z] {"timestamp":1782774705890,"type":"xhr","method":"GET","url":"/api/notifications/summary","request":{"body":null},"response":{"status":500,"statusText":"Internal Server Error","body":""},"duration":11,"error":null}
[2026-06-29T23:11:47.035Z] {"timestamp":1782774705890,"type":"xhr","method":"GET","url":"/api/admin/conversas/fila/estatisticas","request":{"body":null},"response":{"status":500,"statusText":"Internal Server Error","body":""},"duration":11,"error":null}
[2026-06-29T23:11:47.496Z] {"timestamp":1782774705795,"type":"xhr","method":"GET","url":"/api/admin/conversas/fila/estatisticas","request":{"body":null},"response":{"status":200,"statusText":"OK","body":{"success":true,"data":{"mensagens_nao_lidas":99}}},"duration":3,"error":null}
[2026-06-29T23:11:47.496Z] {"timestamp":1782774705794,"type":"xhr","method":"GET","url":"/api/notifications/summary","request":{"body":null},"response":{"status":200,"statusText":"OK","body":{"unread":6}},"duration":4,"error":null}
[2026-06-29T23:11:52.830Z] {"timestamp":1782774710990,"type":"xhr","method":"GET","url":"/api/notifications/summary","request":{"body":null},"response":{"status":200,"statusText":"OK","body":{"unread":6}},"duration":4,"error":null}
[2026-06-29T23:11:52.830Z] {"timestamp":1782774710991,"type":"xhr","method":"GET","url":"/api/admin/conversas/fila/estatisticas","request":{"body":null},"response":{"status":200,"statusText":"OK","body":{"success":true,"data":{"mensagens_nao_lidas":99}}},"duration":4,"error":null}
[2026-06-29T23:11:53.489Z] {"timestamp":1782774712807,"type":"xhr","method":"GET","url":"/api/admin/conversas/fila/estatisticas","request":{"body":null},"response":{"status":200,"statusText":"OK","body":{"success":true,"data":{"mensagens_nao_lidas":99}}},"duration":6,"error":null}
[2026-06-29T23:11:53.489Z] {"timestamp":1782774712809,"type":"xhr","method":"GET","url":"/api/notifications/summary","request":{"body":null},"response":{"status":200,"statusText":"OK","body":{"unread":6}},"duration":5,"error":null}
[2026-06-29T23:11:58.822Z] {"timestamp":1782774718007,"type":"xhr","method":"GET","url":"/api/notifications/summary","request":{"body":null},"response":{"status":200,"statusText":"OK","body":{"unread":6}},"duration":4,"error":null}
[2026-06-29T23:11:58.822Z] {"timestamp":1782774718008,"type":"xhr","method":"GET","url":"/api/admin/conversas/fila/estatisticas","request":{"body":null},"response":{"status":200,"statusText":"OK","body":{"success":true,"data":{"mensagens_nao_lidas":99}}},"duration":4,"error":null}
[2026-06-29T23:12:01.493Z] {"timestamp":1782774719822,"type":"xhr","method":"GET","url":"/api/admin/conversas/fila/estatisticas","request":{"body":null},"response":{"status":200,"statusText":"OK","body":{"success":true,"data":{"mensagens_nao_lidas":99}}},"duration":3,"error":null}
[2026-06-29T23:12:01.493Z] {"timestamp":1782774719822,"type":"xhr","method":"GET","url":"/api/notifications/summary","request":{"body":null},"response":{"status":200,"statusText":"OK","body":{"unread":6}},"duration":4,"error":null}
[2026-06-29T23:12:06.816Z] {"timestamp":1782774725019,"type":"xhr","method":"GET","url":"/api/notifications/summary","request":{"body":null},"response":{"status":200,"statusText":"OK","body":{"unread":6}},"duration":6,"error":null}
[2026-06-29T23:12:06.816Z] {"timestamp":1782774725020,"type":"xhr","method":"GET","url":"/api/admin/conversas/fila/estatisticas","request":{"body":null},"response":{"status":200,"statusText":"OK","body":{"success":true,"data":{"mensagens_nao_lidas":99}}},"duration":6,"error":null}
[2026-06-29T23:12:07.493Z] {"timestamp":1782774726828,"type":"xhr","method":"GET","url":"/api/admin/conversas/fila/estatisticas","request":{"body":null},"response":{"status":200,"statusText":"OK","body":{"success":true,"data":{"mensagens_nao_lidas":99}}},"duration":4,"error":null}
[2026-06-29T23:12:07.493Z] {"timestamp":1782774726828,"type":"xhr","method":"GET","url":"/api/notifications/summary","request":{"body":null},"response":{"status":200,"statusText":"OK","body":{"unread":6}},"duration":4,"error":null}
[2026-06-29T23:12:12.835Z] {"timestamp":1782774732037,"type":"xhr","method":"GET","url":"/api/admin/conversas/fila/estatisticas","request":{"body":null},"response":{"status":200,"statusText":"OK","body":{"success":true,"data":{"mensagens_nao_lidas":99}}},"duration":4,"error":null}
[2026-06-29T23:12:12.835Z] {"timestamp":1782774732036,"type":"xhr","method":"GET","url":"/api/notifications/summary","request":{"body":null},"response":{"status":200,"statusText":"OK","body":{"unread":6}},"duration":5,"error":null}
[2026-06-29T23:12:15.498Z] {"timestamp":1782774733832,"type":"xhr","method":"GET","url":"/api/admin/conversas/fila/estatisticas","request":{"body":null},"response":{"status":200,"statusText":"OK","body":{"success":true,"data":{"mensagens_nao_lidas":99}}},"duration":6,"error":null}
[2026-06-29T23:12:15.498Z] {"timestamp":1782774733833,"type":"xhr","method":"GET","url":"/api/notifications/summary","request":{"body":null},"response":{"status":200,"statusText":"OK","body":{"unread":6}},"duration":5,"error":null}
[2026-06-29T23:12:20.824Z] {"timestamp":1782774739049,"type":"xhr","method":"GET","url":"/api/admin/conversas/fila/estatisticas","request":{"body":null},"response":{"status":200,"statusText":"OK","body":{"success":true,"data":{"mensagens_nao_lidas":99}}},"duration":4,"error":null}
[2026-06-29T23:12:20.824Z] {"timestamp":1782774739050,"type":"xhr","method":"GET","url":"/api/notifications/summary","request":{"body":null},"response":{"status":200,"statusText":"OK","body":{"unread":6}},"duration":4,"error":null}
[2026-06-29T23:12:21.502Z] {"timestamp":1782774740852,"type":"xhr","method":"GET","url":"/api/admin/conversas/fila/estatisticas","request":{"body":null},"response":{"status":200,"statusText":"OK","body":{"success":true,"data":{"mensagens_nao_lidas":99}}},"duration":5,"error":null}
[2026-06-29T23:12:21.502Z] {"timestamp":1782774740853,"type":"xhr","method":"GET","url":"/api/notifications/summary","request":{"body":null},"response":{"status":200,"statusText":"OK","body":{"unread":6}},"duration":5,"error":null}
[2026-06-29T23:12:26.404Z] {"timestamp":1782774745607,"type":"xhr","method":"GET","url":"/api/dashboard/timeline?per_page=20&category=all","request":{"body":null},"response":{"status":500,"statusText":"Internal Server Error","body":""},"duration":8,"error":null}
[2026-06-29T23:12:26.823Z] {"timestamp":1782774746060,"type":"xhr","method":"GET","url":"/api/admin/conversas/fila/estatisticas","request":{"body":null},"response":{"status":200,"statusText":"OK","body":{"success":true,"data":{"mensagens_nao_lidas":99}}},"duration":3,"error":null}
[2026-06-29T23:12:26.823Z] {"timestamp":1782774746060,"type":"xhr","method":"GET","url":"/api/notifications/summary","request":{"body":null},"response":{"status":200,"statusText":"OK","body":{"unread":6}},"duration":4,"error":null}
[2026-06-29T23:12:27.041Z] {"timestamp":1782774745654,"type":"xhr","method":"GET","url":"/api/dashboard/timeline?per_page=20&category=all","request":{"body":null},"response":{"status":500,"statusText":"Internal Server Error","body":""},"duration":8,"error":null}
[2026-06-29T23:12:27.041Z] {"timestamp":1782774746671,"type":"xhr","method":"GET","url":"/api/dashboard/timeline?per_page=20&category=all","request":{"body":null},"response":{"status":500,"statusText":"Internal Server Error","body":""},"duration":5,"error":null}
[2026-06-29T23:12:28.397Z] {"timestamp":1782774746625,"type":"xhr","method":"GET","url":"/api/dashboard/timeline?per_page=20&category=all","request":{"body":null},"response":{"status":500,"statusText":"Internal Server Error","body":""},"duration":6,"error":null}
[2026-06-29T23:12:29.043Z] {"timestamp":1782774748689,"type":"xhr","method":"GET","url":"/api/dashboard/timeline?per_page=20&category=all","request":{"body":null},"response":{"status":500,"statusText":"Internal Server Error","body":""},"duration":9,"error":null}
[2026-06-29T23:12:29.494Z] {"timestamp":1782774747872,"type":"xhr","method":"GET","url":"/api/admin/conversas/fila/estatisticas","request":{"body":null},"response":{"status":200,"statusText":"OK","body":{"success":true,"data":{"mensagens_nao_lidas":99}}},"duration":4,"error":null}
[2026-06-29T23:12:29.494Z] {"timestamp":1782774747873,"type":"xhr","method":"GET","url":"/api/notifications/summary","request":{"body":null},"response":{"status":200,"statusText":"OK","body":{"unread":6}},"duration":3,"error":null}
[2026-06-29T23:12:30.408Z] {"timestamp":1782774748641,"type":"xhr","method":"GET","url":"/api/dashboard/timeline?per_page=20&category=all","request":{"body":null},"response":{"status":500,"statusText":"Internal Server Error","body":""},"duration":4,"error":null}
[2026-06-29T23:12:33.034Z] {"timestamp":1782774752707,"type":"xhr","method":"GET","url":"/api/dashboard/timeline?per_page=20&category=all","request":{"body":null},"response":{"status":500,"statusText":"Internal Server Error","body":""},"duration":5,"error":null}
[2026-06-29T23:12:34.408Z] {"timestamp":1782774752658,"type":"xhr","method":"GET","url":"/api/dashboard/timeline?per_page=20&category=all","request":{"body":null},"response":{"status":500,"statusText":"Internal Server Error","body":""},"duration":17,"error":null}
[2026-06-29T23:12:34.827Z] {"timestamp":1782774753065,"type":"xhr","method":"GET","url":"/api/admin/conversas/fila/estatisticas","request":{"body":null},"response":{"status":200,"statusText":"OK","body":{"success":true,"data":{"mensagens_nao_lidas":99}}},"duration":3,"error":null}
[2026-06-29T23:12:34.827Z] {"timestamp":1782774753065,"type":"xhr","method":"GET","url":"/api/notifications/summary","request":{"body":null},"response":{"status":200,"statusText":"OK","body":{"unread":6}},"duration":4,"error":null}
[2026-06-29T23:12:35.491Z] {"timestamp":1782774754890,"type":"xhr","method":"GET","url":"/api/admin/conversas/fila/estatisticas","request":{"body":null},"response":{"status":200,"statusText":"OK","body":{"success":true,"data":{"mensagens_nao_lidas":99}}},"duration":4,"error":null}
[2026-06-29T23:12:35.491Z] {"timestamp":1782774754890,"type":"xhr","method":"GET","url":"/api/notifications/summary","request":{"body":null},"response":{"status":200,"statusText":"OK","body":{"unread":6}},"duration":4,"error":null}
[2026-06-29T23:12:40.826Z] {"timestamp":1782774760078,"type":"xhr","method":"GET","url":"/api/notifications/summary","request":{"body":null},"response":{"status":200,"statusText":"OK","body":{"unread":6}},"duration":3,"error":null}
[2026-06-29T23:12:40.826Z] {"timestamp":1782774760077,"type":"xhr","method":"GET","url":"/api/admin/conversas/fila/estatisticas","request":{"body":null},"response":{"status":200,"statusText":"OK","body":{"success":true,"data":{"mensagens_nao_lidas":99}}},"duration":4,"error":null}
[2026-06-29T23:12:43.498Z] {"timestamp":1782774761900,"type":"xhr","method":"GET","url":"/api/admin/conversas/fila/estatisticas","request":{"body":null},"response":{"status":200,"statusText":"OK","body":{"success":true,"data":{"mensagens_nao_lidas":99}}},"duration":7,"error":null}
[2026-06-29T23:12:43.498Z] {"timestamp":1782774761901,"type":"xhr","method":"GET","url":"/api/notifications/summary","request":{"body":null},"response":{"status":200,"statusText":"OK","body":{"unread":6}},"duration":7,"error":null}
[2026-06-29T23:12:46.399Z] {"timestamp":1782774765915,"type":"xhr","method":"GET","url":"/api/notifications/summary","request":{"body":null},"response":{"status":500,"statusText":"Internal Server Error","body":""},"duration":13,"error":null}
[2026-06-29T23:12:46.399Z] {"timestamp":1782774765915,"type":"xhr","method":"GET","url":"/api/admin/conversas/fila/estatisticas","request":{"body":null},"response":{"status":500,"statusText":"Internal Server Error","body":""},"duration":14,"error":null}
[2026-06-29T23:12:47.034Z] {"timestamp":1782774765915,"type":"xhr","method":"GET","url":"/api/notifications/summary","request":{"body":null},"response":{"status":500,"statusText":"Internal Server Error","body":""},"duration":14,"error":null}
[2026-06-29T23:12:47.034Z] {"timestamp":1782774765915,"type":"xhr","method":"GET","url":"/api/admin/conversas/fila/estatisticas","request":{"body":null},"response":{"status":500,"statusText":"Internal Server Error","body":""},"duration":15,"error":null}
[2026-06-29T23:12:48.818Z] {"timestamp":1782774767095,"type":"xhr","method":"GET","url":"/api/notifications/summary","request":{"body":null},"response":{"status":200,"statusText":"OK","body":{"unread":6}},"duration":4,"error":null}
[2026-06-29T23:12:48.818Z] {"timestamp":1782774767096,"type":"xhr","method":"GET","url":"/api/admin/conversas/fila/estatisticas","request":{"body":null},"response":{"status":200,"statusText":"OK","body":{"success":true,"data":{"mensagens_nao_lidas":99}}},"duration":3,"error":null}
[2026-06-29T23:12:49.489Z] {"timestamp":1782774768918,"type":"xhr","method":"GET","url":"/api/admin/conversas/fila/estatisticas","request":{"body":null},"response":{"status":200,"statusText":"OK","body":{"success":true,"data":{"mensagens_nao_lidas":99}}},"duration":4,"error":null}
[2026-06-29T23:12:49.489Z] {"timestamp":1782774768919,"type":"xhr","method":"GET","url":"/api/notifications/summary","request":{"body":null},"response":{"status":200,"statusText":"OK","body":{"unread":6}},"duration":4,"error":null}
[2026-06-29T23:12:54.822Z] {"timestamp":1782774774101,"type":"xhr","method":"GET","url":"/api/notifications/summary","request":{"body":null},"response":{"status":200,"statusText":"OK","body":{"unread":6}},"duration":3,"error":null}
[2026-06-29T23:12:54.822Z] {"timestamp":1782774774101,"type":"xhr","method":"GET","url":"/api/admin/conversas/fila/estatisticas","request":{"body":null},"response":{"status":200,"statusText":"OK","body":{"success":true,"data":{"mensagens_nao_lidas":99}}},"duration":4,"error":null}
[2026-06-29T23:12:57.495Z] {"timestamp":1782774775931,"type":"xhr","method":"GET","url":"/api/admin/conversas/fila/estatisticas","request":{"body":null},"response":{"status":200,"statusText":"OK","body":{"success":true,"data":{"mensagens_nao_lidas":99}}},"duration":9,"error":null}
[2026-06-29T23:12:57.495Z] {"timestamp":1782774775932,"type":"xhr","method":"GET","url":"/api/notifications/summary","request":{"body":null},"response":{"status":200,"statusText":"OK","body":{"unread":6}},"duration":8,"error":null}
[2026-06-29T23:13:02.819Z] {"timestamp":1782774781121,"type":"xhr","method":"GET","url":"/api/notifications/summary","request":{"body":null},"response":{"status":200,"statusText":"OK","body":{"unread":6}},"duration":4,"error":null}
[2026-06-29T23:13:02.819Z] {"timestamp":1782774781121,"type":"xhr","method":"GET","url":"/api/admin/conversas/fila/estatisticas","request":{"body":null},"response":{"status":200,"statusText":"OK","body":{"success":true,"data":{"mensagens_nao_lidas":99}}},"duration":4,"error":null}
[2026-06-29T23:13:03.493Z] {"timestamp":1782774782955,"type":"xhr","method":"GET","url":"/api/admin/conversas/fila/estatisticas","request":{"body":null},"response":{"status":200,"statusText":"OK","body":{"success":true,"data":{"mensagens_nao_lidas":99}}},"duration":4,"error":null}
[2026-06-29T23:13:03.493Z] {"timestamp":1782774782955,"type":"xhr","method":"GET","url":"/api/notifications/summary","request":{"body":null},"response":{"status":200,"statusText":"OK","body":{"unread":6}},"duration":4,"error":null}
[2026-06-29T23:13:08.831Z] {"timestamp":1782774788135,"type":"xhr","method":"GET","url":"/api/notifications/summary","request":{"body":null},"response":{"status":200,"statusText":"OK","body":{"unread":6}},"duration":5,"error":null}
[2026-06-29T23:13:08.831Z] {"timestamp":1782774788136,"type":"xhr","method":"GET","url":"/api/admin/conversas/fila/estatisticas","request":{"body":null},"response":{"status":200,"statusText":"OK","body":{"success":true,"data":{"mensagens_nao_lidas":99}}},"duration":5,"error":null}
[2026-06-29T23:13:11.494Z] {"timestamp":1782774789971,"type":"xhr","method":"GET","url":"/api/admin/conversas/fila/estatisticas","request":{"body":null},"response":{"status":200,"statusText":"OK","body":{"success":true,"data":{"mensagens_nao_lidas":99}}},"duration":13,"error":null}
[2026-06-29T23:13:11.494Z] {"timestamp":1782774789973,"type":"xhr","method":"GET","url":"/api/notifications/summary","request":{"body":null},"response":{"status":200,"statusText":"OK","body":{"unread":6}},"duration":18,"error":null}
[2026-06-29T23:13:16.827Z] {"timestamp":1782774795150,"type":"xhr","method":"GET","url":"/api/notifications/summary","request":{"body":null},"response":{"status":200,"statusText":"OK","body":{"unread":6}},"duration":4,"error":null}
[2026-06-29T23:13:16.827Z] {"timestamp":1782774795150,"type":"xhr","method":"GET","url":"/api/admin/conversas/fila/estatisticas","request":{"body":null},"response":{"status":200,"statusText":"OK","body":{"success":true,"data":{"mensagens_nao_lidas":99}}},"duration":5,"error":null}
[2026-06-29T23:13:17.504Z] {"timestamp":1782774796987,"type":"xhr","method":"GET","url":"/api/admin/conversas/fila/estatisticas","request":{"body":null},"response":{"status":200,"statusText":"OK","body":{"success":true,"data":{"mensagens_nao_lidas":99}}},"duration":4,"error":null}
[2026-06-29T23:13:17.504Z] {"timestamp":1782774796992,"type":"xhr","method":"GET","url":"/api/notifications/summary","request":{"body":null},"response":{"status":200,"statusText":"OK","body":{"unread":6}},"duration":3,"error":null}
[2026-06-29T23:13:22.816Z] {"timestamp":1782774802168,"type":"xhr","method":"GET","url":"/api/admin/conversas/fila/estatisticas","request":{"body":null},"response":{"status":200,"statusText":"OK","body":{"success":true,"data":{"mensagens_nao_lidas":99}}},"duration":4,"error":null}
[2026-06-29T23:13:22.816Z] {"timestamp":1782774802167,"type":"xhr","method":"GET","url":"/api/notifications/summary","request":{"body":null},"response":{"status":200,"statusText":"OK","body":{"unread":6}},"duration":5,"error":null}
[2026-06-29T23:13:25.492Z] {"timestamp":1782774803995,"type":"xhr","method":"GET","url":"/api/admin/conversas/fila/estatisticas","request":{"body":null},"response":{"status":200,"statusText":"OK","body":{"success":true,"data":{"mensagens_nao_lidas":99}}},"duration":5,"error":null}
[2026-06-29T23:13:25.492Z] {"timestamp":1782774803995,"type":"xhr","method":"GET","url":"/api/notifications/summary","request":{"body":null},"response":{"status":200,"statusText":"OK","body":{"unread":6}},"duration":5,"error":null}
[2026-06-29T23:13:30.828Z] {"timestamp":1782774809187,"type":"xhr","method":"GET","url":"/api/admin/conversas/fila/estatisticas","request":{"body":null},"response":{"status":200,"statusText":"OK","body":{"success":true,"data":{"mensagens_nao_lidas":99}}},"duration":6,"error":null}
[2026-06-29T23:13:30.828Z] {"timestamp":1782774809189,"type":"xhr","method":"GET","url":"/api/notifications/summary","request":{"body":null},"response":{"status":200,"statusText":"OK","body":{"unread":6}},"duration":5,"error":null}
[2026-06-29T23:13:31.488Z] {"timestamp":1782774811017,"type":"xhr","method":"GET","url":"/api/admin/conversas/fila/estatisticas","request":{"body":null},"response":{"status":200,"statusText":"OK","body":{"success":true,"data":{"mensagens_nao_lidas":99}}},"duration":3,"error":null}
[2026-06-29T23:13:31.488Z] {"timestamp":1782774811017,"type":"xhr","method":"GET","url":"/api/notifications/summary","request":{"body":null},"response":{"status":200,"statusText":"OK","body":{"unread":6}},"duration":4,"error":null}
[2026-06-29T23:13:33.043Z] {"timestamp":1782774812714,"type":"xhr","method":"GET","url":"/api/dashboard/timeline?per_page=20&category=all","request":{"body":null},"response":{"status":500,"statusText":"Internal Server Error","body":""},"duration":7,"error":null}
[2026-06-29T23:13:34.401Z] {"timestamp":1782774812682,"type":"xhr","method":"GET","url":"/api/dashboard/timeline?per_page=20&category=all","request":{"body":null},"response":{"status":500,"statusText":"Internal Server Error","body":""},"duration":8,"error":null}
[2026-06-29T23:13:34.401Z] {"timestamp":1782774813699,"type":"xhr","method":"GET","url":"/api/dashboard/timeline?per_page=20&category=all","request":{"body":null},"response":{"status":500,"statusText":"Internal Server Error","body":""},"duration":6,"error":null}
[2026-06-29T23:13:35.037Z] {"timestamp":1782774813730,"type":"xhr","method":"GET","url":"/api/dashboard/timeline?per_page=20&category=all","request":{"body":null},"response":{"status":500,"statusText":"Internal Server Error","body":""},"duration":6,"error":null}
[2026-06-29T23:13:36.402Z] {"timestamp":1782774815713,"type":"xhr","method":"GET","url":"/api/dashboard/timeline?per_page=20&category=all","request":{"body":null},"response":{"status":500,"statusText":"Internal Server Error","body":""},"duration":7,"error":null}
[2026-06-29T23:13:36.824Z] {"timestamp":1782774816197,"type":"xhr","method":"GET","url":"/api/admin/conversas/fila/estatisticas","request":{"body":null},"response":{"status":200,"statusText":"OK","body":{"success":true,"data":{"mensagens_nao_lidas":99}}},"duration":5,"error":null}
[2026-06-29T23:13:36.824Z] {"timestamp":1782774816198,"type":"xhr","method":"GET","url":"/api/notifications/summary","request":{"body":null},"response":{"status":200,"statusText":"OK","body":{"unread":6}},"duration":4,"error":null}
[2026-06-29T23:13:37.040Z] {"timestamp":1782774815737,"type":"xhr","method":"GET","url":"/api/dashboard/timeline?per_page=20&category=all","request":{"body":null},"response":{"status":500,"statusText":"Internal Server Error","body":""},"duration":6,"error":null}
[2026-06-29T23:13:39.499Z] {"timestamp":1782774818027,"type":"xhr","method":"GET","url":"/api/admin/conversas/fila/estatisticas","request":{"body":null},"response":{"status":200,"statusText":"OK","body":{"success":true,"data":{"mensagens_nao_lidas":99}}},"duration":7,"error":null}
[2026-06-29T23:13:39.499Z] {"timestamp":1782774818028,"type":"xhr","method":"GET","url":"/api/notifications/summary","request":{"body":null},"response":{"status":200,"statusText":"OK","body":{"unread":6}},"duration":6,"error":null}
[2026-06-29T23:13:40.404Z] {"timestamp":1782774819728,"type":"xhr","method":"GET","url":"/api/dashboard/timeline?per_page=20&category=all","request":{"body":null},"response":{"status":500,"statusText":"Internal Server Error","body":""},"duration":6,"error":null}
[2026-06-29T23:13:41.033Z] {"timestamp":1782774819759,"type":"xhr","method":"GET","url":"/api/dashboard/timeline?per_page=20&category=all","request":{"body":null},"response":{"status":500,"statusText":"Internal Server Error","body":""},"duration":4,"error":null}
[2026-06-29T23:13:44.817Z] {"timestamp":1782774823206,"type":"xhr","method":"GET","url":"/api/admin/conversas/fila/estatisticas","request":{"body":null},"response":{"status":200,"statusText":"OK","body":{"success":true,"data":{"mensagens_nao_lidas":99}}},"duration":5,"error":null}
[2026-06-29T23:13:44.817Z] {"timestamp":1782774823206,"type":"xhr","method":"GET","url":"/api/notifications/summary","request":{"body":null},"response":{"status":200,"statusText":"OK","body":{"unread":6}},"duration":7,"error":null}
[2026-06-29T23:13:45.489Z] {"timestamp":1782774825038,"type":"xhr","method":"GET","url":"/api/admin/conversas/fila/estatisticas","request":{"body":null},"response":{"status":200,"statusText":"OK","body":{"success":true,"data":{"mensagens_nao_lidas":99}}},"duration":4,"error":null}
[2026-06-29T23:13:45.489Z] {"timestamp":1782774825038,"type":"xhr","method":"GET","url":"/api/notifications/summary","request":{"body":null},"response":{"status":200,"statusText":"OK","body":{"unread":6}},"duration":5,"error":null}
[2026-06-29T23:13:46.401Z] {"timestamp":1782774825932,"type":"xhr","method":"GET","url":"/api/notifications/summary","request":{"body":null},"response":{"status":500,"statusText":"Internal Server Error","body":""},"duration":11,"error":null}
[2026-06-29T23:13:46.401Z] {"timestamp":1782774825933,"type":"xhr","method":"GET","url":"/api/admin/conversas/fila/estatisticas","request":{"body":null},"response":{"status":500,"statusText":"Internal Server Error","body":""},"duration":11,"error":null}
[2026-06-29T23:13:47.036Z] {"timestamp":1782774825932,"type":"xhr","method":"GET","url":"/api/notifications/summary","request":{"body":null},"response":{"status":500,"statusText":"Internal Server Error","body":""},"duration":11,"error":null}
[2026-06-29T23:13:47.036Z] {"timestamp":1782774825933,"type":"xhr","method":"GET","url":"/api/admin/conversas/fila/estatisticas","request":{"body":null},"response":{"status":500,"statusText":"Internal Server Error","body":""},"duration":12,"error":null}
[2026-06-29T23:13:50.819Z] {"timestamp":1782774830215,"type":"xhr","method":"GET","url":"/api/admin/conversas/fila/estatisticas","request":{"body":null},"response":{"status":200,"statusText":"OK","body":{"success":true,"data":{"mensagens_nao_lidas":99}}},"duration":4,"error":null}
[2026-06-29T23:13:50.819Z] {"timestamp":1782774830216,"type":"xhr","method":"GET","url":"/api/notifications/summary","request":{"body":null},"response":{"status":200,"statusText":"OK","body":{"unread":6}},"duration":4,"error":null}
[2026-06-29T23:13:53.492Z] {"timestamp":1782774832053,"type":"xhr","method":"GET","url":"/api/admin/conversas/fila/estatisticas","request":{"body":null},"response":{"status":200,"statusText":"OK","body":{"success":true,"data":{"mensagens_nao_lidas":99}}},"duration":5,"error":null}
[2026-06-29T23:13:53.492Z] {"timestamp":1782774832054,"type":"xhr","method":"GET","url":"/api/notifications/summary","request":{"body":null},"response":{"status":200,"statusText":"OK","body":{"unread":6}},"duration":5,"error":null}
[2026-06-29T23:13:58.825Z] {"timestamp":1782774837224,"type":"xhr","method":"GET","url":"/api/admin/conversas/fila/estatisticas","request":{"body":null},"response":{"status":200,"statusText":"OK","body":{"success":true,"data":{"mensagens_nao_lidas":99}}},"duration":3,"error":null}
[2026-06-29T23:13:58.825Z] {"timestamp":1782774837224,"type":"xhr","method":"GET","url":"/api/notifications/summary","request":{"body":null},"response":{"status":200,"statusText":"OK","body":{"unread":6}},"duration":3,"error":null}
[2026-06-29T23:13:59.490Z] {"timestamp":1782774839069,"type":"xhr","method":"GET","url":"/api/admin/conversas/fila/estatisticas","request":{"body":null},"response":{"status":200,"statusText":"OK","body":{"success":true,"data":{"mensagens_nao_lidas":99}}},"duration":3,"error":null}
[2026-06-29T23:13:59.490Z] {"timestamp":1782774839069,"type":"xhr","method":"GET","url":"/api/notifications/summary","request":{"body":null},"response":{"status":200,"statusText":"OK","body":{"unread":6}},"duration":4,"error":null}
[2026-06-29T23:14:04.823Z] {"timestamp":1782774844235,"type":"xhr","method":"GET","url":"/api/admin/conversas/fila/estatisticas","request":{"body":null},"response":{"status":200,"statusText":"OK","body":{"success":true,"data":{"mensagens_nao_lidas":99}}},"duration":5,"error":null}
[2026-06-29T23:14:04.823Z] {"timestamp":1782774844236,"type":"xhr","method":"GET","url":"/api/notifications/summary","request":{"body":null},"response":{"status":200,"statusText":"OK","body":{"unread":6}},"duration":5,"error":null}
[2026-06-29T23:14:07.497Z] {"timestamp":1782774846085,"type":"xhr","method":"GET","url":"/api/admin/conversas/fila/estatisticas","request":{"body":null},"response":{"status":200,"statusText":"OK","body":{"success":true,"data":{"mensagens_nao_lidas":99}}},"duration":5,"error":null}
[2026-06-29T23:14:07.497Z] {"timestamp":1782774846085,"type":"xhr","method":"GET","url":"/api/notifications/summary","request":{"body":null},"response":{"status":200,"statusText":"OK","body":{"unread":6}},"duration":5,"error":null}
[2026-06-29T23:14:12.814Z] {"timestamp":1782774851243,"type":"xhr","method":"GET","url":"/api/notifications/summary","request":{"body":null},"response":{"status":200,"statusText":"OK","body":{"unread":6}},"duration":3,"error":null}
[2026-06-29T23:14:12.814Z] {"timestamp":1782774851242,"type":"xhr","method":"GET","url":"/api/admin/conversas/fila/estatisticas","request":{"body":null},"response":{"status":200,"statusText":"OK","body":{"success":true,"data":{"mensagens_nao_lidas":99}}},"duration":5,"error":null}
[2026-06-29T23:14:13.501Z] {"timestamp":1782774853094,"type":"xhr","method":"GET","url":"/api/admin/conversas/fila/estatisticas","request":{"body":null},"response":{"status":200,"statusText":"OK","body":{"success":true,"data":{"mensagens_nao_lidas":99}}},"duration":5,"error":null}
[2026-06-29T23:14:13.501Z] {"timestamp":1782774853095,"type":"xhr","method":"GET","url":"/api/notifications/summary","request":{"body":null},"response":{"status":200,"statusText":"OK","body":{"unread":6}},"duration":5,"error":null}
[2026-06-29T23:14:18.827Z] {"timestamp":1782774858261,"type":"xhr","method":"GET","url":"/api/notifications/summary","request":{"body":null},"response":{"status":200,"statusText":"OK","body":{"unread":6}},"duration":5,"error":null}
[2026-06-29T23:14:18.827Z] {"timestamp":1782774858262,"type":"xhr","method":"GET","url":"/api/admin/conversas/fila/estatisticas","request":{"body":null},"response":{"status":200,"statusText":"OK","body":{"success":true,"data":{"mensagens_nao_lidas":99}}},"duration":4,"error":null}
[2026-06-29T23:14:21.501Z] {"timestamp":1782774860101,"type":"xhr","method":"GET","url":"/api/admin/conversas/fila/estatisticas","request":{"body":null},"response":{"status":200,"statusText":"OK","body":{"success":true,"data":{"mensagens_nao_lidas":99}}},"duration":4,"error":null}
[2026-06-29T23:14:21.501Z] {"timestamp":1782774860102,"type":"xhr","method":"GET","url":"/api/notifications/summary","request":{"body":null},"response":{"status":200,"statusText":"OK","body":{"unread":6}},"duration":4,"error":null}
[2026-06-29T23:14:26.816Z] {"timestamp":1782774865270,"type":"xhr","method":"GET","url":"/api/admin/conversas/fila/estatisticas","request":{"body":null},"response":{"status":200,"statusText":"OK","body":{"success":true,"data":{"mensagens_nao_lidas":99}}},"duration":5,"error":null}
[2026-06-29T23:14:26.817Z] {"timestamp":1782774865269,"type":"xhr","method":"GET","url":"/api/notifications/summary","request":{"body":null},"response":{"status":200,"statusText":"OK","body":{"unread":6}},"duration":6,"error":null}
[2026-06-29T23:14:27.505Z] {"timestamp":1782774867117,"type":"xhr","method":"GET","url":"/api/admin/conversas/fila/estatisticas","request":{"body":null},"response":{"status":200,"statusText":"OK","body":{"success":true,"data":{"mensagens_nao_lidas":99}}},"duration":5,"error":null}
[2026-06-29T23:14:27.505Z] {"timestamp":1782774867118,"type":"xhr","method":"GET","url":"/api/notifications/summary","request":{"body":null},"response":{"status":200,"statusText":"OK","body":{"unread":6}},"duration":5,"error":null}
[2026-06-29T23:14:32.830Z] {"timestamp":1782774872287,"type":"xhr","method":"GET","url":"/api/admin/conversas/fila/estatisticas","request":{"body":null},"response":{"status":200,"statusText":"OK","body":{"success":true,"data":{"mensagens_nao_lidas":99}}},"duration":4,"error":null}
[2026-06-29T23:14:32.830Z] {"timestamp":1782774872287,"type":"xhr","method":"GET","url":"/api/notifications/summary","request":{"body":null},"response":{"status":200,"statusText":"OK","body":{"unread":6}},"duration":4,"error":null}
[2026-06-29T23:14:35.504Z] {"timestamp":1782774874136,"type":"xhr","method":"GET","url":"/api/admin/conversas/fila/estatisticas","request":{"body":null},"response":{"status":200,"statusText":"OK","body":{"success":true,"data":{"mensagens_nao_lidas":99}}},"duration":3,"error":null}
[2026-06-29T23:14:35.504Z] {"timestamp":1782774874136,"type":"xhr","method":"GET","url":"/api/notifications/summary","request":{"body":null},"response":{"status":200,"statusText":"OK","body":{"unread":6}},"duration":4,"error":null}
[2026-06-29T23:14:40.398Z] {"timestamp":1782774879740,"type":"xhr","method":"GET","url":"/api/dashboard/timeline?per_page=20&category=all","request":{"body":null},"response":{"status":500,"statusText":"Internal Server Error","body":""},"duration":18,"error":null}
[2026-06-29T23:14:40.821Z] {"timestamp":1782774879303,"type":"xhr","method":"GET","url":"/api/admin/conversas/fila/estatisticas","request":{"body":null},"response":{"status":200,"statusText":"OK","body":{"success":true,"data":{"mensagens_nao_lidas":99}}},"duration":8,"error":null}
[2026-06-29T23:14:40.821Z] {"timestamp":1782774879304,"type":"xhr","method":"GET","url":"/api/notifications/summary","request":{"body":null},"response":{"status":200,"statusText":"OK","body":{"unread":6}},"duration":8,"error":null}
[2026-06-29T23:14:41.035Z] {"timestamp":1782774879771,"type":"xhr","method":"GET","url":"/api/dashboard/timeline?per_page=20&category=all","request":{"body":null},"response":{"status":500,"statusText":"Internal Server Error","body":""},"duration":52,"error":null}
[2026-06-29T23:14:41.035Z] {"timestamp":1782774880833,"type":"xhr","method":"GET","url":"/api/dashboard/timeline?per_page=20&category=all","request":{"body":null},"response":{"status":500,"statusText":"Internal Server Error","body":""},"duration":5,"error":null}
[2026-06-29T23:14:41.494Z] {"timestamp":1782774881147,"type":"xhr","method":"GET","url":"/api/admin/conversas/fila/estatisticas","request":{"body":null},"response":{"status":200,"statusText":"OK","body":{"success":true,"data":{"mensagens_nao_lidas":99}}},"duration":4,"error":null}
[2026-06-29T23:14:41.495Z] {"timestamp":1782774881148,"type":"xhr","method":"GET","url":"/api/notifications/summary","request":{"body":null},"response":{"status":200,"statusText":"OK","body":{"unread":6}},"duration":4,"error":null}
[2026-06-29T23:14:42.398Z] {"timestamp":1782774880770,"type":"xhr","method":"GET","url":"/api/dashboard/timeline?per_page=20&category=all","request":{"body":null},"response":{"status":500,"statusText":"Internal Server Error","body":""},"duration":14,"error":null}
[2026-06-29T23:14:43.036Z] {"timestamp":1782774882847,"type":"xhr","method":"GET","url":"/api/dashboard/timeline?per_page=20&category=all","request":{"body":null},"response":{"status":500,"statusText":"Internal Server Error","body":""},"duration":5,"error":null}
[2026-06-29T23:14:44.404Z] {"timestamp":1782774882785,"type":"xhr","method":"GET","url":"/api/dashboard/timeline?per_page=20&category=all","request":{"body":null},"response":{"status":500,"statusText":"Internal Server Error","body":""},"duration":5,"error":null}
[2026-06-29T23:14:46.403Z] {"timestamp":1782774885947,"type":"xhr","method":"GET","url":"/api/notifications/summary","request":{"body":null},"response":{"status":500,"statusText":"Internal Server Error","body":""},"duration":11,"error":null}
[2026-06-29T23:14:46.403Z] {"timestamp":1782774885947,"type":"xhr","method":"GET","url":"/api/admin/conversas/fila/estatisticas","request":{"body":null},"response":{"status":500,"statusText":"Internal Server Error","body":""},"duration":12,"error":null}
[2026-06-29T23:14:46.829Z] {"timestamp":1782774886325,"type":"xhr","method":"GET","url":"/api/admin/conversas/fila/estatisticas","request":{"body":null},"response":{"status":200,"statusText":"OK","body":{"success":true,"data":{"mensagens_nao_lidas":99}}},"duration":5,"error":null}
[2026-06-29T23:14:46.829Z] {"timestamp":1782774886325,"type":"xhr","method":"GET","url":"/api/notifications/summary","request":{"body":null},"response":{"status":200,"statusText":"OK","body":{"unread":6}},"duration":5,"error":null}
[2026-06-29T23:14:47.041Z] {"timestamp":1782774885947,"type":"xhr","method":"GET","url":"/api/notifications/summary","request":{"body":null},"response":{"status":500,"statusText":"Internal Server Error","body":""},"duration":11,"error":null}
[2026-06-29T23:14:47.041Z] {"timestamp":1782774885947,"type":"xhr","method":"GET","url":"/api/admin/conversas/fila/estatisticas","request":{"body":null},"response":{"status":500,"statusText":"Internal Server Error","body":""},"duration":12,"error":null}
[2026-06-29T23:14:47.041Z] {"timestamp":1782774886856,"type":"xhr","method":"GET","url":"/api/dashboard/timeline?per_page=20&category=all","request":{"body":null},"response":{"status":500,"statusText":"Internal Server Error","body":""},"duration":5,"error":null}
[2026-06-29T23:14:48.407Z] {"timestamp":1782774886795,"type":"xhr","method":"GET","url":"/api/dashboard/timeline?per_page=20&category=all","request":{"body":null},"response":{"status":500,"statusText":"Internal Server Error","body":""},"duration":5,"error":null}
[2026-06-29T23:14:49.501Z] {"timestamp":1782774888153,"type":"xhr","method":"GET","url":"/api/admin/conversas/fila/estatisticas","request":{"body":null},"response":{"status":200,"statusText":"OK","body":{"success":true,"data":{"mensagens_nao_lidas":99}}},"duration":4,"error":null}
[2026-06-29T23:14:49.501Z] {"timestamp":1782774888153,"type":"xhr","method":"GET","url":"/api/notifications/summary","request":{"body":null},"response":{"status":200,"statusText":"OK","body":{"unread":6}},"duration":5,"error":null}
[2026-06-29T23:14:54.817Z] {"timestamp":1782774893336,"type":"xhr","method":"GET","url":"/api/admin/conversas/fila/estatisticas","request":{"body":null},"response":{"status":200,"statusText":"OK","body":{"success":true,"data":{"mensagens_nao_lidas":99}}},"duration":5,"error":null}
[2026-06-29T23:14:54.817Z] {"timestamp":1782774893337,"type":"xhr","method":"GET","url":"/api/notifications/summary","request":{"body":null},"response":{"status":200,"statusText":"OK","body":{"unread":6}},"duration":5,"error":null}
[2026-06-29T23:14:55.497Z] {"timestamp":1782774895169,"type":"xhr","method":"GET","url":"/api/admin/conversas/fila/estatisticas","request":{"body":null},"response":{"status":200,"statusText":"OK","body":{"success":true,"data":{"mensagens_nao_lidas":99}}},"duration":4,"error":null}
[2026-06-29T23:14:55.497Z] {"timestamp":1782774895170,"type":"xhr","method":"GET","url":"/api/notifications/summary","request":{"body":null},"response":{"status":200,"statusText":"OK","body":{"unread":6}},"duration":4,"error":null}
[2026-06-29T23:15:00.814Z] {"timestamp":1782774900349,"type":"xhr","method":"GET","url":"/api/admin/conversas/fila/estatisticas","request":{"body":null},"response":{"status":200,"statusText":"OK","body":{"success":true,"data":{"mensagens_nao_lidas":99}}},"duration":5,"error":null}
[2026-06-29T23:15:00.814Z] {"timestamp":1782774900350,"type":"xhr","method":"GET","url":"/api/notifications/summary","request":{"body":null},"response":{"status":200,"statusText":"OK","body":{"unread":6}},"duration":4,"error":null}
[2026-06-29T23:15:03.499Z] {"timestamp":1782774902188,"type":"xhr","method":"GET","url":"/api/admin/conversas/fila/estatisticas","request":{"body":null},"response":{"status":200,"statusText":"OK","body":{"success":true,"data":{"mensagens_nao_lidas":99}}},"duration":5,"error":null}
[2026-06-29T23:15:03.499Z] {"timestamp":1782774902188,"type":"xhr","method":"GET","url":"/api/notifications/summary","request":{"body":null},"response":{"status":200,"statusText":"OK","body":{"unread":6}},"duration":5,"error":null}
[2026-06-29T23:15:08.816Z] {"timestamp":1782774907358,"type":"xhr","method":"GET","url":"/api/admin/conversas/fila/estatisticas","request":{"body":null},"response":{"status":200,"statusText":"OK","body":{"success":true,"data":{"mensagens_nao_lidas":99}}},"duration":4,"error":null}
[2026-06-29T23:15:08.816Z] {"timestamp":1782774907358,"type":"xhr","method":"GET","url":"/api/notifications/summary","request":{"body":null},"response":{"status":200,"statusText":"OK","body":{"unread":6}},"duration":4,"error":null}
[2026-06-29T23:15:09.500Z] {"timestamp":1782774909196,"type":"xhr","method":"GET","url":"/api/admin/conversas/fila/estatisticas","request":{"body":null},"response":{"status":200,"statusText":"OK","body":{"success":true,"data":{"mensagens_nao_lidas":99}}},"duration":4,"error":null}
[2026-06-29T23:15:09.500Z] {"timestamp":1782774909196,"type":"xhr","method":"GET","url":"/api/notifications/summary","request":{"body":null},"response":{"status":200,"statusText":"OK","body":{"unread":6}},"duration":5,"error":null}
[2026-06-29T23:15:14.817Z] {"timestamp":1782774914378,"type":"xhr","method":"GET","url":"/api/admin/conversas/fila/estatisticas","request":{"body":null},"response":{"status":200,"statusText":"OK","body":{"success":true,"data":{"mensagens_nao_lidas":99}}},"duration":4,"error":null}
[2026-06-29T23:15:14.817Z] {"timestamp":1782774914379,"type":"xhr","method":"GET","url":"/api/notifications/summary","request":{"body":null},"response":{"status":200,"statusText":"OK","body":{"unread":6}},"duration":4,"error":null}
[2026-06-29T23:15:17.499Z] {"timestamp":1782774916214,"type":"xhr","method":"GET","url":"/api/notifications/summary","request":{"body":null},"response":{"status":200,"statusText":"OK","body":{"unread":6}},"duration":4,"error":null}
[2026-06-29T23:15:17.499Z] {"timestamp":1782774916213,"type":"xhr","method":"GET","url":"/api/admin/conversas/fila/estatisticas","request":{"body":null},"response":{"status":200,"statusText":"OK","body":{"success":true,"data":{"mensagens_nao_lidas":99}}},"duration":5,"error":null}
[2026-06-29T23:15:22.823Z] {"timestamp":1782774921393,"type":"xhr","method":"GET","url":"/api/admin/conversas/fila/estatisticas","request":{"body":null},"response":{"status":200,"statusText":"OK","body":{"success":true,"data":{"mensagens_nao_lidas":99}}},"duration":4,"error":null}
[2026-06-29T23:15:22.823Z] {"timestamp":1782774921394,"type":"xhr","method":"GET","url":"/api/notifications/summary","request":{"body":null},"response":{"status":200,"statusText":"OK","body":{"unread":6}},"duration":4,"error":null}
[2026-06-29T23:15:23.500Z] {"timestamp":1782774923232,"type":"xhr","method":"GET","url":"/api/notifications/summary","request":{"body":null},"response":{"status":200,"statusText":"OK","body":{"unread":6}},"duration":6,"error":null}
[2026-06-29T23:15:23.500Z] {"timestamp":1782774923233,"type":"xhr","method":"GET","url":"/api/admin/conversas/fila/estatisticas","request":{"body":null},"response":{"status":200,"statusText":"OK","body":{"success":true,"data":{"mensagens_nao_lidas":99}}},"duration":9,"error":null}
[2026-06-29T23:15:28.813Z] {"timestamp":1782774928406,"type":"xhr","method":"GET","url":"/api/admin/conversas/fila/estatisticas","request":{"body":null},"response":{"status":200,"statusText":"OK","body":{"success":true,"data":{"mensagens_nao_lidas":99}}},"duration":4,"error":null}
[2026-06-29T23:15:28.813Z] {"timestamp":1782774928406,"type":"xhr","method":"GET","url":"/api/notifications/summary","request":{"body":null},"response":{"status":200,"statusText":"OK","body":{"unread":6}},"duration":4,"error":null}
[2026-06-29T23:15:31.499Z] {"timestamp":1782774930249,"type":"xhr","method":"GET","url":"/api/notifications/summary","request":{"body":null},"response":{"status":200,"statusText":"OK","body":{"unread":6}},"duration":4,"error":null}
[2026-06-29T23:15:31.499Z] {"timestamp":1782774930249,"type":"xhr","method":"GET","url":"/api/admin/conversas/fila/estatisticas","request":{"body":null},"response":{"status":200,"statusText":"OK","body":{"success":true,"data":{"mensagens_nao_lidas":99}}},"duration":4,"error":null}
[2026-06-29T23:15:36.818Z] {"timestamp":1782774935417,"type":"xhr","method":"GET","url":"/api/admin/conversas/fila/estatisticas","request":{"body":null},"response":{"status":200,"statusText":"OK","body":{"success":true,"data":{"mensagens_nao_lidas":99}}},"duration":4,"error":null}
[2026-06-29T23:15:36.818Z] {"timestamp":1782774935418,"type":"xhr","method":"GET","url":"/api/notifications/summary","request":{"body":null},"response":{"status":200,"statusText":"OK","body":{"unread":6}},"duration":4,"error":null}
[2026-06-29T23:15:37.498Z] {"timestamp":1782774937266,"type":"xhr","method":"GET","url":"/api/notifications/summary","request":{"body":null},"response":{"status":200,"statusText":"OK","body":{"unread":6}},"duration":3,"error":null}
[2026-06-29T23:15:37.498Z] {"timestamp":1782774937266,"type":"xhr","method":"GET","url":"/api/admin/conversas/fila/estatisticas","request":{"body":null},"response":{"status":200,"statusText":"OK","body":{"success":true,"data":{"mensagens_nao_lidas":99}}},"duration":4,"error":null}
[2026-06-29T23:15:42.813Z] {"timestamp":1782774942428,"type":"xhr","method":"GET","url":"/api/admin/conversas/fila/estatisticas","request":{"body":null},"response":{"status":200,"statusText":"OK","body":{"success":true,"data":{"mensagens_nao_lidas":99}}},"duration":5,"error":null}
[2026-06-29T23:15:42.813Z] {"timestamp":1782774942428,"type":"xhr","method":"GET","url":"/api/notifications/summary","request":{"body":null},"response":{"status":200,"statusText":"OK","body":{"unread":6}},"duration":5,"error":null}
[2026-06-29T23:15:45.502Z] {"timestamp":1782774944280,"type":"xhr","method":"GET","url":"/api/notifications/summary","request":{"body":null},"response":{"status":200,"statusText":"OK","body":{"unread":6}},"duration":4,"error":null}
[2026-06-29T23:15:45.502Z] {"timestamp":1782774944281,"type":"xhr","method":"GET","url":"/api/admin/conversas/fila/estatisticas","request":{"body":null},"response":{"status":200,"statusText":"OK","body":{"success":true,"data":{"mensagens_nao_lidas":99}}},"duration":4,"error":null}
[2026-06-29T23:15:46.401Z] {"timestamp":1782774945963,"type":"xhr","method":"GET","url":"/api/notifications/summary","request":{"body":null},"response":{"status":500,"statusText":"Internal Server Error","body":""},"duration":15,"error":null}
[2026-06-29T23:15:46.401Z] {"timestamp":1782774945964,"type":"xhr","method":"GET","url":"/api/admin/conversas/fila/estatisticas","request":{"body":null},"response":{"status":500,"statusText":"Internal Server Error","body":""},"duration":14,"error":null}
[2026-06-29T23:15:47.037Z] {"timestamp":1782774945963,"type":"xhr","method":"GET","url":"/api/notifications/summary","request":{"body":null},"response":{"status":500,"statusText":"Internal Server Error","body":""},"duration":14,"error":null}
[2026-06-29T23:15:47.037Z] {"timestamp":1782774945964,"type":"xhr","method":"GET","url":"/api/admin/conversas/fila/estatisticas","request":{"body":null},"response":{"status":500,"statusText":"Internal Server Error","body":""},"duration":14,"error":null}
[2026-06-29T23:15:47.037Z] {"timestamp":1782774946864,"type":"xhr","method":"GET","url":"/api/dashboard/timeline?per_page=20&category=all","request":{"body":null},"response":{"status":500,"statusText":"Internal Server Error","body":""},"duration":7,"error":null}
[2026-06-29T23:15:48.410Z] {"timestamp":1782774946801,"type":"xhr","method":"GET","url":"/api/dashboard/timeline?per_page=20&category=all","request":{"body":null},"response":{"status":500,"statusText":"Internal Server Error","body":""},"duration":6,"error":null}
[2026-06-29T23:15:48.410Z] {"timestamp":1782774947809,"type":"xhr","method":"GET","url":"/api/dashboard/timeline?per_page=20&category=all","request":{"body":null},"response":{"status":500,"statusText":"Internal Server Error","body":""},"duration":4,"error":null}
[2026-06-29T23:15:49.033Z] {"timestamp":1782774947882,"type":"xhr","method":"GET","url":"/api/dashboard/timeline?per_page=20&category=all","request":{"body":null},"response":{"status":500,"statusText":"Internal Server Error","body":""},"duration":6,"error":null}
[2026-06-29T23:15:50.396Z] {"timestamp":1782774949820,"type":"xhr","method":"GET","url":"/api/dashboard/timeline?per_page=20&category=all","request":{"body":null},"response":{"status":500,"statusText":"Internal Server Error","body":""},"duration":6,"error":null}
[2026-06-29T23:15:50.817Z] {"timestamp":1782774949446,"type":"xhr","method":"GET","url":"/api/admin/conversas/fila/estatisticas","request":{"body":null},"response":{"status":200,"statusText":"OK","body":{"success":true,"data":{"mensagens_nao_lidas":99}}},"duration":3,"error":null}
[2026-06-29T23:15:50.817Z] {"timestamp":1782774949446,"type":"xhr","method":"GET","url":"/api/notifications/summary","request":{"body":null},"response":{"status":200,"statusText":"OK","body":{"unread":6}},"duration":6,"error":null}
[2026-06-29T23:15:51.034Z] {"timestamp":1782774949897,"type":"xhr","method":"GET","url":"/api/dashboard/timeline?per_page=20&category=all","request":{"body":null},"response":{"status":500,"statusText":"Internal Server Error","body":""},"duration":5,"error":null}
[2026-06-29T23:15:51.501Z] {"timestamp":1782774951296,"type":"xhr","method":"GET","url":"/api/notifications/summary","request":{"body":null},"response":{"status":200,"statusText":"OK","body":{"unread":6}},"duration":4,"error":null}
[2026-06-29T23:15:51.501Z] {"timestamp":1782774951297,"type":"xhr","method":"GET","url":"/api/admin/conversas/fila/estatisticas","request":{"body":null},"response":{"status":200,"statusText":"OK","body":{"success":true,"data":{"mensagens_nao_lidas":99}}},"duration":4,"error":null}
[2026-06-29T23:15:54.399Z] {"timestamp":1782774953837,"type":"xhr","method":"GET","url":"/api/dashboard/timeline?per_page=20&category=all","request":{"body":null},"response":{"status":500,"statusText":"Internal Server Error","body":""},"duration":6,"error":null}
[2026-06-29T23:15:55.036Z] {"timestamp":1782774953916,"type":"xhr","method":"GET","url":"/api/dashboard/timeline?per_page=20&category=all","request":{"body":null},"response":{"status":500,"statusText":"Internal Server Error","body":""},"duration":5,"error":null}
[2026-06-29T23:15:56.815Z] {"timestamp":1782774956458,"type":"xhr","method":"GET","url":"/api/admin/conversas/fila/estatisticas","request":{"body":null},"response":{"status":200,"statusText":"OK","body":{"success":true,"data":{"mensagens_nao_lidas":99}}},"duration":3,"error":null}
[2026-06-29T23:15:56.815Z] {"timestamp":1782774956459,"type":"xhr","method":"GET","url":"/api/notifications/summary","request":{"body":null},"response":{"status":200,"statusText":"OK","body":{"unread":6}},"duration":3,"error":null}
[2026-06-29T23:15:59.498Z] {"timestamp":1782774958313,"type":"xhr","method":"GET","url":"/api/admin/conversas/fila/estatisticas","request":{"body":null},"response":{"status":200,"statusText":"OK","body":{"success":true,"data":{"mensagens_nao_lidas":99}}},"duration":4,"error":null}
[2026-06-29T23:15:59.498Z] {"timestamp":1782774958312,"type":"xhr","method":"GET","url":"/api/notifications/summary","request":{"body":null},"response":{"status":200,"statusText":"OK","body":{"unread":6}},"duration":5,"error":null}
[2026-06-29T23:16:04.823Z] {"timestamp":1782774963475,"type":"xhr","method":"GET","url":"/api/admin/conversas/fila/estatisticas","request":{"body":null},"response":{"status":200,"statusText":"OK","body":{"success":true,"data":{"mensagens_nao_lidas":99}}},"duration":5,"error":null}
[2026-06-29T23:16:04.823Z] {"timestamp":1782774963475,"type":"xhr","method":"GET","url":"/api/notifications/summary","request":{"body":null},"response":{"status":200,"statusText":"OK","body":{"unread":6}},"duration":5,"error":null}
[2026-06-29T23:16:05.498Z] {"timestamp":1782774965320,"type":"xhr","method":"GET","url":"/api/admin/conversas/fila/estatisticas","request":{"body":null},"response":{"status":200,"statusText":"OK","body":{"success":true,"data":{"mensagens_nao_lidas":99}}},"duration":4,"error":null}
[2026-06-29T23:16:05.498Z] {"timestamp":1782774965321,"type":"xhr","method":"GET","url":"/api/notifications/summary","request":{"body":null},"response":{"status":200,"statusText":"OK","body":{"unread":6}},"duration":3,"error":null}
[2026-06-29T23:16:10.814Z] {"timestamp":1782774970493,"type":"xhr","method":"GET","url":"/api/admin/conversas/fila/estatisticas","request":{"body":null},"response":{"status":200,"statusText":"OK","body":{"success":true,"data":{"mensagens_nao_lidas":99}}},"duration":4,"error":null}
[2026-06-29T23:16:10.814Z] {"timestamp":1782774970494,"type":"xhr","method":"GET","url":"/api/notifications/summary","request":{"body":null},"response":{"status":200,"statusText":"OK","body":{"unread":6}},"duration":6,"error":null}
[2026-06-29T23:16:13.496Z] {"timestamp":1782774972340,"type":"xhr","method":"GET","url":"/api/admin/conversas/fila/estatisticas","request":{"body":null},"response":{"status":200,"statusText":"OK","body":{"success":true,"data":{"mensagens_nao_lidas":99}}},"duration":3,"error":null}
[2026-06-29T23:16:13.496Z] {"timestamp":1782774972340,"type":"xhr","method":"GET","url":"/api/notifications/summary","request":{"body":null},"response":{"status":200,"statusText":"OK","body":{"unread":6}},"duration":4,"error":null}
[2026-06-29T23:16:18.823Z] {"timestamp":1782774977511,"type":"xhr","method":"GET","url":"/api/admin/conversas/fila/estatisticas","request":{"body":null},"response":{"status":200,"statusText":"OK","body":{"success":true,"data":{"mensagens_nao_lidas":99}}},"duration":4,"error":null}
[2026-06-29T23:16:18.823Z] {"timestamp":1782774977512,"type":"xhr","method":"GET","url":"/api/notifications/summary","request":{"body":null},"response":{"status":200,"statusText":"OK","body":{"unread":6}},"duration":4,"error":null}
[2026-06-29T23:16:19.490Z] {"timestamp":1782774979346,"type":"xhr","method":"GET","url":"/api/admin/conversas/fila/estatisticas","request":{"body":null},"response":{"status":200,"statusText":"OK","body":{"success":true,"data":{"mensagens_nao_lidas":99}}},"duration":4,"error":null}
[2026-06-29T23:16:19.490Z] {"timestamp":1782774979346,"type":"xhr","method":"GET","url":"/api/notifications/summary","request":{"body":null},"response":{"status":200,"statusText":"OK","body":{"unread":6}},"duration":4,"error":null}
[2026-06-29T23:16:24.820Z] {"timestamp":1782774984529,"type":"xhr","method":"GET","url":"/api/admin/conversas/fila/estatisticas","request":{"body":null},"response":{"status":200,"statusText":"OK","body":{"success":true,"data":{"mensagens_nao_lidas":99}}},"duration":8,"error":null}
[2026-06-29T23:16:24.820Z] {"timestamp":1782774984530,"type":"xhr","method":"GET","url":"/api/notifications/summary","request":{"body":null},"response":{"status":200,"statusText":"OK","body":{"unread":6}},"duration":9,"error":null}
[2026-06-29T23:16:27.499Z] {"timestamp":1782774986359,"type":"xhr","method":"GET","url":"/api/admin/conversas/fila/estatisticas","request":{"body":null},"response":{"status":200,"statusText":"OK","body":{"success":true,"data":{"mensagens_nao_lidas":99}}},"duration":3,"error":null}
[2026-06-29T23:16:27.499Z] {"timestamp":1782774986359,"type":"xhr","method":"GET","url":"/api/notifications/summary","request":{"body":null},"response":{"status":200,"statusText":"OK","body":{"unread":6}},"duration":4,"error":null}
[2026-06-29T23:16:32.827Z] {"timestamp":1782774991539,"type":"xhr","method":"GET","url":"/api/admin/conversas/fila/estatisticas","request":{"body":null},"response":{"status":200,"statusText":"OK","body":{"success":true,"data":{"mensagens_nao_lidas":99}}},"duration":4,"error":null}
[2026-06-29T23:16:32.827Z] {"timestamp":1782774991539,"type":"xhr","method":"GET","url":"/api/notifications/summary","request":{"body":null},"response":{"status":200,"statusText":"OK","body":{"unread":6}},"duration":4,"error":null}
[2026-06-29T23:16:33.491Z] {"timestamp":1782774993364,"type":"xhr","method":"GET","url":"/api/admin/conversas/fila/estatisticas","request":{"body":null},"response":{"status":200,"statusText":"OK","body":{"success":true,"data":{"mensagens_nao_lidas":99}}},"duration":3,"error":null}
[2026-06-29T23:16:33.491Z] {"timestamp":1782774993364,"type":"xhr","method":"GET","url":"/api/notifications/summary","request":{"body":null},"response":{"status":200,"statusText":"OK","body":{"unread":6}},"duration":4,"error":null}
[2026-06-29T23:16:38.816Z] {"timestamp":1782774998549,"type":"xhr","method":"GET","url":"/api/admin/conversas/fila/estatisticas","request":{"body":null},"response":{"status":200,"statusText":"OK","body":{"success":true,"data":{"mensagens_nao_lidas":99}}},"duration":4,"error":null}
[2026-06-29T23:16:38.816Z] {"timestamp":1782774998550,"type":"xhr","method":"GET","url":"/api/notifications/summary","request":{"body":null},"response":{"status":200,"statusText":"OK","body":{"unread":6}},"duration":3,"error":null}
[2026-06-29T23:16:41.491Z] {"timestamp":1782775000381,"type":"xhr","method":"GET","url":"/api/admin/conversas/fila/estatisticas","request":{"body":null},"response":{"status":200,"statusText":"OK","body":{"success":true,"data":{"mensagens_nao_lidas":99}}},"duration":9,"error":null}
[2026-06-29T23:16:41.491Z] {"timestamp":1782775000382,"type":"xhr","method":"GET","url":"/api/notifications/summary","request":{"body":null},"response":{"status":200,"statusText":"OK","body":{"unread":6}},"duration":8,"error":null}
[2026-06-29T23:16:46.400Z] {"timestamp":1782775005986,"type":"xhr","method":"GET","url":"/api/notifications/summary","request":{"body":null},"response":{"status":500,"statusText":"Internal Server Error","body":""},"duration":13,"error":null}
[2026-06-29T23:16:46.400Z] {"timestamp":1782775005986,"type":"xhr","method":"GET","url":"/api/admin/conversas/fila/estatisticas","request":{"body":null},"response":{"status":500,"statusText":"Internal Server Error","body":""},"duration":14,"error":null}
[2026-06-29T23:16:46.829Z] {"timestamp":1782775005568,"type":"xhr","method":"GET","url":"/api/notifications/summary","request":{"body":null},"response":{"status":200,"statusText":"OK","body":{"unread":6}},"duration":5,"error":null}
[2026-06-29T23:16:46.829Z] {"timestamp":1782775005567,"type":"xhr","method":"GET","url":"/api/admin/conversas/fila/estatisticas","request":{"body":null},"response":{"status":200,"statusText":"OK","body":{"success":true,"data":{"mensagens_nao_lidas":99}}},"duration":6,"error":null}
[2026-06-29T23:16:47.041Z] {"timestamp":1782775005986,"type":"xhr","method":"GET","url":"/api/notifications/summary","request":{"body":null},"response":{"status":500,"statusText":"Internal Server Error","body":""},"duration":14,"error":null}
[2026-06-29T23:16:47.041Z] {"timestamp":1782775005986,"type":"xhr","method":"GET","url":"/api/admin/conversas/fila/estatisticas","request":{"body":null},"response":{"status":500,"statusText":"Internal Server Error","body":""},"duration":15,"error":null}
[2026-06-29T23:16:47.500Z] {"timestamp":1782775007405,"type":"xhr","method":"GET","url":"/api/admin/conversas/fila/estatisticas","request":{"body":null},"response":{"status":200,"statusText":"OK","body":{"success":true,"data":{"mensagens_nao_lidas":99}}},"duration":4,"error":null}
[2026-06-29T23:16:47.500Z] {"timestamp":1782775007406,"type":"xhr","method":"GET","url":"/api/notifications/summary","request":{"body":null},"response":{"status":200,"statusText":"OK","body":{"unread":6}},"duration":4,"error":null}
[2026-06-29T23:16:52.821Z] {"timestamp":1782775012580,"type":"xhr","method":"GET","url":"/api/notifications/summary","request":{"body":null},"response":{"status":200,"statusText":"OK","body":{"unread":6}},"duration":4,"error":null}
[2026-06-29T23:16:52.821Z] {"timestamp":1782775012581,"type":"xhr","method":"GET","url":"/api/admin/conversas/fila/estatisticas","request":{"body":null},"response":{"status":200,"statusText":"OK","body":{"success":true,"data":{"mensagens_nao_lidas":99}}},"duration":3,"error":null}
[2026-06-29T23:16:54.411Z] {"timestamp":1782775013844,"type":"xhr","method":"GET","url":"/api/dashboard/timeline?per_page=20&category=all","request":{"body":null},"response":{"status":500,"statusText":"Internal Server Error","body":""},"duration":7,"error":null}
[2026-06-29T23:16:55.036Z] {"timestamp":1782775013929,"type":"xhr","method":"GET","url":"/api/dashboard/timeline?per_page=20&category=all","request":{"body":null},"response":{"status":500,"statusText":"Internal Server Error","body":""},"duration":6,"error":null}
[2026-06-29T23:16:55.036Z] {"timestamp":1782775014942,"type":"xhr","method":"GET","url":"/api/dashboard/timeline?per_page=20&category=all","request":{"body":null},"response":{"status":500,"statusText":"Internal Server Error","body":""},"duration":6,"error":null}
[2026-06-29T23:16:55.500Z] {"timestamp":1782775014425,"type":"xhr","method":"GET","url":"/api/admin/conversas/fila/estatisticas","request":{"body":null},"response":{"status":200,"statusText":"OK","body":{"success":true,"data":{"mensagens_nao_lidas":99}}},"duration":4,"error":null}
[2026-06-29T23:16:55.500Z] {"timestamp":1782775014426,"type":"xhr","method":"GET","url":"/api/notifications/summary","request":{"body":null},"response":{"status":200,"statusText":"OK","body":{"unread":6}},"duration":4,"error":null}
[2026-06-29T23:16:56.401Z] {"timestamp":1782775014858,"type":"xhr","method":"GET","url":"/api/dashboard/timeline?per_page=20&category=all","request":{"body":null},"response":{"status":500,"statusText":"Internal Server Error","body":""},"duration":5,"error":null}
[2026-06-29T23:16:57.041Z] {"timestamp":1782775016962,"type":"xhr","method":"GET","url":"/api/dashboard/timeline?per_page=20&category=all","request":{"body":null},"response":{"status":500,"statusText":"Internal Server Error","body":""},"duration":4,"error":null}
[2026-06-29T23:16:58.401Z] {"timestamp":1782775016869,"type":"xhr","method":"GET","url":"/api/dashboard/timeline?per_page=20&category=all","request":{"body":null},"response":{"status":500,"statusText":"Internal Server Error","body":""},"duration":6,"error":null}
[2026-06-29T23:17:00.814Z] {"timestamp":1782775019600,"type":"xhr","method":"GET","url":"/api/notifications/summary","request":{"body":null},"response":{"status":200,"statusText":"OK","body":{"unread":6}},"duration":3,"error":null}
[2026-06-29T23:17:00.814Z] {"timestamp":1782775019601,"type":"xhr","method":"GET","url":"/api/admin/conversas/fila/estatisticas","request":{"body":null},"response":{"status":200,"statusText":"OK","body":{"success":true,"data":{"mensagens_nao_lidas":99}}},"duration":3,"error":null}
[2026-06-29T23:17:01.044Z] {"timestamp":1782775020982,"type":"xhr","method":"GET","url":"/api/dashboard/timeline?per_page=20&category=all","request":{"body":null},"response":{"status":500,"statusText":"Internal Server Error","body":""},"duration":5,"error":null}
[2026-06-29T23:17:01.498Z] {"timestamp":1782775021433,"type":"xhr","method":"GET","url":"/api/admin/conversas/fila/estatisticas","request":{"body":null},"response":{"status":200,"statusText":"OK","body":{"success":true,"data":{"mensagens_nao_lidas":99}}},"duration":4,"error":null}
[2026-06-29T23:17:01.498Z] {"timestamp":1782775021434,"type":"xhr","method":"GET","url":"/api/notifications/summary","request":{"body":null},"response":{"status":200,"statusText":"OK","body":{"unread":6}},"duration":4,"error":null}
[2026-06-29T23:17:02.397Z] {"timestamp":1782775020888,"type":"xhr","method":"GET","url":"/api/dashboard/timeline?per_page=20&category=all","request":{"body":null},"response":{"status":500,"statusText":"Internal Server Error","body":""},"duration":5,"error":null}
[2026-06-29T23:17:06.814Z] {"timestamp":1782775026609,"type":"xhr","method":"GET","url":"/api/notifications/summary","request":{"body":null},"response":{"status":200,"statusText":"OK","body":{"unread":6}},"duration":6,"error":null}
[2026-06-29T23:17:06.814Z] {"timestamp":1782775026610,"type":"xhr","method":"GET","url":"/api/admin/conversas/fila/estatisticas","request":{"body":null},"response":{"status":200,"statusText":"OK","body":{"success":true,"data":{"mensagens_nao_lidas":99}}},"duration":5,"error":null}
[2026-06-29T23:17:09.492Z] {"timestamp":1782775028445,"type":"xhr","method":"GET","url":"/api/admin/conversas/fila/estatisticas","request":{"body":null},"response":{"status":200,"statusText":"OK","body":{"success":true,"data":{"mensagens_nao_lidas":99}}},"duration":4,"error":null}
[2026-06-29T23:17:09.492Z] {"timestamp":1782775028445,"type":"xhr","method":"GET","url":"/api/notifications/summary","request":{"body":null},"response":{"status":200,"statusText":"OK","body":{"unread":6}},"duration":5,"error":null}
[2026-06-29T23:17:14.815Z] {"timestamp":1782775033625,"type":"xhr","method":"GET","url":"/api/notifications/summary","request":{"body":null},"response":{"status":200,"statusText":"OK","body":{"unread":6}},"duration":3,"error":null}
[2026-06-29T23:17:14.815Z] {"timestamp":1782775033625,"type":"xhr","method":"GET","url":"/api/admin/conversas/fila/estatisticas","request":{"body":null},"response":{"status":200,"statusText":"OK","body":{"success":true,"data":{"mensagens_nao_lidas":99}}},"duration":4,"error":null}
[2026-06-29T23:17:15.496Z] {"timestamp":1782775035461,"type":"xhr","method":"GET","url":"/api/admin/conversas/fila/estatisticas","request":{"body":null},"response":{"status":200,"statusText":"OK","body":{"success":true,"data":{"mensagens_nao_lidas":99}}},"duration":7,"error":null}
[2026-06-29T23:17:15.496Z] {"timestamp":1782775035462,"type":"xhr","method":"GET","url":"/api/notifications/summary","request":{"body":null},"response":{"status":200,"statusText":"OK","body":{"unread":6}},"duration":9,"error":null}
[2026-06-29T23:17:20.822Z] {"timestamp":1782775040632,"type":"xhr","method":"GET","url":"/api/notifications/summary","request":{"body":null},"response":{"status":200,"statusText":"OK","body":{"unread":6}},"duration":4,"error":null}
[2026-06-29T23:17:20.822Z] {"timestamp":1782775040633,"type":"xhr","method":"GET","url":"/api/admin/conversas/fila/estatisticas","request":{"body":null},"response":{"status":200,"statusText":"OK","body":{"success":true,"data":{"mensagens_nao_lidas":99}}},"duration":3,"error":null}
[2026-06-29T23:17:23.491Z] {"timestamp":1782775042483,"type":"xhr","method":"GET","url":"/api/admin/conversas/fila/estatisticas","request":{"body":null},"response":{"status":200,"statusText":"OK","body":{"success":true,"data":{"mensagens_nao_lidas":99}}},"duration":5,"error":null}
[2026-06-29T23:17:23.491Z] {"timestamp":1782775042483,"type":"xhr","method":"GET","url":"/api/notifications/summary","request":{"body":null},"response":{"status":200,"statusText":"OK","body":{"unread":6}},"duration":5,"error":null}
[2026-06-29T23:17:28.824Z] {"timestamp":1782775047641,"type":"xhr","method":"GET","url":"/api/notifications/summary","request":{"body":null},"response":{"status":200,"statusText":"OK","body":{"unread":6}},"duration":3,"error":null}
[2026-06-29T23:17:28.824Z] {"timestamp":1782775047641,"type":"xhr","method":"GET","url":"/api/admin/conversas/fila/estatisticas","request":{"body":null},"response":{"status":200,"statusText":"OK","body":{"success":true,"data":{"mensagens_nao_lidas":99}}},"duration":6,"error":null}
[2026-06-29T23:17:31.490Z] {"timestamp":1782775049495,"type":"xhr","method":"GET","url":"/api/admin/conversas/fila/estatisticas","request":{"body":null},"response":{"status":200,"statusText":"OK","body":{"success":true,"data":{"mensagens_nao_lidas":99}}},"duration":4,"error":null}
[2026-06-29T23:17:31.490Z] {"timestamp":1782775049495,"type":"xhr","method":"GET","url":"/api/notifications/summary","request":{"body":null},"response":{"status":200,"statusText":"OK","body":{"unread":6}},"duration":4,"error":null}
[2026-06-29T23:17:34.813Z] {"timestamp":1782775054654,"type":"xhr","method":"GET","url":"/api/notifications/summary","request":{"body":null},"response":{"status":200,"statusText":"OK","body":{"unread":6}},"duration":4,"error":null}
[2026-06-29T23:17:34.813Z] {"timestamp":1782775054655,"type":"xhr","method":"GET","url":"/api/admin/conversas/fila/estatisticas","request":{"body":null},"response":{"status":200,"statusText":"OK","body":{"success":true,"data":{"mensagens_nao_lidas":99}}},"duration":3,"error":null}
[2026-06-29T23:17:37.498Z] {"timestamp":1782775056511,"type":"xhr","method":"GET","url":"/api/admin/conversas/fila/estatisticas","request":{"body":null},"response":{"status":200,"statusText":"OK","body":{"success":true,"data":{"mensagens_nao_lidas":99}}},"duration":4,"error":null}
[2026-06-29T23:17:37.498Z] {"timestamp":1782775056511,"type":"xhr","method":"GET","url":"/api/notifications/summary","request":{"body":null},"response":{"status":200,"statusText":"OK","body":{"unread":6}},"duration":4,"error":null}
[2026-06-29T23:17:42.823Z] {"timestamp":1782775061673,"type":"xhr","method":"GET","url":"/api/notifications/summary","request":{"body":null},"response":{"status":200,"statusText":"OK","body":{"unread":6}},"duration":4,"error":null}
[2026-06-29T23:17:42.823Z] {"timestamp":1782775061674,"type":"xhr","method":"GET","url":"/api/admin/conversas/fila/estatisticas","request":{"body":null},"response":{"status":200,"statusText":"OK","body":{"success":true,"data":{"mensagens_nao_lidas":99}}},"duration":4,"error":null}
[2026-06-29T23:17:45.502Z] {"timestamp":1782775063520,"type":"xhr","method":"GET","url":"/api/admin/conversas/fila/estatisticas","request":{"body":null},"response":{"status":200,"statusText":"OK","body":{"success":true,"data":{"mensagens_nao_lidas":99}}},"duration":4,"error":null}
[2026-06-29T23:17:45.502Z] {"timestamp":1782775063521,"type":"xhr","method":"GET","url":"/api/notifications/summary","request":{"body":null},"response":{"status":200,"statusText":"OK","body":{"unread":6}},"duration":4,"error":null}
[2026-06-29T23:17:46.396Z] {"timestamp":1782775066004,"type":"xhr","method":"GET","url":"/api/notifications/summary","request":{"body":null},"response":{"status":500,"statusText":"Internal Server Error","body":""},"duration":13,"error":null}
[2026-06-29T23:17:46.396Z] {"timestamp":1782775066005,"type":"xhr","method":"GET","url":"/api/admin/conversas/fila/estatisticas","request":{"body":null},"response":{"status":500,"statusText":"Internal Server Error","body":""},"duration":12,"error":null}
[2026-06-29T23:17:47.038Z] {"timestamp":1782775066004,"type":"xhr","method":"GET","url":"/api/notifications/summary","request":{"body":null},"response":{"status":500,"statusText":"Internal Server Error","body":""},"duration":13,"error":null}
[2026-06-29T23:17:47.038Z] {"timestamp":1782775066005,"type":"xhr","method":"GET","url":"/api/admin/conversas/fila/estatisticas","request":{"body":null},"response":{"status":500,"statusText":"Internal Server Error","body":""},"duration":13,"error":null}
[2026-06-29T23:17:48.814Z] {"timestamp":1782775068679,"type":"xhr","method":"GET","url":"/api/admin/conversas/fila/estatisticas","request":{"body":null},"response":{"status":200,"statusText":"OK","body":{"success":true,"data":{"mensagens_nao_lidas":99}}},"duration":4,"error":null}
[2026-06-29T23:17:48.814Z] {"timestamp":1782775068678,"type":"xhr","method":"GET","url":"/api/notifications/summary","request":{"body":null},"response":{"status":200,"statusText":"OK","body":{"unread":6}},"duration":5,"error":null}
[2026-06-29T23:17:51.490Z] {"timestamp":1782775070531,"type":"xhr","method":"GET","url":"/api/admin/conversas/fila/estatisticas","request":{"body":null},"response":{"status":200,"statusText":"OK","body":{"success":true,"data":{"mensagens_nao_lidas":99}}},"duration":4,"error":null}
[2026-06-29T23:17:51.490Z] {"timestamp":1782775070532,"type":"xhr","method":"GET","url":"/api/notifications/summary","request":{"body":null},"response":{"status":200,"statusText":"OK","body":{"unread":6}},"duration":4,"error":null}
[2026-06-29T23:17:56.819Z] {"timestamp":1782775075695,"type":"xhr","method":"GET","url":"/api/notifications/summary","request":{"body":null},"response":{"status":200,"statusText":"OK","body":{"unread":6}},"duration":4,"error":null}
[2026-06-29T23:17:56.819Z] {"timestamp":1782775075694,"type":"xhr","method":"GET","url":"/api/admin/conversas/fila/estatisticas","request":{"body":null},"response":{"status":200,"statusText":"OK","body":{"success":true,"data":{"mensagens_nao_lidas":99}}},"duration":5,"error":null}
[2026-06-29T23:17:59.489Z] {"timestamp":1782775077544,"type":"xhr","method":"GET","url":"/api/admin/conversas/fila/estatisticas","request":{"body":null},"response":{"status":200,"statusText":"OK","body":{"success":true,"data":{"mensagens_nao_lidas":99}}},"duration":3,"error":null}
[2026-06-29T23:17:59.489Z] {"timestamp":1782775077544,"type":"xhr","method":"GET","url":"/api/notifications/summary","request":{"body":null},"response":{"status":200,"statusText":"OK","body":{"unread":6}},"duration":4,"error":null}
[2026-06-29T23:18:01.045Z] {"timestamp":1782775080997,"type":"xhr","method":"GET","url":"/api/dashboard/timeline?per_page=20&category=all","request":{"body":null},"response":{"status":500,"statusText":"Internal Server Error","body":""},"duration":7,"error":null}
[2026-06-29T23:18:02.400Z] {"timestamp":1782775080903,"type":"xhr","method":"GET","url":"/api/dashboard/timeline?per_page=20&category=all","request":{"body":null},"response":{"status":500,"statusText":"Internal Server Error","body":""},"duration":7,"error":null}
[2026-06-29T23:18:02.400Z] {"timestamp":1782775081922,"type":"xhr","method":"GET","url":"/api/dashboard/timeline?per_page=20&category=all","request":{"body":null},"response":{"status":500,"statusText":"Internal Server Error","body":""},"duration":6,"error":null}
[2026-06-29T23:18:02.813Z] {"timestamp":1782775082713,"type":"xhr","method":"GET","url":"/api/notifications/summary","request":{"body":null},"response":{"status":200,"statusText":"OK","body":{"unread":6}},"duration":3,"error":null}
[2026-06-29T23:18:02.813Z] {"timestamp":1782775082714,"type":"xhr","method":"GET","url":"/api/admin/conversas/fila/estatisticas","request":{"body":null},"response":{"status":200,"statusText":"OK","body":{"success":true,"data":{"mensagens_nao_lidas":99}}},"duration":3,"error":null}
[2026-06-29T23:18:03.038Z] {"timestamp":1782775082015,"type":"xhr","method":"GET","url":"/api/dashboard/timeline?per_page=20&category=all","request":{"body":null},"response":{"status":500,"statusText":"Internal Server Error","body":""},"duration":5,"error":null}
[2026-06-29T23:18:04.401Z] {"timestamp":1782775083937,"type":"xhr","method":"GET","url":"/api/dashboard/timeline?per_page=20&category=all","request":{"body":null},"response":{"status":500,"statusText":"Internal Server Error","body":""},"duration":12,"error":null}
[2026-06-29T23:18:05.045Z] {"timestamp":1782775084030,"type":"xhr","method":"GET","url":"/api/dashboard/timeline?per_page=20&category=all","request":{"body":null},"response":{"status":500,"statusText":"Internal Server Error","body":""},"duration":5,"error":null}
[2026-06-29T23:18:05.495Z] {"timestamp":1782775084554,"type":"xhr","method":"GET","url":"/api/admin/conversas/fila/estatisticas","request":{"body":null},"response":{"status":200,"statusText":"OK","body":{"success":true,"data":{"mensagens_nao_lidas":99}}},"duration":4,"error":null}
[2026-06-29T23:18:05.495Z] {"timestamp":1782775084554,"type":"xhr","method":"GET","url":"/api/notifications/summary","request":{"body":null},"response":{"status":200,"statusText":"OK","body":{"unread":6}},"duration":5,"error":null}
[2026-06-29T23:18:08.410Z] {"timestamp":1782775087958,"type":"xhr","method":"GET","url":"/api/dashboard/timeline?per_page=20&category=all","request":{"body":null},"response":{"status":500,"statusText":"Internal Server Error","body":""},"duration":5,"error":null}
[2026-06-29T23:18:09.034Z] {"timestamp":1782775088037,"type":"xhr","method":"GET","url":"/api/dashboard/timeline?per_page=20&category=all","request":{"body":null},"response":{"status":500,"statusText":"Internal Server Error","body":""},"duration":5,"error":null}
[2026-06-29T23:18:10.824Z] {"timestamp":1782775089726,"type":"xhr","method":"GET","url":"/api/notifications/summary","request":{"body":null},"response":{"status":200,"statusText":"OK","body":{"unread":6}},"duration":4,"error":null}
[2026-06-29T23:18:10.824Z] {"timestamp":1782775089727,"type":"xhr","method":"GET","url":"/api/admin/conversas/fila/estatisticas","request":{"body":null},"response":{"status":200,"statusText":"OK","body":{"success":true,"data":{"mensagens_nao_lidas":99}}},"duration":3,"error":null}
[2026-06-29T23:18:13.491Z] {"timestamp":1782775091567,"type":"xhr","method":"GET","url":"/api/admin/conversas/fila/estatisticas","request":{"body":null},"response":{"status":200,"statusText":"OK","body":{"success":true,"data":{"mensagens_nao_lidas":99}}},"duration":4,"error":null}
[2026-06-29T23:18:13.491Z] {"timestamp":1782775091567,"type":"xhr","method":"GET","url":"/api/notifications/summary","request":{"body":null},"response":{"status":200,"statusText":"OK","body":{"unread":6}},"duration":5,"error":null}
[2026-06-29T23:18:16.813Z] {"timestamp":1782775096734,"type":"xhr","method":"GET","url":"/api/admin/conversas/fila/estatisticas","request":{"body":null},"response":{"status":200,"statusText":"OK","body":{"success":true,"data":{"mensagens_nao_lidas":99}}},"duration":7,"error":null}
[2026-06-29T23:18:16.814Z] {"timestamp":1782775096733,"type":"xhr","method":"GET","url":"/api/notifications/summary","request":{"body":null},"response":{"status":200,"statusText":"OK","body":{"unread":6}},"duration":8,"error":null}
[2026-06-29T23:18:19.498Z] {"timestamp":1782775098587,"type":"xhr","method":"GET","url":"/api/admin/conversas/fila/estatisticas","request":{"body":null},"response":{"status":200,"statusText":"OK","body":{"success":true,"data":{"mensagens_nao_lidas":99}}},"duration":3,"error":null}
[2026-06-29T23:18:19.498Z] {"timestamp":1782775098587,"type":"xhr","method":"GET","url":"/api/notifications/summary","request":{"body":null},"response":{"status":200,"statusText":"OK","body":{"unread":6}},"duration":4,"error":null}
[2026-06-29T23:18:24.834Z] {"timestamp":1782775103746,"type":"xhr","method":"GET","url":"/api/admin/conversas/fila/estatisticas","request":{"body":null},"response":{"status":200,"statusText":"OK","body":{"success":true,"data":{"mensagens_nao_lidas":99}}},"duration":4,"error":null}
[2026-06-29T23:18:24.834Z] {"timestamp":1782775103747,"type":"xhr","method":"GET","url":"/api/notifications/summary","request":{"body":null},"response":{"status":200,"statusText":"OK","body":{"unread":6}},"duration":4,"error":null}
[2026-06-29T23:18:27.503Z] {"timestamp":1782775105592,"type":"xhr","method":"GET","url":"/api/admin/conversas/fila/estatisticas","request":{"body":null},"response":{"status":200,"statusText":"OK","body":{"success":true,"data":{"mensagens_nao_lidas":99}}},"duration":8,"error":null}
[2026-06-29T23:18:27.503Z] {"timestamp":1782775105593,"type":"xhr","method":"GET","url":"/api/notifications/summary","request":{"body":null},"response":{"status":200,"statusText":"OK","body":{"unread":6}},"duration":7,"error":null}
[2026-06-29T23:18:30.827Z] {"timestamp":1782775110757,"type":"xhr","method":"GET","url":"/api/admin/conversas/fila/estatisticas","request":{"body":null},"response":{"status":200,"statusText":"OK","body":{"success":true,"data":{"mensagens_nao_lidas":99}}},"duration":5,"error":null}
[2026-06-29T23:18:30.827Z] {"timestamp":1782775110758,"type":"xhr","method":"GET","url":"/api/notifications/summary","request":{"body":null},"response":{"status":200,"statusText":"OK","body":{"unread":6}},"duration":4,"error":null}
[2026-06-29T23:18:33.491Z] {"timestamp":1782775112612,"type":"xhr","method":"GET","url":"/api/notifications/summary","request":{"body":null},"response":{"status":200,"statusText":"OK","body":{"unread":6}},"duration":4,"error":null}
[2026-06-29T23:18:33.491Z] {"timestamp":1782775112612,"type":"xhr","method":"GET","url":"/api/admin/conversas/fila/estatisticas","request":{"body":null},"response":{"status":200,"statusText":"OK","body":{"success":true,"data":{"mensagens_nao_lidas":99}}},"duration":5,"error":null}
[2026-06-29T23:18:38.824Z] {"timestamp":1782775117766,"type":"xhr","method":"GET","url":"/api/admin/conversas/fila/estatisticas","request":{"body":null},"response":{"status":200,"statusText":"OK","body":{"success":true,"data":{"mensagens_nao_lidas":99}}},"duration":4,"error":null}
[2026-06-29T23:18:38.824Z] {"timestamp":1782775117767,"type":"xhr","method":"GET","url":"/api/notifications/summary","request":{"body":null},"response":{"status":200,"statusText":"OK","body":{"unread":6}},"duration":3,"error":null}
[2026-06-29T23:18:41.495Z] {"timestamp":1782775119629,"type":"xhr","method":"GET","url":"/api/notifications/summary","request":{"body":null},"response":{"status":200,"statusText":"OK","body":{"unread":6}},"duration":4,"error":null}
[2026-06-29T23:18:41.495Z] {"timestamp":1782775119630,"type":"xhr","method":"GET","url":"/api/admin/conversas/fila/estatisticas","request":{"body":null},"response":{"status":200,"statusText":"OK","body":{"success":true,"data":{"mensagens_nao_lidas":99}}},"duration":3,"error":null}
[2026-06-29T23:18:44.826Z] {"timestamp":1782775124777,"type":"xhr","method":"GET","url":"/api/admin/conversas/fila/estatisticas","request":{"body":null},"response":{"status":200,"statusText":"OK","body":{"success":true,"data":{"mensagens_nao_lidas":99}}},"duration":8,"error":null}
[2026-06-29T23:18:44.826Z] {"timestamp":1782775124778,"type":"xhr","method":"GET","url":"/api/notifications/summary","request":{"body":null},"response":{"status":200,"statusText":"OK","body":{"unread":6}},"duration":11,"error":null}
[2026-06-29T23:18:46.398Z] {"timestamp":1782775126025,"type":"xhr","method":"GET","url":"/api/notifications/summary","request":{"body":null},"response":{"status":500,"statusText":"Internal Server Error","body":""},"duration":15,"error":null}
[2026-06-29T23:18:46.398Z] {"timestamp":1782775126025,"type":"xhr","method":"GET","url":"/api/admin/conversas/fila/estatisticas","request":{"body":null},"response":{"status":500,"statusText":"Internal Server Error","body":""},"duration":16,"error":null}
[2026-06-29T23:18:47.041Z] {"timestamp":1782775126025,"type":"xhr","method":"GET","url":"/api/notifications/summary","request":{"body":null},"response":{"status":500,"statusText":"Internal Server Error","body":""},"duration":14,"error":null}
[2026-06-29T23:18:47.041Z] {"timestamp":1782775126026,"type":"xhr","method":"GET","url":"/api/admin/conversas/fila/estatisticas","request":{"body":null},"response":{"status":500,"statusText":"Internal Server Error","body":""},"duration":15,"error":null}
[2026-06-29T23:18:47.502Z] {"timestamp":1782775126635,"type":"xhr","method":"GET","url":"/api/notifications/summary","request":{"body":null},"response":{"status":200,"statusText":"OK","body":{"unread":6}},"duration":5,"error":null}
[2026-06-29T23:18:47.502Z] {"timestamp":1782775126636,"type":"xhr","method":"GET","url":"/api/admin/conversas/fila/estatisticas","request":{"body":null},"response":{"status":200,"statusText":"OK","body":{"success":true,"data":{"mensagens_nao_lidas":99}}},"duration":4,"error":null}
[2026-06-29T23:18:52.822Z] {"timestamp":1782775131787,"type":"xhr","method":"GET","url":"/api/admin/conversas/fila/estatisticas","request":{"body":null},"response":{"status":200,"statusText":"OK","body":{"success":true,"data":{"mensagens_nao_lidas":99}}},"duration":5,"error":null}
[2026-06-29T23:18:52.822Z] {"timestamp":1782775131792,"type":"xhr","method":"GET","url":"/api/notifications/summary","request":{"body":null},"response":{"status":200,"statusText":"OK","body":{"unread":6}},"duration":4,"error":null}
[2026-06-29T23:18:55.494Z] {"timestamp":1782775133646,"type":"xhr","method":"GET","url":"/api/notifications/summary","request":{"body":null},"response":{"status":200,"statusText":"OK","body":{"unread":6}},"duration":4,"error":null}
[2026-06-29T23:18:55.494Z] {"timestamp":1782775133646,"type":"xhr","method":"GET","url":"/api/admin/conversas/fila/estatisticas","request":{"body":null},"response":{"status":200,"statusText":"OK","body":{"success":true,"data":{"mensagens_nao_lidas":99}}},"duration":4,"error":null}
[2026-06-29T23:18:58.815Z] {"timestamp":1782775138806,"type":"xhr","method":"GET","url":"/api/admin/conversas/fila/estatisticas","request":{"body":null},"response":{"status":200,"statusText":"OK","body":{"success":true,"data":{"mensagens_nao_lidas":99}}},"duration":5,"error":null}
[2026-06-29T23:19:00.818Z] {"timestamp":1782775138806,"type":"xhr","method":"GET","url":"/api/notifications/summary","request":{"body":null},"response":{"status":200,"statusText":"OK","body":{"unread":6}},"duration":6,"error":null}
[2026-06-29T23:19:01.502Z] {"timestamp":1782775140659,"type":"xhr","method":"GET","url":"/api/notifications/summary","request":{"body":null},"response":{"status":200,"statusText":"OK","body":{"unread":6}},"duration":4,"error":null}
[2026-06-29T23:19:01.502Z] {"timestamp":1782775140660,"type":"xhr","method":"GET","url":"/api/admin/conversas/fila/estatisticas","request":{"body":null},"response":{"status":200,"statusText":"OK","body":{"success":true,"data":{"mensagens_nao_lidas":99}}},"duration":4,"error":null}
[2026-06-29T23:19:06.824Z] {"timestamp":1782775145825,"type":"xhr","method":"GET","url":"/api/admin/conversas/fila/estatisticas","request":{"body":null},"response":{"status":200,"statusText":"OK","body":{"success":true,"data":{"mensagens_nao_lidas":99}}},"duration":4,"error":null}
[2026-06-29T23:19:06.824Z] {"timestamp":1782775145825,"type":"xhr","method":"GET","url":"/api/notifications/summary","request":{"body":null},"response":{"status":200,"statusText":"OK","body":{"unread":6}},"duration":4,"error":null}
[2026-06-29T23:19:08.411Z] {"timestamp":1782775147974,"type":"xhr","method":"GET","url":"/api/dashboard/timeline?per_page=20&category=all","request":{"body":null},"response":{"status":500,"statusText":"Internal Server Error","body":""},"duration":7,"error":null}
[2026-06-29T23:19:09.042Z] {"timestamp":1782775148052,"type":"xhr","method":"GET","url":"/api/dashboard/timeline?per_page=20&category=all","request":{"body":null},"response":{"status":500,"statusText":"Internal Server Error","body":""},"duration":7,"error":null}
[2026-06-29T23:19:09.497Z] {"timestamp":1782775147671,"type":"xhr","method":"GET","url":"/api/notifications/summary","request":{"body":null},"response":{"status":200,"statusText":"OK","body":{"unread":6}},"duration":4,"error":null}
[2026-06-29T23:19:09.497Z] {"timestamp":1782775147671,"type":"xhr","method":"GET","url":"/api/admin/conversas/fila/estatisticas","request":{"body":null},"response":{"status":200,"statusText":"OK","body":{"success":true,"data":{"mensagens_nao_lidas":99}}},"duration":4,"error":null}
[2026-06-29T23:19:10.398Z] {"timestamp":1782775148993,"type":"xhr","method":"GET","url":"/api/dashboard/timeline?per_page=20&category=all","request":{"body":null},"response":{"status":500,"statusText":"Internal Server Error","body":""},"duration":6,"error":null}
[2026-06-29T23:19:11.031Z] {"timestamp":1782775149072,"type":"xhr","method":"GET","url":"/api/dashboard/timeline?per_page=20&category=all","request":{"body":null},"response":{"status":500,"statusText":"Internal Server Error","body":""},"duration":5,"error":null}
[2026-06-29T23:19:12.407Z] {"timestamp":1782775151015,"type":"xhr","method":"GET","url":"/api/dashboard/timeline?per_page=20&category=all","request":{"body":null},"response":{"status":500,"statusText":"Internal Server Error","body":""},"duration":4,"error":null}
[2026-06-29T23:19:13.037Z] {"timestamp":1782775151093,"type":"xhr","method":"GET","url":"/api/dashboard/timeline?per_page=20&category=all","request":{"body":null},"response":{"status":500,"statusText":"Internal Server Error","body":""},"duration":5,"error":null}
[2026-06-29T23:19:14.827Z] {"timestamp":1782775152836,"type":"xhr","method":"GET","url":"/api/admin/conversas/fila/estatisticas","request":{"body":null},"response":{"status":200,"statusText":"OK","body":{"success":true,"data":{"mensagens_nao_lidas":99}}},"duration":4,"error":null}
[2026-06-29T23:19:14.827Z] {"timestamp":1782775152836,"type":"xhr","method":"GET","url":"/api/notifications/summary","request":{"body":null},"response":{"status":200,"statusText":"OK","body":{"unread":6}},"duration":4,"error":null}
[2026-06-29T23:19:15.502Z] {"timestamp":1782775154685,"type":"xhr","method":"GET","url":"/api/notifications/summary","request":{"body":null},"response":{"status":200,"statusText":"OK","body":{"unread":6}},"duration":4,"error":null}
[2026-06-29T23:19:15.502Z] {"timestamp":1782775154686,"type":"xhr","method":"GET","url":"/api/admin/conversas/fila/estatisticas","request":{"body":null},"response":{"status":200,"statusText":"OK","body":{"success":true,"data":{"mensagens_nao_lidas":99}}},"duration":4,"error":null}
[2026-06-29T23:19:16.410Z] {"timestamp":1782775155034,"type":"xhr","method":"GET","url":"/api/dashboard/timeline?per_page=20&category=all","request":{"body":null},"response":{"status":500,"statusText":"Internal Server Error","body":""},"duration":6,"error":null}
[2026-06-29T23:19:17.040Z] {"timestamp":1782775155112,"type":"xhr","method":"GET","url":"/api/dashboard/timeline?per_page=20&category=all","request":{"body":null},"response":{"status":500,"statusText":"Internal Server Error","body":""},"duration":5,"error":null}
[2026-06-29T23:19:20.816Z] {"timestamp":1782775159848,"type":"xhr","method":"GET","url":"/api/admin/conversas/fila/estatisticas","request":{"body":null},"response":{"status":200,"statusText":"OK","body":{"success":true,"data":{"mensagens_nao_lidas":99}}},"duration":4,"error":null}
[2026-06-29T23:19:20.816Z] {"timestamp":1782775159848,"type":"xhr","method":"GET","url":"/api/notifications/summary","request":{"body":null},"response":{"status":200,"statusText":"OK","body":{"unread":6}},"duration":4,"error":null}
[2026-06-29T23:19:23.496Z] {"timestamp":1782775161699,"type":"xhr","method":"GET","url":"/api/admin/conversas/fila/estatisticas","request":{"body":null},"response":{"status":200,"statusText":"OK","body":{"success":true,"data":{"mensagens_nao_lidas":99}}},"duration":4,"error":null}
[2026-06-29T23:19:23.496Z] {"timestamp":1782775161699,"type":"xhr","method":"GET","url":"/api/notifications/summary","request":{"body":null},"response":{"status":200,"statusText":"OK","body":{"unread":6}},"duration":4,"error":null}
[2026-06-29T23:19:28.826Z] {"timestamp":1782775166864,"type":"xhr","method":"GET","url":"/api/admin/conversas/fila/estatisticas","request":{"body":null},"response":{"status":200,"statusText":"OK","body":{"success":true,"data":{"mensagens_nao_lidas":99}}},"duration":4,"error":null}
[2026-06-29T23:19:28.826Z] {"timestamp":1782775166864,"type":"xhr","method":"GET","url":"/api/notifications/summary","request":{"body":null},"response":{"status":200,"statusText":"OK","body":{"unread":6}},"duration":4,"error":null}
[2026-06-29T23:19:29.501Z] {"timestamp":1782775168713,"type":"xhr","method":"GET","url":"/api/admin/conversas/fila/estatisticas","request":{"body":null},"response":{"status":200,"statusText":"OK","body":{"success":true,"data":{"mensagens_nao_lidas":99}}},"duration":4,"error":null}
[2026-06-29T23:19:29.501Z] {"timestamp":1782775168713,"type":"xhr","method":"GET","url":"/api/notifications/summary","request":{"body":null},"response":{"status":200,"statusText":"OK","body":{"unread":6}},"duration":4,"error":null}
[2026-06-29T23:19:34.825Z] {"timestamp":1782775173871,"type":"xhr","method":"GET","url":"/api/admin/conversas/fila/estatisticas","request":{"body":null},"response":{"status":200,"statusText":"OK","body":{"success":true,"data":{"mensagens_nao_lidas":99}}},"duration":4,"error":null}
[2026-06-29T23:19:34.825Z] {"timestamp":1782775173872,"type":"xhr","method":"GET","url":"/api/notifications/summary","request":{"body":null},"response":{"status":200,"statusText":"OK","body":{"unread":6}},"duration":3,"error":null}
[2026-06-29T23:19:37.502Z] {"timestamp":1782775175723,"type":"xhr","method":"GET","url":"/api/admin/conversas/fila/estatisticas","request":{"body":null},"response":{"status":200,"statusText":"OK","body":{"success":true,"data":{"mensagens_nao_lidas":99}}},"duration":6,"error":null}
[2026-06-29T23:19:37.502Z] {"timestamp":1782775175724,"type":"xhr","method":"GET","url":"/api/notifications/summary","request":{"body":null},"response":{"status":200,"statusText":"OK","body":{"unread":6}},"duration":6,"error":null}
[2026-06-29T23:19:42.814Z] {"timestamp":1782775180888,"type":"xhr","method":"GET","url":"/api/notifications/summary","request":{"body":null},"response":{"status":200,"statusText":"OK","body":{"unread":6}},"duration":4,"error":null}
[2026-06-29T23:19:42.814Z] {"timestamp":1782775180888,"type":"xhr","method":"GET","url":"/api/admin/conversas/fila/estatisticas","request":{"body":null},"response":{"status":200,"statusText":"OK","body":{"success":true,"data":{"mensagens_nao_lidas":99}}},"duration":4,"error":null}
[2026-06-29T23:19:43.493Z] {"timestamp":1782775182733,"type":"xhr","method":"GET","url":"/api/admin/conversas/fila/estatisticas","request":{"body":null},"response":{"status":200,"statusText":"OK","body":{"success":true,"data":{"mensagens_nao_lidas":99}}},"duration":4,"error":null}
[2026-06-29T23:19:43.494Z] {"timestamp":1782775182734,"type":"xhr","method":"GET","url":"/api/notifications/summary","request":{"body":null},"response":{"status":200,"statusText":"OK","body":{"unread":6}},"duration":4,"error":null}
[2026-06-29T23:19:46.407Z] {"timestamp":1782775186049,"type":"xhr","method":"GET","url":"/api/notifications/summary","request":{"body":null},"response":{"status":500,"statusText":"Internal Server Error","body":""},"duration":15,"error":null}
[2026-06-29T23:19:46.407Z] {"timestamp":1782775186050,"type":"xhr","method":"GET","url":"/api/admin/conversas/fila/estatisticas","request":{"body":null},"response":{"status":500,"statusText":"Internal Server Error","body":""},"duration":15,"error":null}
[2026-06-29T23:19:47.041Z] {"timestamp":1782775186049,"type":"xhr","method":"GET","url":"/api/notifications/summary","request":{"body":null},"response":{"status":500,"statusText":"Internal Server Error","body":""},"duration":14,"error":null}
[2026-06-29T23:19:47.041Z] {"timestamp":1782775186050,"type":"xhr","method":"GET","url":"/api/admin/conversas/fila/estatisticas","request":{"body":null},"response":{"status":500,"statusText":"Internal Server Error","body":""},"duration":15,"error":null}
[2026-06-29T23:19:48.832Z] {"timestamp":1782775187903,"type":"xhr","method":"GET","url":"/api/notifications/summary","request":{"body":null},"response":{"status":200,"statusText":"OK","body":{"unread":6}},"duration":4,"error":null}
[2026-06-29T23:19:48.832Z] {"timestamp":1782775187904,"type":"xhr","method":"GET","url":"/api/admin/conversas/fila/estatisticas","request":{"body":null},"response":{"status":200,"statusText":"OK","body":{"success":true,"data":{"mensagens_nao_lidas":99}}},"duration":4,"error":null}
[2026-06-29T23:19:51.488Z] {"timestamp":1782775189753,"type":"xhr","method":"GET","url":"/api/admin/conversas/fila/estatisticas","request":{"body":null},"response":{"status":200,"statusText":"OK","body":{"success":true,"data":{"mensagens_nao_lidas":99}}},"duration":4,"error":null}
[2026-06-29T23:19:51.488Z] {"timestamp":1782775189753,"type":"xhr","method":"GET","url":"/api/notifications/summary","request":{"body":null},"response":{"status":200,"statusText":"OK","body":{"unread":6}},"duration":4,"error":null}
[2026-06-29T23:19:56.820Z] {"timestamp":1782775194914,"type":"xhr","method":"GET","url":"/api/notifications/summary","request":{"body":null},"response":{"status":200,"statusText":"OK","body":{"unread":6}},"duration":5,"error":null}
[2026-06-29T23:19:56.820Z] {"timestamp":1782775194914,"type":"xhr","method":"GET","url":"/api/admin/conversas/fila/estatisticas","request":{"body":null},"response":{"status":200,"statusText":"OK","body":{"success":true,"data":{"mensagens_nao_lidas":99}}},"duration":5,"error":null}
[2026-06-29T23:19:57.501Z] {"timestamp":1782775196771,"type":"xhr","method":"GET","url":"/api/admin/conversas/fila/estatisticas","request":{"body":null},"response":{"status":200,"statusText":"OK","body":{"success":true,"data":{"mensagens_nao_lidas":99}}},"duration":4,"error":null}
[2026-06-29T23:19:57.501Z] {"timestamp":1782775196771,"type":"xhr","method":"GET","url":"/api/notifications/summary","request":{"body":null},"response":{"status":200,"statusText":"OK","body":{"unread":6}},"duration":5,"error":null}
[2026-06-29T23:20:02.817Z] {"timestamp":1782775201936,"type":"xhr","method":"GET","url":"/api/notifications/summary","request":{"body":null},"response":{"status":200,"statusText":"OK","body":{"unread":6}},"duration":8,"error":null}
[2026-06-29T23:20:02.817Z] {"timestamp":1782775201937,"type":"xhr","method":"GET","url":"/api/admin/conversas/fila/estatisticas","request":{"body":null},"response":{"status":200,"statusText":"OK","body":{"success":true,"data":{"mensagens_nao_lidas":99}}},"duration":8,"error":null}
[2026-06-29T23:20:05.500Z] {"timestamp":1782775203780,"type":"xhr","method":"GET","url":"/api/admin/conversas/fila/estatisticas","request":{"body":null},"response":{"status":200,"statusText":"OK","body":{"success":true,"data":{"mensagens_nao_lidas":99}}},"duration":4,"error":null}
[2026-06-29T23:20:05.500Z] {"timestamp":1782775203780,"type":"xhr","method":"GET","url":"/api/notifications/summary","request":{"body":null},"response":{"status":200,"statusText":"OK","body":{"unread":6}},"duration":5,"error":null}
[2026-06-29T23:20:10.826Z] {"timestamp":1782775208959,"type":"xhr","method":"GET","url":"/api/notifications/summary","request":{"body":null},"response":{"status":200,"statusText":"OK","body":{"unread":6}},"duration":5,"error":null}
[2026-06-29T23:20:10.827Z] {"timestamp":1782775208960,"type":"xhr","method":"GET","url":"/api/admin/conversas/fila/estatisticas","request":{"body":null},"response":{"status":200,"statusText":"OK","body":{"success":true,"data":{"mensagens_nao_lidas":99}}},"duration":4,"error":null}
[2026-06-29T23:20:11.501Z] {"timestamp":1782775210793,"type":"xhr","method":"GET","url":"/api/admin/conversas/fila/estatisticas","request":{"body":null},"response":{"status":200,"statusText":"OK","body":{"success":true,"data":{"mensagens_nao_lidas":99}}},"duration":3,"error":null}
[2026-06-29T23:20:11.501Z] {"timestamp":1782775210793,"type":"xhr","method":"GET","url":"/api/notifications/summary","request":{"body":null},"response":{"status":200,"statusText":"OK","body":{"unread":6}},"duration":4,"error":null}
[2026-06-29T23:20:16.408Z] {"timestamp":1782775215052,"type":"xhr","method":"GET","url":"/api/dashboard/timeline?per_page=20&category=all","request":{"body":null},"response":{"status":500,"statusText":"Internal Server Error","body":""},"duration":7,"error":null}
[2026-06-29T23:20:16.408Z] {"timestamp":1782775216072,"type":"xhr","method":"GET","url":"/api/dashboard/timeline?per_page=20&category=all","request":{"body":null},"response":{"status":500,"statusText":"Internal Server Error","body":""},"duration":4,"error":null}
[2026-06-29T23:20:16.826Z] {"timestamp":1782775215973,"type":"xhr","method":"GET","url":"/api/notifications/summary","request":{"body":null},"response":{"status":200,"statusText":"OK","body":{"unread":6}},"duration":4,"error":null}
[2026-06-29T23:20:16.826Z] {"timestamp":1782775215974,"type":"xhr","method":"GET","url":"/api/admin/conversas/fila/estatisticas","request":{"body":null},"response":{"status":200,"statusText":"OK","body":{"success":true,"data":{"mensagens_nao_lidas":99}}},"duration":3,"error":null}
[2026-06-29T23:20:17.032Z] {"timestamp":1782775215129,"type":"xhr","method":"GET","url":"/api/dashboard/timeline?per_page=20&category=all","request":{"body":null},"response":{"status":500,"statusText":"Internal Server Error","body":""},"duration":7,"error":null}
[2026-06-29T23:20:17.032Z] {"timestamp":1782775216150,"type":"xhr","method":"GET","url":"/api/dashboard/timeline?per_page=20&category=all","request":{"body":null},"response":{"status":500,"statusText":"Internal Server Error","body":""},"duration":4,"error":null}
[2026-06-29T23:20:18.409Z] {"timestamp":1782775218081,"type":"xhr","method":"GET","url":"/api/dashboard/timeline?per_page=20&category=all","request":{"body":null},"response":{"status":500,"statusText":"Internal Server Error","body":""},"duration":5,"error":null}
[2026-06-29T23:20:19.038Z] {"timestamp":1782775218159,"type":"xhr","method":"GET","url":"/api/dashboard/timeline?per_page=20&category=all","request":{"body":null},"response":{"status":500,"statusText":"Internal Server Error","body":""},"duration":4,"error":null}
[2026-06-29T23:20:19.489Z] {"timestamp":1782775217805,"type":"xhr","method":"GET","url":"/api/admin/conversas/fila/estatisticas","request":{"body":null},"response":{"status":200,"statusText":"OK","body":{"success":true,"data":{"mensagens_nao_lidas":99}}},"duration":4,"error":null}
[2026-06-29T23:20:19.489Z] {"timestamp":1782775217805,"type":"xhr","method":"GET","url":"/api/notifications/summary","request":{"body":null},"response":{"status":200,"statusText":"OK","body":{"unread":6}},"duration":5,"error":null}
[2026-06-29T23:20:22.406Z] {"timestamp":1782775222099,"type":"xhr","method":"GET","url":"/api/dashboard/timeline?per_page=20&category=all","request":{"body":null},"response":{"status":500,"statusText":"Internal Server Error","body":""},"duration":6,"error":null}
[2026-06-29T23:20:23.034Z] {"timestamp":1782775222177,"type":"xhr","method":"GET","url":"/api/dashboard/timeline?per_page=20&category=all","request":{"body":null},"response":{"status":500,"statusText":"Internal Server Error","body":""},"duration":5,"error":null}
[2026-06-29T23:20:24.820Z] {"timestamp":1782775222986,"type":"xhr","method":"GET","url":"/api/notifications/summary","request":{"body":null},"response":{"status":200,"statusText":"OK","body":{"unread":6}},"duration":6,"error":null}
[2026-06-29T23:20:24.820Z] {"timestamp":1782775222987,"type":"xhr","method":"GET","url":"/api/admin/conversas/fila/estatisticas","request":{"body":null},"response":{"status":200,"statusText":"OK","body":{"success":true,"data":{"mensagens_nao_lidas":99}}},"duration":5,"error":null}
[2026-06-29T23:20:25.494Z] {"timestamp":1782775224816,"type":"xhr","method":"GET","url":"/api/admin/conversas/fila/estatisticas","request":{"body":null},"response":{"status":200,"statusText":"OK","body":{"success":true,"data":{"mensagens_nao_lidas":99}}},"duration":5,"error":null}
[2026-06-29T23:20:25.494Z] {"timestamp":1782775224817,"type":"xhr","method":"GET","url":"/api/notifications/summary","request":{"body":null},"response":{"status":200,"statusText":"OK","body":{"unread":6}},"duration":6,"error":null}
[2026-06-29T23:20:30.812Z] {"timestamp":1782775230007,"type":"xhr","method":"GET","url":"/api/admin/conversas/fila/estatisticas","request":{"body":null},"response":{"status":200,"statusText":"OK","body":{"success":true,"data":{"mensagens_nao_lidas":99}}},"duration":6,"error":null}
[2026-06-29T23:20:30.812Z] {"timestamp":1782775230007,"type":"xhr","method":"GET","url":"/api/notifications/summary","request":{"body":null},"response":{"status":200,"statusText":"OK","body":{"unread":6}},"duration":7,"error":null}
[2026-06-29T23:20:33.498Z] {"timestamp":1782775231831,"type":"xhr","method":"GET","url":"/api/admin/conversas/fila/estatisticas","request":{"body":null},"response":{"status":200,"statusText":"OK","body":{"success":true,"data":{"mensagens_nao_lidas":99}}},"duration":5,"error":null}
[2026-06-29T23:20:33.498Z] {"timestamp":1782775231832,"type":"xhr","method":"GET","url":"/api/notifications/summary","request":{"body":null},"response":{"status":200,"statusText":"OK","body":{"unread":6}},"duration":5,"error":null}
[2026-06-29T23:20:38.822Z] {"timestamp":1782775237014,"type":"xhr","method":"GET","url":"/api/admin/conversas/fila/estatisticas","request":{"body":null},"response":{"status":200,"statusText":"OK","body":{"success":true,"data":{"mensagens_nao_lidas":99}}},"duration":7,"error":null}
[2026-06-29T23:20:38.822Z] {"timestamp":1782775237018,"type":"xhr","method":"GET","url":"/api/notifications/summary","request":{"body":null},"response":{"status":200,"statusText":"OK","body":{"unread":6}},"duration":5,"error":null}
[2026-06-29T23:20:39.501Z] {"timestamp":1782775238849,"type":"xhr","method":"GET","url":"/api/admin/conversas/fila/estatisticas","request":{"body":null},"response":{"status":200,"statusText":"OK","body":{"success":true,"data":{"mensagens_nao_lidas":99}}},"duration":4,"error":null}
[2026-06-29T23:20:39.501Z] {"timestamp":1782775238849,"type":"xhr","method":"GET","url":"/api/notifications/summary","request":{"body":null},"response":{"status":200,"statusText":"OK","body":{"unread":6}},"duration":4,"error":null}
[2026-06-29T23:20:44.814Z] {"timestamp":1782775244037,"type":"xhr","method":"GET","url":"/api/notifications/summary","request":{"body":null},"response":{"status":200,"statusText":"OK","body":{"unread":6}},"duration":6,"error":null}
[2026-06-29T23:20:44.814Z] {"timestamp":1782775244037,"type":"xhr","method":"GET","url":"/api/admin/conversas/fila/estatisticas","request":{"body":null},"response":{"status":200,"statusText":"OK","body":{"success":true,"data":{"mensagens_nao_lidas":99}}},"duration":6,"error":null}
[2026-06-29T23:20:46.403Z] {"timestamp":1782775246073,"type":"xhr","method":"GET","url":"/api/notifications/summary","request":{"body":null},"response":{"status":500,"statusText":"Internal Server Error","body":""},"duration":14,"error":null}
[2026-06-29T23:20:46.404Z] {"timestamp":1782775246073,"type":"xhr","method":"GET","url":"/api/admin/conversas/fila/estatisticas","request":{"body":null},"response":{"status":500,"statusText":"Internal Server Error","body":""},"duration":14,"error":null}
[2026-06-29T23:20:47.035Z] {"timestamp":1782775246073,"type":"xhr","method":"GET","url":"/api/notifications/summary","request":{"body":null},"response":{"status":500,"statusText":"Internal Server Error","body":""},"duration":13,"error":null}
[2026-06-29T23:20:47.035Z] {"timestamp":1782775246073,"type":"xhr","method":"GET","url":"/api/admin/conversas/fila/estatisticas","request":{"body":null},"response":{"status":500,"statusText":"Internal Server Error","body":""},"duration":14,"error":null}
[2026-06-29T23:20:47.496Z] {"timestamp":1782775245855,"type":"xhr","method":"GET","url":"/api/admin/conversas/fila/estatisticas","request":{"body":null},"response":{"status":200,"statusText":"OK","body":{"success":true,"data":{"mensagens_nao_lidas":99}}},"duration":5,"error":null}
[2026-06-29T23:20:47.496Z] {"timestamp":1782775245856,"type":"xhr","method":"GET","url":"/api/notifications/summary","request":{"body":null},"response":{"status":200,"statusText":"OK","body":{"unread":6}},"duration":5,"error":null}
[2026-06-29T23:20:52.820Z] {"timestamp":1782775251051,"type":"xhr","method":"GET","url":"/api/notifications/summary","request":{"body":null},"response":{"status":200,"statusText":"OK","body":{"unread":6}},"duration":5,"error":null}
[2026-06-29T23:20:52.820Z] {"timestamp":1782775251052,"type":"xhr","method":"GET","url":"/api/admin/conversas/fila/estatisticas","request":{"body":null},"response":{"status":200,"statusText":"OK","body":{"success":true,"data":{"mensagens_nao_lidas":99}}},"duration":5,"error":null}
[2026-06-29T23:20:53.502Z] {"timestamp":1782775252863,"type":"xhr","method":"GET","url":"/api/admin/conversas/fila/estatisticas","request":{"body":null},"response":{"status":200,"statusText":"OK","body":{"success":true,"data":{"mensagens_nao_lidas":99}}},"duration":4,"error":null}
[2026-06-29T23:20:53.502Z] {"timestamp":1782775252864,"type":"xhr","method":"GET","url":"/api/notifications/summary","request":{"body":null},"response":{"status":200,"statusText":"OK","body":{"unread":6}},"duration":4,"error":null}
[2026-06-29T23:20:58.820Z] {"timestamp":1782775258070,"type":"xhr","method":"GET","url":"/api/notifications/summary","request":{"body":null},"response":{"status":200,"statusText":"OK","body":{"unread":6}},"duration":6,"error":null}
[2026-06-29T23:20:58.820Z] {"timestamp":1782775258071,"type":"xhr","method":"GET","url":"/api/admin/conversas/fila/estatisticas","request":{"body":null},"response":{"status":200,"statusText":"OK","body":{"success":true,"data":{"mensagens_nao_lidas":99}}},"duration":5,"error":null}
[2026-06-29T23:21:01.498Z] {"timestamp":1782775259871,"type":"xhr","method":"GET","url":"/api/admin/conversas/fila/estatisticas","request":{"body":null},"response":{"status":200,"statusText":"OK","body":{"success":true,"data":{"mensagens_nao_lidas":99}}},"duration":9,"error":null}
[2026-06-29T23:21:01.498Z] {"timestamp":1782775259873,"type":"xhr","method":"GET","url":"/api/notifications/summary","request":{"body":null},"response":{"status":200,"statusText":"OK","body":{"unread":6}},"duration":10,"error":null}
[2026-06-29T23:21:06.819Z] {"timestamp":1782775265087,"type":"xhr","method":"GET","url":"/api/admin/conversas/fila/estatisticas","request":{"body":null},"response":{"status":200,"statusText":"OK","body":{"success":true,"data":{"mensagens_nao_lidas":99}}},"duration":4,"error":null}
[2026-06-29T23:21:06.819Z] {"timestamp":1782775265087,"type":"xhr","method":"GET","url":"/api/notifications/summary","request":{"body":null},"response":{"status":200,"statusText":"OK","body":{"unread":6}},"duration":4,"error":null}
[2026-06-29T23:21:07.488Z] {"timestamp":1782775266894,"type":"xhr","method":"GET","url":"/api/admin/conversas/fila/estatisticas","request":{"body":null},"response":{"status":200,"statusText":"OK","body":{"success":true,"data":{"mensagens_nao_lidas":99}}},"duration":3,"error":null}
[2026-06-29T23:21:07.488Z] {"timestamp":1782775266894,"type":"xhr","method":"GET","url":"/api/notifications/summary","request":{"body":null},"response":{"status":200,"statusText":"OK","body":{"unread":6}},"duration":4,"error":null}
[2026-06-29T23:21:12.820Z] {"timestamp":1782775272102,"type":"xhr","method":"GET","url":"/api/admin/conversas/fila/estatisticas","request":{"body":null},"response":{"status":200,"statusText":"OK","body":{"success":true,"data":{"mensagens_nao_lidas":99}}},"duration":10,"error":null}
[2026-06-29T23:21:12.820Z] {"timestamp":1782775272103,"type":"xhr","method":"GET","url":"/api/notifications/summary","request":{"body":null},"response":{"status":200,"statusText":"OK","body":{"unread":6}},"duration":10,"error":null}
[2026-06-29T23:21:15.489Z] {"timestamp":1782775273901,"type":"xhr","method":"GET","url":"/api/admin/conversas/fila/estatisticas","request":{"body":null},"response":{"status":200,"statusText":"OK","body":{"success":true,"data":{"mensagens_nao_lidas":99}}},"duration":3,"error":null}
[2026-06-29T23:21:15.489Z] {"timestamp":1782775273901,"type":"xhr","method":"GET","url":"/api/notifications/summary","request":{"body":null},"response":{"status":200,"statusText":"OK","body":{"unread":6}},"duration":4,"error":null}
[2026-06-29T23:21:20.816Z] {"timestamp":1782775279117,"type":"xhr","method":"GET","url":"/api/admin/conversas/fila/estatisticas","request":{"body":null},"response":{"status":200,"statusText":"OK","body":{"success":true,"data":{"mensagens_nao_lidas":99}}},"duration":5,"error":null}
[2026-06-29T23:21:20.816Z] {"timestamp":1782775279117,"type":"xhr","method":"GET","url":"/api/notifications/summary","request":{"body":null},"response":{"status":200,"statusText":"OK","body":{"unread":6}},"duration":6,"error":null}
[2026-06-29T23:21:21.488Z] {"timestamp":1782775280921,"type":"xhr","method":"GET","url":"/api/admin/conversas/fila/estatisticas","request":{"body":null},"response":{"status":200,"statusText":"OK","body":{"success":true,"data":{"mensagens_nao_lidas":99}}},"duration":4,"error":null}
[2026-06-29T23:21:21.488Z] {"timestamp":1782775280921,"type":"xhr","method":"GET","url":"/api/notifications/summary","request":{"body":null},"response":{"status":200,"statusText":"OK","body":{"unread":6}},"duration":4,"error":null}
[2026-06-29T23:21:22.404Z] {"timestamp":1782775282106,"type":"xhr","method":"GET","url":"/api/dashboard/timeline?per_page=20&category=all","request":{"body":null},"response":{"status":500,"statusText":"Internal Server Error","body":""},"duration":8,"error":null}
[2026-06-29T23:21:23.040Z] {"timestamp":1782775282186,"type":"xhr","method":"GET","url":"/api/dashboard/timeline?per_page=20&category=all","request":{"body":null},"response":{"status":500,"statusText":"Internal Server Error","body":""},"duration":9,"error":null}
[2026-06-29T23:21:24.403Z] {"timestamp":1782775283117,"type":"xhr","method":"GET","url":"/api/dashboard/timeline?per_page=20&category=all","request":{"body":null},"response":{"status":500,"statusText":"Internal Server Error","body":""},"duration":6,"error":null}
[2026-06-29T23:21:25.038Z] {"timestamp":1782775283195,"type":"xhr","method":"GET","url":"/api/dashboard/timeline?per_page=20&category=all","request":{"body":null},"response":{"status":500,"statusText":"Internal Server Error","body":""},"duration":5,"error":null}
[2026-06-29T23:21:26.402Z] {"timestamp":1782775285133,"type":"xhr","method":"GET","url":"/api/dashboard/timeline?per_page=20&category=all","request":{"body":null},"response":{"status":500,"statusText":"Internal Server Error","body":""},"duration":4,"error":null}
[2026-06-29T23:21:26.817Z] {"timestamp":1782775286135,"type":"xhr","method":"GET","url":"/api/admin/conversas/fila/estatisticas","request":{"body":null},"response":{"status":200,"statusText":"OK","body":{"success":true,"data":{"mensagens_nao_lidas":99}}},"duration":4,"error":null}
[2026-06-29T23:21:26.817Z] {"timestamp":1782775286136,"type":"xhr","method":"GET","url":"/api/notifications/summary","request":{"body":null},"response":{"status":200,"statusText":"OK","body":{"unread":6}},"duration":4,"error":null}
[2026-06-29T23:21:27.038Z] {"timestamp":1782775285212,"type":"xhr","method":"GET","url":"/api/dashboard/timeline?per_page=20&category=all","request":{"body":null},"response":{"status":500,"statusText":"Internal Server Error","body":""},"duration":5,"error":null}
[2026-06-29T23:21:29.496Z] {"timestamp":1782775287927,"type":"xhr","method":"GET","url":"/api/admin/conversas/fila/estatisticas","request":{"body":null},"response":{"status":200,"statusText":"OK","body":{"success":true,"data":{"mensagens_nao_lidas":99}}},"duration":4,"error":null}
[2026-06-29T23:21:29.496Z] {"timestamp":1782775287928,"type":"xhr","method":"GET","url":"/api/notifications/summary","request":{"body":null},"response":{"status":200,"statusText":"OK","body":{"unread":6}},"duration":4,"error":null}
[2026-06-29T23:21:30.405Z] {"timestamp":1782775289151,"type":"xhr","method":"GET","url":"/api/dashboard/timeline?per_page=20&category=all","request":{"body":null},"response":{"status":500,"statusText":"Internal Server Error","body":""},"duration":6,"error":null}
[2026-06-29T23:21:31.037Z] {"timestamp":1782775289228,"type":"xhr","method":"GET","url":"/api/dashboard/timeline?per_page=20&category=all","request":{"body":null},"response":{"status":500,"statusText":"Internal Server Error","body":""},"duration":5,"error":null}
[2026-06-29T23:21:34.822Z] {"timestamp":1782775293140,"type":"xhr","method":"GET","url":"/api/admin/conversas/fila/estatisticas","request":{"body":null},"response":{"status":200,"statusText":"OK","body":{"success":true,"data":{"mensagens_nao_lidas":99}}},"duration":4,"error":null}
[2026-06-29T23:21:34.822Z] {"timestamp":1782775293141,"type":"xhr","method":"GET","url":"/api/notifications/summary","request":{"body":null},"response":{"status":200,"statusText":"OK","body":{"unread":6}},"duration":3,"error":null}
[2026-06-29T23:21:35.489Z] {"timestamp":1782775294944,"type":"xhr","method":"GET","url":"/api/admin/conversas/fila/estatisticas","request":{"body":null},"response":{"status":200,"statusText":"OK","body":{"success":true,"data":{"mensagens_nao_lidas":99}}},"duration":3,"error":null}
[2026-06-29T23:21:35.489Z] {"timestamp":1782775294945,"type":"xhr","method":"GET","url":"/api/notifications/summary","request":{"body":null},"response":{"status":200,"statusText":"OK","body":{"unread":6}},"duration":3,"error":null}
[2026-06-29T23:21:40.820Z] {"timestamp":1782775300156,"type":"xhr","method":"GET","url":"/api/admin/conversas/fila/estatisticas","request":{"body":null},"response":{"status":200,"statusText":"OK","body":{"success":true,"data":{"mensagens_nao_lidas":99}}},"duration":4,"error":null}
[2026-06-29T23:21:40.820Z] {"timestamp":1782775300157,"type":"xhr","method":"GET","url":"/api/notifications/summary","request":{"body":null},"response":{"status":200,"statusText":"OK","body":{"unread":6}},"duration":4,"error":null}
[2026-06-29T23:21:43.500Z] {"timestamp":1782775301956,"type":"xhr","method":"GET","url":"/api/admin/conversas/fila/estatisticas","request":{"body":null},"response":{"status":200,"statusText":"OK","body":{"success":true,"data":{"mensagens_nao_lidas":99}}},"duration":6,"error":null}
[2026-06-29T23:21:43.500Z] {"timestamp":1782775301956,"type":"xhr","method":"GET","url":"/api/notifications/summary","request":{"body":null},"response":{"status":200,"statusText":"OK","body":{"unread":6}},"duration":7,"error":null}
[2026-06-29T23:21:46.401Z] {"timestamp":1782775306091,"type":"xhr","method":"GET","url":"/api/notifications/summary","request":{"body":null},"response":{"status":500,"statusText":"Internal Server Error","body":""},"duration":30,"error":null}
[2026-06-29T23:21:46.401Z] {"timestamp":1782775306092,"type":"xhr","method":"GET","url":"/api/admin/conversas/fila/estatisticas","request":{"body":null},"response":{"status":500,"statusText":"Internal Server Error","body":""},"duration":30,"error":null}
[2026-06-29T23:21:47.047Z] {"timestamp":1782775306091,"type":"xhr","method":"GET","url":"/api/notifications/summary","request":{"body":null},"response":{"status":500,"statusText":"Internal Server Error","body":""},"duration":25,"error":null}
[2026-06-29T23:21:47.047Z] {"timestamp":1782775306092,"type":"xhr","method":"GET","url":"/api/admin/conversas/fila/estatisticas","request":{"body":null},"response":{"status":500,"statusText":"Internal Server Error","body":""},"duration":29,"error":null}
[2026-06-29T23:21:48.819Z] {"timestamp":1782775307165,"type":"xhr","method":"GET","url":"/api/admin/conversas/fila/estatisticas","request":{"body":null},"response":{"status":200,"statusText":"OK","body":{"success":true,"data":{"mensagens_nao_lidas":99}}},"duration":5,"error":null}
[2026-06-29T23:21:48.819Z] {"timestamp":1782775307165,"type":"xhr","method":"GET","url":"/api/notifications/summary","request":{"body":null},"response":{"status":200,"statusText":"OK","body":{"unread":6}},"duration":5,"error":null}
[2026-06-29T23:21:49.496Z] {"timestamp":1782775308971,"type":"xhr","method":"GET","url":"/api/admin/conversas/fila/estatisticas","request":{"body":null},"response":{"status":200,"statusText":"OK","body":{"success":true,"data":{"mensagens_nao_lidas":99}}},"duration":3,"error":null}
[2026-06-29T23:21:49.496Z] {"timestamp":1782775308971,"type":"xhr","method":"GET","url":"/api/notifications/summary","request":{"body":null},"response":{"status":200,"statusText":"OK","body":{"unread":6}},"duration":4,"error":null}
[2026-06-29T23:21:54.821Z] {"timestamp":1782775314182,"type":"xhr","method":"GET","url":"/api/admin/conversas/fila/estatisticas","request":{"body":null},"response":{"status":200,"statusText":"OK","body":{"success":true,"data":{"mensagens_nao_lidas":99}}},"duration":4,"error":null}
[2026-06-29T23:21:54.821Z] {"timestamp":1782775314183,"type":"xhr","method":"GET","url":"/api/notifications/summary","request":{"body":null},"response":{"status":200,"statusText":"OK","body":{"unread":6}},"duration":3,"error":null}
[2026-06-29T23:21:57.504Z] {"timestamp":1782775315984,"type":"xhr","method":"GET","url":"/api/notifications/summary","request":{"body":null},"response":{"status":200,"statusText":"OK","body":{"unread":6}},"duration":5,"error":null}
[2026-06-29T23:21:57.504Z] {"timestamp":1782775315984,"type":"xhr","method":"GET","url":"/api/admin/conversas/fila/estatisticas","request":{"body":null},"response":{"status":200,"statusText":"OK","body":{"success":true,"data":{"mensagens_nao_lidas":99}}},"duration":5,"error":null}
[2026-06-29T23:22:02.821Z] {"timestamp":1782775321200,"type":"xhr","method":"GET","url":"/api/admin/conversas/fila/estatisticas","request":{"body":null},"response":{"status":200,"statusText":"OK","body":{"success":true,"data":{"mensagens_nao_lidas":99}}},"duration":4,"error":null}
[2026-06-29T23:22:02.821Z] {"timestamp":1782775321200,"type":"xhr","method":"GET","url":"/api/notifications/summary","request":{"body":null},"response":{"status":200,"statusText":"OK","body":{"unread":6}},"duration":4,"error":null}
[2026-06-29T23:22:03.503Z] {"timestamp":1782775322991,"type":"xhr","method":"GET","url":"/api/notifications/summary","request":{"body":null},"response":{"status":200,"statusText":"OK","body":{"unread":6}},"duration":3,"error":null}
[2026-06-29T23:22:03.503Z] {"timestamp":1782775322991,"type":"xhr","method":"GET","url":"/api/admin/conversas/fila/estatisticas","request":{"body":null},"response":{"status":200,"statusText":"OK","body":{"success":true,"data":{"mensagens_nao_lidas":99}}},"duration":4,"error":null}
[2026-06-29T23:22:08.826Z] {"timestamp":1782775328217,"type":"xhr","method":"GET","url":"/api/admin/conversas/fila/estatisticas","request":{"body":null},"response":{"status":200,"statusText":"OK","body":{"success":true,"data":{"mensagens_nao_lidas":99}}},"duration":3,"error":null}
[2026-06-29T23:22:08.826Z] {"timestamp":1782775328217,"type":"xhr","method":"GET","url":"/api/notifications/summary","request":{"body":null},"response":{"status":200,"statusText":"OK","body":{"unread":6}},"duration":4,"error":null}
[2026-06-29T23:22:11.499Z] {"timestamp":1782775330000,"type":"xhr","method":"GET","url":"/api/admin/conversas/fila/estatisticas","request":{"body":null},"response":{"status":200,"statusText":"OK","body":{"success":true,"data":{"mensagens_nao_lidas":99}}},"duration":5,"error":null}
[2026-06-29T23:22:11.499Z] {"timestamp":1782775329999,"type":"xhr","method":"GET","url":"/api/notifications/summary","request":{"body":null},"response":{"status":200,"statusText":"OK","body":{"unread":6}},"duration":6,"error":null}
[2026-06-29T23:22:16.828Z] {"timestamp":1782775335225,"type":"xhr","method":"GET","url":"/api/admin/conversas/fila/estatisticas","request":{"body":null},"response":{"status":200,"statusText":"OK","body":{"success":true,"data":{"mensagens_nao_lidas":99}}},"duration":3,"error":null}
[2026-06-29T23:22:16.828Z] {"timestamp":1782775335225,"type":"xhr","method":"GET","url":"/api/notifications/summary","request":{"body":null},"response":{"status":200,"statusText":"OK","body":{"unread":6}},"duration":4,"error":null}
[2026-06-29T23:22:17.500Z] {"timestamp":1782775337010,"type":"xhr","method":"GET","url":"/api/admin/conversas/fila/estatisticas","request":{"body":null},"response":{"status":200,"statusText":"OK","body":{"success":true,"data":{"mensagens_nao_lidas":99}}},"duration":5,"error":null}
[2026-06-29T23:22:17.500Z] {"timestamp":1782775337011,"type":"xhr","method":"GET","url":"/api/notifications/summary","request":{"body":null},"response":{"status":200,"statusText":"OK","body":{"unread":6}},"duration":4,"error":null}
[2026-06-29T23:22:22.818Z] {"timestamp":1782775342241,"type":"xhr","method":"GET","url":"/api/admin/conversas/fila/estatisticas","request":{"body":null},"response":{"status":200,"statusText":"OK","body":{"success":true,"data":{"mensagens_nao_lidas":99}}},"duration":4,"error":null}
[2026-06-29T23:22:22.818Z] {"timestamp":1782775342241,"type":"xhr","method":"GET","url":"/api/notifications/summary","request":{"body":null},"response":{"status":200,"statusText":"OK","body":{"unread":6}},"duration":5,"error":null}
[2026-06-29T23:22:25.503Z] {"timestamp":1782775344019,"type":"xhr","method":"GET","url":"/api/admin/conversas/fila/estatisticas","request":{"body":null},"response":{"status":200,"statusText":"OK","body":{"success":true,"data":{"mensagens_nao_lidas":99}}},"duration":4,"error":null}
[2026-06-29T23:22:25.503Z] {"timestamp":1782775344019,"type":"xhr","method":"GET","url":"/api/notifications/summary","request":{"body":null},"response":{"status":200,"statusText":"OK","body":{"unread":6}},"duration":4,"error":null}
[2026-06-29T23:22:30.408Z] {"timestamp":1782775349161,"type":"xhr","method":"GET","url":"/api/dashboard/timeline?per_page=20&category=all","request":{"body":null},"response":{"status":500,"statusText":"Internal Server Error","body":""},"duration":8,"error":null}
[2026-06-29T23:22:30.408Z] {"timestamp":1782775350182,"type":"xhr","method":"GET","url":"/api/dashboard/timeline?per_page=20&category=all","request":{"body":null},"response":{"status":500,"statusText":"Internal Server Error","body":""},"duration":5,"error":null}
[2026-06-29T23:22:30.813Z] {"timestamp":1782775349248,"type":"xhr","method":"GET","url":"/api/admin/conversas/fila/estatisticas","request":{"body":null},"response":{"status":200,"statusText":"OK","body":{"success":true,"data":{"mensagens_nao_lidas":99}}},"duration":16,"error":null}
[2026-06-29T23:22:30.813Z] {"timestamp":1782775349249,"type":"xhr","method":"GET","url":"/api/notifications/summary","request":{"body":null},"response":{"status":200,"statusText":"OK","body":{"unread":6}},"duration":15,"error":null}
[2026-06-29T23:22:31.043Z] {"timestamp":1782775349248,"type":"xhr","method":"GET","url":"/api/dashboard/timeline?per_page=20&category=all","request":{"body":null},"response":{"status":500,"statusText":"Internal Server Error","body":""},"duration":13,"error":null}
[2026-06-29T23:22:31.043Z] {"timestamp":1782775350265,"type":"xhr","method":"GET","url":"/api/dashboard/timeline?per_page=20&category=all","request":{"body":null},"response":{"status":500,"statusText":"Internal Server Error","body":""},"duration":5,"error":null}
[2026-06-29T23:22:31.490Z] {"timestamp":1782775351026,"type":"xhr","method":"GET","url":"/api/admin/conversas/fila/estatisticas","request":{"body":null},"response":{"status":200,"statusText":"OK","body":{"success":true,"data":{"mensagens_nao_lidas":99}}},"duration":4,"error":null}
[2026-06-29T23:22:31.490Z] {"timestamp":1782775351027,"type":"xhr","method":"GET","url":"/api/notifications/summary","request":{"body":null},"response":{"status":200,"statusText":"OK","body":{"unread":6}},"duration":3,"error":null}
[2026-06-29T23:22:32.410Z] {"timestamp":1782775352188,"type":"xhr","method":"GET","url":"/api/dashboard/timeline?per_page=20&category=all","request":{"body":null},"response":{"status":500,"statusText":"Internal Server Error","body":""},"duration":12,"error":null}
[2026-06-29T23:22:33.042Z] {"timestamp":1782775352283,"type":"xhr","method":"GET","url":"/api/dashboard/timeline?per_page=20&category=all","request":{"body":null},"response":{"status":500,"statusText":"Internal Server Error","body":""},"duration":4,"error":null}
[2026-06-29T23:22:36.400Z] {"timestamp":1782775356209,"type":"xhr","method":"GET","url":"/api/dashboard/timeline?per_page=20&category=all","request":{"body":null},"response":{"status":500,"statusText":"Internal Server Error","body":""},"duration":6,"error":null}
[2026-06-29T23:22:36.819Z] {"timestamp":1782775356271,"type":"xhr","method":"GET","url":"/api/admin/conversas/fila/estatisticas","request":{"body":null},"response":{"status":200,"statusText":"OK","body":{"success":true,"data":{"mensagens_nao_lidas":99}}},"duration":4,"error":null}
[2026-06-29T23:22:36.820Z] {"timestamp":1782775356272,"type":"xhr","method":"GET","url":"/api/notifications/summary","request":{"body":null},"response":{"status":200,"statusText":"OK","body":{"unread":6}},"duration":3,"error":null}
[2026-06-29T23:22:37.032Z] {"timestamp":1782775356303,"type":"xhr","method":"GET","url":"/api/dashboard/timeline?per_page=20&category=all","request":{"body":null},"response":{"status":500,"statusText":"Internal Server Error","body":""},"duration":5,"error":null}
[2026-06-29T23:22:39.503Z] {"timestamp":1782775358035,"type":"xhr","method":"GET","url":"/api/admin/conversas/fila/estatisticas","request":{"body":null},"response":{"status":200,"statusText":"OK","body":{"success":true,"data":{"mensagens_nao_lidas":99}}},"duration":3,"error":null}
[2026-06-29T23:22:39.503Z] {"timestamp":1782775358035,"type":"xhr","method":"GET","url":"/api/notifications/summary","request":{"body":null},"response":{"status":200,"statusText":"OK","body":{"unread":6}},"duration":4,"error":null}
[2026-06-29T23:22:44.828Z] {"timestamp":1782775363290,"type":"xhr","method":"GET","url":"/api/admin/conversas/fila/estatisticas","request":{"body":null},"response":{"status":200,"statusText":"OK","body":{"success":true,"data":{"mensagens_nao_lidas":99}}},"duration":4,"error":null}
[2026-06-29T23:22:44.828Z] {"timestamp":1782775363290,"type":"xhr","method":"GET","url":"/api/notifications/summary","request":{"body":null},"response":{"status":200,"statusText":"OK","body":{"unread":6}},"duration":4,"error":null}
[2026-06-29T23:22:45.502Z] {"timestamp":1782775365041,"type":"xhr","method":"GET","url":"/api/admin/conversas/fila/estatisticas","request":{"body":null},"response":{"status":200,"statusText":"OK","body":{"success":true,"data":{"mensagens_nao_lidas":99}}},"duration":4,"error":null}
[2026-06-29T23:22:45.502Z] {"timestamp":1782775365042,"type":"xhr","method":"GET","url":"/api/notifications/summary","request":{"body":null},"response":{"status":200,"statusText":"OK","body":{"unread":6}},"duration":4,"error":null}
[2026-06-29T23:22:46.410Z] {"timestamp":1782775366125,"type":"xhr","method":"GET","url":"/api/notifications/summary","request":{"body":null},"response":{"status":500,"statusText":"Internal Server Error","body":""},"duration":12,"error":null}
[2026-06-29T23:22:46.410Z] {"timestamp":1782775366125,"type":"xhr","method":"GET","url":"/api/admin/conversas/fila/estatisticas","request":{"body":null},"response":{"status":500,"statusText":"Internal Server Error","body":""},"duration":14,"error":null}
[2026-06-29T23:22:47.033Z] {"timestamp":1782775366125,"type":"xhr","method":"GET","url":"/api/notifications/summary","request":{"body":null},"response":{"status":500,"statusText":"Internal Server Error","body":""},"duration":13,"error":null}
[2026-06-29T23:22:47.033Z] {"timestamp":1782775366125,"type":"xhr","method":"GET","url":"/api/admin/conversas/fila/estatisticas","request":{"body":null},"response":{"status":500,"statusText":"Internal Server Error","body":""},"duration":14,"error":null}
[2026-06-29T23:22:50.824Z] {"timestamp":1782775370299,"type":"xhr","method":"GET","url":"/api/admin/conversas/fila/estatisticas","request":{"body":null},"response":{"status":200,"statusText":"OK","body":{"success":true,"data":{"mensagens_nao_lidas":99}}},"duration":11,"error":null}
[2026-06-29T23:22:50.824Z] {"timestamp":1782775370301,"type":"xhr","method":"GET","url":"/api/notifications/summary","request":{"body":null},"response":{"status":200,"statusText":"OK","body":{"unread":6}},"duration":15,"error":null}
[2026-06-29T23:22:53.498Z] {"timestamp":1782775372047,"type":"xhr","method":"GET","url":"/api/admin/conversas/fila/estatisticas","request":{"body":null},"response":{"status":200,"statusText":"OK","body":{"success":true,"data":{"mensagens_nao_lidas":99}}},"duration":4,"error":null}
[2026-06-29T23:22:53.498Z] {"timestamp":1782775372048,"type":"xhr","method":"GET","url":"/api/notifications/summary","request":{"body":null},"response":{"status":200,"statusText":"OK","body":{"unread":6}},"duration":4,"error":null}
[2026-06-29T23:22:58.823Z] {"timestamp":1782775377314,"type":"xhr","method":"GET","url":"/api/admin/conversas/fila/estatisticas","request":{"body":null},"response":{"status":200,"statusText":"OK","body":{"success":true,"data":{"mensagens_nao_lidas":99}}},"duration":5,"error":null}
[2026-06-29T23:22:58.823Z] {"timestamp":1782775377320,"type":"xhr","method":"GET","url":"/api/notifications/summary","request":{"body":null},"response":{"status":200,"statusText":"OK","body":{"unread":6}},"duration":4,"error":null}
[2026-06-29T23:22:59.501Z] {"timestamp":1782775379053,"type":"xhr","method":"GET","url":"/api/admin/conversas/fila/estatisticas","request":{"body":null},"response":{"status":200,"statusText":"OK","body":{"success":true,"data":{"mensagens_nao_lidas":99}}},"duration":5,"error":null}
[2026-06-29T23:22:59.501Z] {"timestamp":1782775379054,"type":"xhr","method":"GET","url":"/api/notifications/summary","request":{"body":null},"response":{"status":200,"statusText":"OK","body":{"unread":6}},"duration":4,"error":null}
[2026-06-29T23:23:04.822Z] {"timestamp":1782775384324,"type":"xhr","method":"GET","url":"/api/admin/conversas/fila/estatisticas","request":{"body":null},"response":{"status":200,"statusText":"OK","body":{"success":true,"data":{"mensagens_nao_lidas":99}}},"duration":4,"error":null}
[2026-06-29T23:23:04.822Z] {"timestamp":1782775384325,"type":"xhr","method":"GET","url":"/api/notifications/summary","request":{"body":null},"response":{"status":200,"statusText":"OK","body":{"unread":6}},"duration":4,"error":null}
[2026-06-29T23:23:07.501Z] {"timestamp":1782775386074,"type":"xhr","method":"GET","url":"/api/admin/conversas/fila/estatisticas","request":{"body":null},"response":{"status":200,"statusText":"OK","body":{"success":true,"data":{"mensagens_nao_lidas":99}}},"duration":3,"error":null}
[2026-06-29T23:23:07.502Z] {"timestamp":1782775386074,"type":"xhr","method":"GET","url":"/api/notifications/summary","request":{"body":null},"response":{"status":200,"statusText":"OK","body":{"unread":6}},"duration":4,"error":null}
[2026-06-29T23:23:12.827Z] {"timestamp":1782775391341,"type":"xhr","method":"GET","url":"/api/notifications/summary","request":{"body":null},"response":{"status":200,"statusText":"OK","body":{"unread":6}},"duration":3,"error":null}
[2026-06-29T23:23:12.827Z] {"timestamp":1782775391340,"type":"xhr","method":"GET","url":"/api/admin/conversas/fila/estatisticas","request":{"body":null},"response":{"status":200,"statusText":"OK","body":{"success":true,"data":{"mensagens_nao_lidas":99}}},"duration":5,"error":null}
[2026-06-29T23:23:13.494Z] {"timestamp":1782775393091,"type":"xhr","method":"GET","url":"/api/notifications/summary","request":{"body":null},"response":{"status":200,"statusText":"OK","body":{"unread":6}},"duration":4,"error":null}
[2026-06-29T23:23:13.494Z] {"timestamp":1782775393091,"type":"xhr","method":"GET","url":"/api/admin/conversas/fila/estatisticas","request":{"body":null},"response":{"status":200,"statusText":"OK","body":{"success":true,"data":{"mensagens_nao_lidas":99}}},"duration":4,"error":null}
[2026-06-29T23:23:18.824Z] {"timestamp":1782775398354,"type":"xhr","method":"GET","url":"/api/notifications/summary","request":{"body":null},"response":{"status":200,"statusText":"OK","body":{"unread":6}},"duration":5,"error":null}
[2026-06-29T23:23:18.824Z] {"timestamp":1782775398355,"type":"xhr","method":"GET","url":"/api/admin/conversas/fila/estatisticas","request":{"body":null},"response":{"status":200,"statusText":"OK","body":{"success":true,"data":{"mensagens_nao_lidas":99}}},"duration":4,"error":null}
[2026-06-29T23:23:21.500Z] {"timestamp":1782775400098,"type":"xhr","method":"GET","url":"/api/notifications/summary","request":{"body":null},"response":{"status":200,"statusText":"OK","body":{"unread":6}},"duration":3,"error":null}
[2026-06-29T23:23:21.500Z] {"timestamp":1782775400098,"type":"xhr","method":"GET","url":"/api/admin/conversas/fila/estatisticas","request":{"body":null},"response":{"status":200,"statusText":"OK","body":{"success":true,"data":{"mensagens_nao_lidas":99}}},"duration":4,"error":null}
[2026-06-29T23:23:26.827Z] {"timestamp":1782775405364,"type":"xhr","method":"GET","url":"/api/notifications/summary","request":{"body":null},"response":{"status":200,"statusText":"OK","body":{"unread":6}},"duration":4,"error":null}
[2026-06-29T23:23:26.827Z] {"timestamp":1782775405365,"type":"xhr","method":"GET","url":"/api/admin/conversas/fila/estatisticas","request":{"body":null},"response":{"status":200,"statusText":"OK","body":{"success":true,"data":{"mensagens_nao_lidas":99}}},"duration":5,"error":null}
[2026-06-29T23:23:27.499Z] {"timestamp":1782775407114,"type":"xhr","method":"GET","url":"/api/notifications/summary","request":{"body":null},"response":{"status":200,"statusText":"OK","body":{"unread":6}},"duration":4,"error":null}
[2026-06-29T23:23:27.499Z] {"timestamp":1782775407115,"type":"xhr","method":"GET","url":"/api/admin/conversas/fila/estatisticas","request":{"body":null},"response":{"status":200,"statusText":"OK","body":{"success":true,"data":{"mensagens_nao_lidas":99}}},"duration":3,"error":null}
[2026-06-29T23:23:32.821Z] {"timestamp":1782775412385,"type":"xhr","method":"GET","url":"/api/admin/conversas/fila/estatisticas","request":{"body":null},"response":{"status":200,"statusText":"OK","body":{"success":true,"data":{"mensagens_nao_lidas":99}}},"duration":5,"error":null}
[2026-06-29T23:23:32.821Z] {"timestamp":1782775412385,"type":"xhr","method":"GET","url":"/api/notifications/summary","request":{"body":null},"response":{"status":200,"statusText":"OK","body":{"unread":6}},"duration":5,"error":null}
[2026-06-29T23:23:35.506Z] {"timestamp":1782775414130,"type":"xhr","method":"GET","url":"/api/notifications/summary","request":{"body":null},"response":{"status":200,"statusText":"OK","body":{"unread":6}},"duration":4,"error":null}
[2026-06-29T23:23:35.506Z] {"timestamp":1782775414131,"type":"xhr","method":"GET","url":"/api/admin/conversas/fila/estatisticas","request":{"body":null},"response":{"status":200,"statusText":"OK","body":{"success":true,"data":{"mensagens_nao_lidas":99}}},"duration":3,"error":null}
[2026-06-29T23:23:36.414Z] {"timestamp":1782775416224,"type":"xhr","method":"GET","url":"/api/dashboard/timeline?per_page=20&category=all","request":{"body":null},"response":{"status":500,"statusText":"Internal Server Error","body":""},"duration":17,"error":null}
[2026-06-29T23:23:37.045Z] {"timestamp":1782775416319,"type":"xhr","method":"GET","url":"/api/dashboard/timeline?per_page=20&category=all","request":{"body":null},"response":{"status":500,"statusText":"Internal Server Error","body":""},"duration":25,"error":null}
[2026-06-29T23:23:38.401Z] {"timestamp":1782775417244,"type":"xhr","method":"GET","url":"/api/dashboard/timeline?per_page=20&category=all","request":{"body":null},"response":{"status":500,"statusText":"Internal Server Error","body":""},"duration":12,"error":null}
[2026-06-29T23:23:39.037Z] {"timestamp":1782775417353,"type":"xhr","method":"GET","url":"/api/dashboard/timeline?per_page=20&category=all","request":{"body":null},"response":{"status":500,"statusText":"Internal Server Error","body":""},"duration":5,"error":null}
[2026-06-29T23:23:40.401Z] {"timestamp":1782775419264,"type":"xhr","method":"GET","url":"/api/dashboard/timeline?per_page=20&category=all","request":{"body":null},"response":{"status":500,"statusText":"Internal Server Error","body":""},"duration":6,"error":null}
[2026-06-29T23:23:40.815Z] {"timestamp":1782775419404,"type":"xhr","method":"GET","url":"/api/admin/conversas/fila/estatisticas","request":{"body":null},"response":{"status":200,"statusText":"OK","body":{"success":true,"data":{"mensagens_nao_lidas":99}}},"duration":4,"error":null}
[2026-06-29T23:23:40.815Z] {"timestamp":1782775419405,"type":"xhr","method":"GET","url":"/api/notifications/summary","request":{"body":null},"response":{"status":200,"statusText":"OK","body":{"unread":6}},"duration":4,"error":null}
[2026-06-29T23:23:41.040Z] {"timestamp":1782775419373,"type":"xhr","method":"GET","url":"/api/dashboard/timeline?per_page=20&category=all","request":{"body":null},"response":{"status":500,"statusText":"Internal Server Error","body":""},"duration":5,"error":null}
[2026-06-29T23:23:41.493Z] {"timestamp":1782775421147,"type":"xhr","method":"GET","url":"/api/notifications/summary","request":{"body":null},"response":{"status":200,"statusText":"OK","body":{"unread":6}},"duration":4,"error":null}
[2026-06-29T23:23:41.493Z] {"timestamp":1782775421148,"type":"xhr","method":"GET","url":"/api/admin/conversas/fila/estatisticas","request":{"body":null},"response":{"status":200,"statusText":"OK","body":{"success":true,"data":{"mensagens_nao_lidas":99}}},"duration":4,"error":null}
[2026-06-29T23:23:44.400Z] {"timestamp":1782775423275,"type":"xhr","method":"GET","url":"/api/dashboard/timeline?per_page=20&category=all","request":{"body":null},"response":{"status":500,"statusText":"Internal Server Error","body":""},"duration":5,"error":null}
[2026-06-29T23:23:45.034Z] {"timestamp":1782775423383,"type":"xhr","method":"GET","url":"/api/dashboard/timeline?per_page=20&category=all","request":{"body":null},"response":{"status":500,"statusText":"Internal Server Error","body":""},"duration":5,"error":null}
[2026-06-29T23:23:46.409Z] {"timestamp":1782775426146,"type":"xhr","method":"GET","url":"/api/notifications/summary","request":{"body":null},"response":{"status":500,"statusText":"Internal Server Error","body":""},"duration":11,"error":null}
[2026-06-29T23:23:46.409Z] {"timestamp":1782775426146,"type":"xhr","method":"GET","url":"/api/admin/conversas/fila/estatisticas","request":{"body":null},"response":{"status":500,"statusText":"Internal Server Error","body":""},"duration":14,"error":null}
[2026-06-29T23:23:46.814Z] {"timestamp":1782775426414,"type":"xhr","method":"GET","url":"/api/admin/conversas/fila/estatisticas","request":{"body":null},"response":{"status":200,"statusText":"OK","body":{"success":true,"data":{"mensagens_nao_lidas":99}}},"duration":6,"error":null}
[2026-06-29T23:23:46.814Z] {"timestamp":1782775426415,"type":"xhr","method":"GET","url":"/api/notifications/summary","request":{"body":null},"response":{"status":200,"statusText":"OK","body":{"unread":6}},"duration":5,"error":null}
[2026-06-29T23:23:47.042Z] {"timestamp":1782775426146,"type":"xhr","method":"GET","url":"/api/notifications/summary","request":{"body":null},"response":{"status":500,"statusText":"Internal Server Error","body":""},"duration":11,"error":null}
[2026-06-29T23:23:47.042Z] {"timestamp":1782775426146,"type":"xhr","method":"GET","url":"/api/admin/conversas/fila/estatisticas","request":{"body":null},"response":{"status":500,"statusText":"Internal Server Error","body":""},"duration":13,"error":null}
[2026-06-29T23:23:49.498Z] {"timestamp":1782775428164,"type":"xhr","method":"GET","url":"/api/notifications/summary","request":{"body":null},"response":{"status":200,"statusText":"OK","body":{"unread":6}},"duration":10,"error":null}
[2026-06-29T23:23:49.498Z] {"timestamp":1782775428167,"type":"xhr","method":"GET","url":"/api/admin/conversas/fila/estatisticas","request":{"body":null},"response":{"status":200,"statusText":"OK","body":{"success":true,"data":{"mensagens_nao_lidas":99}}},"duration":7,"error":null}
[2026-06-29T23:23:54.814Z] {"timestamp":1782775433425,"type":"xhr","method":"GET","url":"/api/admin/conversas/fila/estatisticas","request":{"body":null},"response":{"status":200,"statusText":"OK","body":{"success":true,"data":{"mensagens_nao_lidas":99}}},"duration":3,"error":null}
[2026-06-29T23:23:54.814Z] {"timestamp":1782775433425,"type":"xhr","method":"GET","url":"/api/notifications/summary","request":{"body":null},"response":{"status":200,"statusText":"OK","body":{"unread":6}},"duration":3,"error":null}
[2026-06-29T23:23:55.501Z] {"timestamp":1782775435179,"type":"xhr","method":"GET","url":"/api/notifications/summary","request":{"body":null},"response":{"status":200,"statusText":"OK","body":{"unread":6}},"duration":3,"error":null}
[2026-06-29T23:23:55.501Z] {"timestamp":1782775435179,"type":"xhr","method":"GET","url":"/api/admin/conversas/fila/estatisticas","request":{"body":null},"response":{"status":200,"statusText":"OK","body":{"success":true,"data":{"mensagens_nao_lidas":99}}},"duration":4,"error":null}
[2026-06-29T23:24:00.815Z] {"timestamp":1782775440436,"type":"xhr","method":"GET","url":"/api/admin/conversas/fila/estatisticas","request":{"body":null},"response":{"status":200,"statusText":"OK","body":{"success":true,"data":{"mensagens_nao_lidas":99}}},"duration":5,"error":null}
[2026-06-29T23:24:00.815Z] {"timestamp":1782775440437,"type":"xhr","method":"GET","url":"/api/notifications/summary","request":{"body":null},"response":{"status":200,"statusText":"OK","body":{"unread":6}},"duration":4,"error":null}
[2026-06-29T23:24:03.489Z] {"timestamp":1782775442186,"type":"xhr","method":"GET","url":"/api/notifications/summary","request":{"body":null},"response":{"status":200,"statusText":"OK","body":{"unread":6}},"duration":3,"error":null}
[2026-06-29T23:24:03.489Z] {"timestamp":1782775442186,"type":"xhr","method":"GET","url":"/api/admin/conversas/fila/estatisticas","request":{"body":null},"response":{"status":200,"statusText":"OK","body":{"success":true,"data":{"mensagens_nao_lidas":99}}},"duration":4,"error":null}
[2026-06-29T23:24:08.814Z] {"timestamp":1782775447448,"type":"xhr","method":"GET","url":"/api/admin/conversas/fila/estatisticas","request":{"body":null},"response":{"status":200,"statusText":"OK","body":{"success":true,"data":{"mensagens_nao_lidas":99}}},"duration":5,"error":null}
[2026-06-29T23:24:08.814Z] {"timestamp":1782775447449,"type":"xhr","method":"GET","url":"/api/notifications/summary","request":{"body":null},"response":{"status":200,"statusText":"OK","body":{"unread":6}},"duration":4,"error":null}
[2026-06-29T23:24:09.489Z] {"timestamp":1782775449191,"type":"xhr","method":"GET","url":"/api/notifications/summary","request":{"body":null},"response":{"status":200,"statusText":"OK","body":{"unread":6}},"duration":3,"error":null}
[2026-06-29T23:24:09.489Z] {"timestamp":1782775449191,"type":"xhr","method":"GET","url":"/api/admin/conversas/fila/estatisticas","request":{"body":null},"response":{"status":200,"statusText":"OK","body":{"success":true,"data":{"mensagens_nao_lidas":99}}},"duration":3,"error":null}
[2026-06-29T23:24:14.826Z] {"timestamp":1782775454460,"type":"xhr","method":"GET","url":"/api/admin/conversas/fila/estatisticas","request":{"body":null},"response":{"status":200,"statusText":"OK","body":{"success":true,"data":{"mensagens_nao_lidas":99}}},"duration":4,"error":null}
[2026-06-29T23:24:14.826Z] {"timestamp":1782775454460,"type":"xhr","method":"GET","url":"/api/notifications/summary","request":{"body":null},"response":{"status":200,"statusText":"OK","body":{"unread":6}},"duration":5,"error":null}
[2026-06-29T23:24:17.500Z] {"timestamp":1782775456196,"type":"xhr","method":"GET","url":"/api/notifications/summary","request":{"body":null},"response":{"status":200,"statusText":"OK","body":{"unread":6}},"duration":7,"error":null}
[2026-06-29T23:24:17.500Z] {"timestamp":1782775456197,"type":"xhr","method":"GET","url":"/api/admin/conversas/fila/estatisticas","request":{"body":null},"response":{"status":200,"statusText":"OK","body":{"success":true,"data":{"mensagens_nao_lidas":99}}},"duration":8,"error":null}
[2026-06-29T23:24:22.826Z] {"timestamp":1782775461475,"type":"xhr","method":"GET","url":"/api/admin/conversas/fila/estatisticas","request":{"body":null},"response":{"status":200,"statusText":"OK","body":{"success":true,"data":{"mensagens_nao_lidas":99}}},"duration":7,"error":null}
[2026-06-29T23:24:22.826Z] {"timestamp":1782775461476,"type":"xhr","method":"GET","url":"/api/notifications/summary","request":{"body":null},"response":{"status":200,"statusText":"OK","body":{"unread":6}},"duration":6,"error":null}
[2026-06-29T23:24:23.491Z] {"timestamp":1782775463210,"type":"xhr","method":"GET","url":"/api/notifications/summary","request":{"body":null},"response":{"status":200,"statusText":"OK","body":{"unread":6}},"duration":4,"error":null}
[2026-06-29T23:24:23.491Z] {"timestamp":1782775463210,"type":"xhr","method":"GET","url":"/api/admin/conversas/fila/estatisticas","request":{"body":null},"response":{"status":200,"statusText":"OK","body":{"success":true,"data":{"mensagens_nao_lidas":99}}},"duration":5,"error":null}
[2026-06-29T23:24:28.819Z] {"timestamp":1782775468494,"type":"xhr","method":"GET","url":"/api/notifications/summary","request":{"body":null},"response":{"status":200,"statusText":"OK","body":{"unread":6}},"duration":7,"error":null}
[2026-06-29T23:24:28.819Z] {"timestamp":1782775468493,"type":"xhr","method":"GET","url":"/api/admin/conversas/fila/estatisticas","request":{"body":null},"response":{"status":200,"statusText":"OK","body":{"success":true,"data":{"mensagens_nao_lidas":99}}},"duration":9,"error":null}
[2026-06-29T23:24:31.499Z] {"timestamp":1782775470227,"type":"xhr","method":"GET","url":"/api/notifications/summary","request":{"body":null},"response":{"status":200,"statusText":"OK","body":{"unread":6}},"duration":4,"error":null}
[2026-06-29T23:24:31.499Z] {"timestamp":1782775470227,"type":"xhr","method":"GET","url":"/api/admin/conversas/fila/estatisticas","request":{"body":null},"response":{"status":200,"statusText":"OK","body":{"success":true,"data":{"mensagens_nao_lidas":99}}},"duration":5,"error":null}
[2026-06-29T23:24:36.822Z] {"timestamp":1782775475512,"type":"xhr","method":"GET","url":"/api/notifications/summary","request":{"body":null},"response":{"status":200,"statusText":"OK","body":{"unread":6}},"duration":4,"error":null}
[2026-06-29T23:24:36.822Z] {"timestamp":1782775475513,"type":"xhr","method":"GET","url":"/api/admin/conversas/fila/estatisticas","request":{"body":null},"response":{"status":200,"statusText":"OK","body":{"success":true,"data":{"mensagens_nao_lidas":99}}},"duration":3,"error":null}
[2026-06-29T23:24:37.501Z] {"timestamp":1782775477233,"type":"xhr","method":"GET","url":"/api/notifications/summary","request":{"body":null},"response":{"status":200,"statusText":"OK","body":{"unread":6}},"duration":9,"error":null}
[2026-06-29T23:24:37.501Z] {"timestamp":1782775477234,"type":"xhr","method":"GET","url":"/api/admin/conversas/fila/estatisticas","request":{"body":null},"response":{"status":200,"statusText":"OK","body":{"success":true,"data":{"mensagens_nao_lidas":99}}},"duration":9,"error":null}
[2026-06-29T23:24:42.816Z] {"timestamp":1782775482518,"type":"xhr","method":"GET","url":"/api/notifications/summary","request":{"body":null},"response":{"status":200,"statusText":"OK","body":{"unread":6}},"duration":4,"error":null}
[2026-06-29T23:24:42.816Z] {"timestamp":1782775482519,"type":"xhr","method":"GET","url":"/api/admin/conversas/fila/estatisticas","request":{"body":null},"response":{"status":200,"statusText":"OK","body":{"success":true,"data":{"mensagens_nao_lidas":99}}},"duration":3,"error":null}
[2026-06-29T23:24:44.402Z] {"timestamp":1782775483295,"type":"xhr","method":"GET","url":"/api/dashboard/timeline?per_page=20&category=all","request":{"body":null},"response":{"status":500,"statusText":"Internal Server Error","body":""},"duration":7,"error":null}
[2026-06-29T23:24:44.402Z] {"timestamp":1782775484307,"type":"xhr","method":"GET","url":"/api/dashboard/timeline?per_page=20&category=all","request":{"body":null},"response":{"status":500,"statusText":"Internal Server Error","body":""},"duration":5,"error":null}
[2026-06-29T23:24:45.042Z] {"timestamp":1782775483404,"type":"xhr","method":"GET","url":"/api/dashboard/timeline?per_page=20&category=all","request":{"body":null},"response":{"status":500,"statusText":"Internal Server Error","body":""},"duration":7,"error":null}
[2026-06-29T23:24:45.042Z] {"timestamp":1782775484417,"type":"xhr","method":"GET","url":"/api/dashboard/timeline?per_page=20&category=all","request":{"body":null},"response":{"status":500,"statusText":"Internal Server Error","body":""},"duration":6,"error":null}
[2026-06-29T23:24:45.496Z] {"timestamp":1782775484245,"type":"xhr","method":"GET","url":"/api/notifications/summary","request":{"body":null},"response":{"status":200,"statusText":"OK","body":{"unread":6}},"duration":5,"error":null}
[2026-06-29T23:24:45.496Z] {"timestamp":1782775484246,"type":"xhr","method":"GET","url":"/api/admin/conversas/fila/estatisticas","request":{"body":null},"response":{"status":200,"statusText":"OK","body":{"success":true,"data":{"mensagens_nao_lidas":99}}},"duration":4,"error":null}
[2026-06-29T23:24:46.409Z] {"timestamp":1782775486163,"type":"xhr","method":"GET","url":"/api/notifications/summary","request":{"body":null},"response":{"status":500,"statusText":"Internal Server Error","body":""},"duration":12,"error":null}
[2026-06-29T23:24:46.409Z] {"timestamp":1782775486163,"type":"xhr","method":"GET","url":"/api/admin/conversas/fila/estatisticas","request":{"body":null},"response":{"status":500,"statusText":"Internal Server Error","body":""},"duration":12,"error":null}
[2026-06-29T23:24:46.409Z] {"timestamp":1782775486313,"type":"xhr","method":"GET","url":"/api/dashboard/timeline?per_page=20&category=all","request":{"body":null},"response":{"status":500,"statusText":"Internal Server Error","body":""},"duration":5,"error":null}
[2026-06-29T23:24:47.037Z] {"timestamp":1782775486163,"type":"xhr","method":"GET","url":"/api/notifications/summary","request":{"body":null},"response":{"status":500,"statusText":"Internal Server Error","body":""},"duration":12,"error":null}
[2026-06-29T23:24:47.037Z] {"timestamp":1782775486163,"type":"xhr","method":"GET","url":"/api/admin/conversas/fila/estatisticas","request":{"body":null},"response":{"status":500,"statusText":"Internal Server Error","body":""},"duration":14,"error":null}
[2026-06-29T23:24:47.037Z] {"timestamp":1782775486438,"type":"xhr","method":"GET","url":"/api/dashboard/timeline?per_page=20&category=all","request":{"body":null},"response":{"status":500,"statusText":"Internal Server Error","body":""},"duration":6,"error":null}
[2026-06-29T23:24:50.401Z] {"timestamp":1782775490323,"type":"xhr","method":"GET","url":"/api/dashboard/timeline?per_page=20&category=all","request":{"body":null},"response":{"status":500,"statusText":"Internal Server Error","body":""},"duration":5,"error":null}
[2026-06-29T23:24:50.819Z] {"timestamp":1782775489526,"type":"xhr","method":"GET","url":"/api/notifications/summary","request":{"body":null},"response":{"status":200,"statusText":"OK","body":{"unread":6}},"duration":3,"error":null}
[2026-06-29T23:24:50.819Z] {"timestamp":1782775489526,"type":"xhr","method":"GET","url":"/api/admin/conversas/fila/estatisticas","request":{"body":null},"response":{"status":200,"statusText":"OK","body":{"success":true,"data":{"mensagens_nao_lidas":99}}},"duration":4,"error":null}
[2026-06-29T23:24:51.034Z] {"timestamp":1782775490445,"type":"xhr","method":"GET","url":"/api/dashboard/timeline?per_page=20&category=all","request":{"body":null},"response":{"status":500,"statusText":"Internal Server Error","body":""},"duration":5,"error":null}
[2026-06-29T23:24:51.490Z] {"timestamp":1782775491252,"type":"xhr","method":"GET","url":"/api/notifications/summary","request":{"body":null},"response":{"status":200,"statusText":"OK","body":{"unread":6}},"duration":3,"error":null}
[2026-06-29T23:24:51.490Z] {"timestamp":1782775491252,"type":"xhr","method":"GET","url":"/api/admin/conversas/fila/estatisticas","request":{"body":null},"response":{"status":200,"statusText":"OK","body":{"success":true,"data":{"mensagens_nao_lidas":99}}},"duration":4,"error":null}
[2026-06-29T23:24:56.819Z] {"timestamp":1782775496536,"type":"xhr","method":"GET","url":"/api/notifications/summary","request":{"body":null},"response":{"status":200,"statusText":"OK","body":{"unread":6}},"duration":8,"error":null}
[2026-06-29T23:24:56.819Z] {"timestamp":1782775496538,"type":"xhr","method":"GET","url":"/api/admin/conversas/fila/estatisticas","request":{"body":null},"response":{"status":200,"statusText":"OK","body":{"success":true,"data":{"mensagens_nao_lidas":99}}},"duration":8,"error":null}
[2026-06-29T23:24:59.495Z] {"timestamp":1782775498259,"type":"xhr","method":"GET","url":"/api/notifications/summary","request":{"body":null},"response":{"status":200,"statusText":"OK","body":{"unread":6}},"duration":4,"error":null}
[2026-06-29T23:24:59.495Z] {"timestamp":1782775498260,"type":"xhr","method":"GET","url":"/api/admin/conversas/fila/estatisticas","request":{"body":null},"response":{"status":200,"statusText":"OK","body":{"success":true,"data":{"mensagens_nao_lidas":99}}},"duration":4,"error":null}
[2026-06-29T23:25:04.819Z] {"timestamp":1782775503558,"type":"xhr","method":"GET","url":"/api/notifications/summary","request":{"body":null},"response":{"status":200,"statusText":"OK","body":{"unread":6}},"duration":4,"error":null}
[2026-06-29T23:25:04.819Z] {"timestamp":1782775503558,"type":"xhr","method":"GET","url":"/api/admin/conversas/fila/estatisticas","request":{"body":null},"response":{"status":200,"statusText":"OK","body":{"success":true,"data":{"mensagens_nao_lidas":99}}},"duration":4,"error":null}
[2026-06-29T23:25:05.496Z] {"timestamp":1782775505273,"type":"xhr","method":"GET","url":"/api/notifications/summary","request":{"body":null},"response":{"status":200,"statusText":"OK","body":{"unread":6}},"duration":3,"error":null}
[2026-06-29T23:25:05.496Z] {"timestamp":1782775505273,"type":"xhr","method":"GET","url":"/api/admin/conversas/fila/estatisticas","request":{"body":null},"response":{"status":200,"statusText":"OK","body":{"success":true,"data":{"mensagens_nao_lidas":99}}},"duration":4,"error":null}
[2026-06-29T23:25:10.825Z] {"timestamp":1782775510571,"type":"xhr","method":"GET","url":"/api/notifications/summary","request":{"body":null},"response":{"status":200,"statusText":"OK","body":{"unread":6}},"duration":4,"error":null}
[2026-06-29T23:25:10.825Z] {"timestamp":1782775510572,"type":"xhr","method":"GET","url":"/api/admin/conversas/fila/estatisticas","request":{"body":null},"response":{"status":200,"statusText":"OK","body":{"success":true,"data":{"mensagens_nao_lidas":99}}},"duration":4,"error":null}
[2026-06-29T23:25:13.498Z] {"timestamp":1782775512284,"type":"xhr","method":"GET","url":"/api/notifications/summary","request":{"body":null},"response":{"status":200,"statusText":"OK","body":{"unread":6}},"duration":3,"error":null}
[2026-06-29T23:25:13.498Z] {"timestamp":1782775512284,"type":"xhr","method":"GET","url":"/api/admin/conversas/fila/estatisticas","request":{"body":null},"response":{"status":200,"statusText":"OK","body":{"success":true,"data":{"mensagens_nao_lidas":99}}},"duration":4,"error":null}
[2026-06-29T23:25:18.822Z] {"timestamp":1782775517578,"type":"xhr","method":"GET","url":"/api/notifications/summary","request":{"body":null},"response":{"status":200,"statusText":"OK","body":{"unread":6}},"duration":6,"error":null}
[2026-06-29T23:25:18.822Z] {"timestamp":1782775517579,"type":"xhr","method":"GET","url":"/api/admin/conversas/fila/estatisticas","request":{"body":null},"response":{"status":200,"statusText":"OK","body":{"success":true,"data":{"mensagens_nao_lidas":99}}},"duration":5,"error":null}
[2026-06-29T23:25:19.490Z] {"timestamp":1782775519300,"type":"xhr","method":"GET","url":"/api/notifications/summary","request":{"body":null},"response":{"status":200,"statusText":"OK","body":{"unread":6}},"duration":4,"error":null}
[2026-06-29T23:25:19.490Z] {"timestamp":1782775519301,"type":"xhr","method":"GET","url":"/api/admin/conversas/fila/estatisticas","request":{"body":null},"response":{"status":200,"statusText":"OK","body":{"success":true,"data":{"mensagens_nao_lidas":99}}},"duration":4,"error":null}
[2026-06-29T23:25:24.813Z] {"timestamp":1782775524590,"type":"xhr","method":"GET","url":"/api/notifications/summary","request":{"body":null},"response":{"status":200,"statusText":"OK","body":{"unread":6}},"duration":4,"error":null}
[2026-06-29T23:25:24.813Z] {"timestamp":1782775524591,"type":"xhr","method":"GET","url":"/api/admin/conversas/fila/estatisticas","request":{"body":null},"response":{"status":200,"statusText":"OK","body":{"success":true,"data":{"mensagens_nao_lidas":99}}},"duration":4,"error":null}
[2026-06-29T23:25:27.494Z] {"timestamp":1782775526308,"type":"xhr","method":"GET","url":"/api/admin/conversas/fila/estatisticas","request":{"body":null},"response":{"status":200,"statusText":"OK","body":{"success":true,"data":{"mensagens_nao_lidas":99}}},"duration":3,"error":null}
[2026-06-29T23:25:27.494Z] {"timestamp":1782775526307,"type":"xhr","method":"GET","url":"/api/notifications/summary","request":{"body":null},"response":{"status":200,"statusText":"OK","body":{"unread":6}},"duration":4,"error":null}
[2026-06-29T23:25:32.821Z] {"timestamp":1782775531603,"type":"xhr","method":"GET","url":"/api/notifications/summary","request":{"body":null},"response":{"status":200,"statusText":"OK","body":{"unread":6}},"duration":4,"error":null}
[2026-06-29T23:25:32.821Z] {"timestamp":1782775531604,"type":"xhr","method":"GET","url":"/api/admin/conversas/fila/estatisticas","request":{"body":null},"response":{"status":200,"statusText":"OK","body":{"success":true,"data":{"mensagens_nao_lidas":99}}},"duration":3,"error":null}
[2026-06-29T23:25:33.491Z] {"timestamp":1782775533317,"type":"xhr","method":"GET","url":"/api/admin/conversas/fila/estatisticas","request":{"body":null},"response":{"status":200,"statusText":"OK","body":{"success":true,"data":{"mensagens_nao_lidas":99}}},"duration":4,"error":null}
[2026-06-29T23:25:33.491Z] {"timestamp":1782775533317,"type":"xhr","method":"GET","url":"/api/notifications/summary","request":{"body":null},"response":{"status":200,"statusText":"OK","body":{"unread":6}},"duration":5,"error":null}
[2026-06-29T23:25:38.826Z] {"timestamp":1782775538623,"type":"xhr","method":"GET","url":"/api/notifications/summary","request":{"body":null},"response":{"status":200,"statusText":"OK","body":{"unread":6}},"duration":5,"error":null}
[2026-06-29T23:25:38.826Z] {"timestamp":1782775538624,"type":"xhr","method":"GET","url":"/api/admin/conversas/fila/estatisticas","request":{"body":null},"response":{"status":200,"statusText":"OK","body":{"success":true,"data":{"mensagens_nao_lidas":99}}},"duration":5,"error":null}
[2026-06-29T23:25:41.500Z] {"timestamp":1782775540335,"type":"xhr","method":"GET","url":"/api/admin/conversas/fila/estatisticas","request":{"body":null},"response":{"status":200,"statusText":"OK","body":{"success":true,"data":{"mensagens_nao_lidas":99}}},"duration":4,"error":null}
[2026-06-29T23:25:41.500Z] {"timestamp":1782775540336,"type":"xhr","method":"GET","url":"/api/notifications/summary","request":{"body":null},"response":{"status":200,"statusText":"OK","body":{"unread":6}},"duration":4,"error":null}
[2026-06-29T23:25:46.404Z] {"timestamp":1782775546184,"type":"xhr","method":"GET","url":"/api/notifications/summary","request":{"body":null},"response":{"status":500,"statusText":"Internal Server Error","body":""},"duration":13,"error":null}
[2026-06-29T23:25:46.404Z] {"timestamp":1782775546185,"type":"xhr","method":"GET","url":"/api/admin/conversas/fila/estatisticas","request":{"body":null},"response":{"status":500,"statusText":"Internal Server Error","body":""},"duration":14,"error":null}
[2026-06-29T23:25:46.828Z] {"timestamp":1782775545633,"type":"xhr","method":"GET","url":"/api/notifications/summary","request":{"body":null},"response":{"status":200,"statusText":"OK","body":{"unread":6}},"duration":5,"error":null}
[2026-06-29T23:25:46.828Z] {"timestamp":1782775545634,"type":"xhr","method":"GET","url":"/api/admin/conversas/fila/estatisticas","request":{"body":null},"response":{"status":200,"statusText":"OK","body":{"success":true,"data":{"mensagens_nao_lidas":99}}},"duration":5,"error":null}
[2026-06-29T23:25:47.034Z] {"timestamp":1782775546184,"type":"xhr","method":"GET","url":"/api/notifications/summary","request":{"body":null},"response":{"status":500,"statusText":"Internal Server Error","body":""},"duration":15,"error":null}
[2026-06-29T23:25:47.034Z] {"timestamp":1782775546185,"type":"xhr","method":"GET","url":"/api/admin/conversas/fila/estatisticas","request":{"body":null},"response":{"status":500,"statusText":"Internal Server Error","body":""},"duration":15,"error":null}
[2026-06-29T23:25:47.493Z] {"timestamp":1782775547340,"type":"xhr","method":"GET","url":"/api/admin/conversas/fila/estatisticas","request":{"body":null},"response":{"status":200,"statusText":"OK","body":{"success":true,"data":{"mensagens_nao_lidas":99}}},"duration":4,"error":null}
[2026-06-29T23:25:47.493Z] {"timestamp":1782775547341,"type":"xhr","method":"GET","url":"/api/notifications/summary","request":{"body":null},"response":{"status":200,"statusText":"OK","body":{"unread":6}},"duration":3,"error":null}
[2026-06-29T23:25:50.408Z] {"timestamp":1782775550344,"type":"xhr","method":"GET","url":"/api/dashboard/timeline?per_page=20&category=all","request":{"body":null},"response":{"status":500,"statusText":"Internal Server Error","body":""},"duration":7,"error":null}
[2026-06-29T23:25:51.045Z] {"timestamp":1782775550453,"type":"xhr","method":"GET","url":"/api/dashboard/timeline?per_page=20&category=all","request":{"body":null},"response":{"status":500,"statusText":"Internal Server Error","body":""},"duration":7,"error":null}
[2026-06-29T23:25:52.410Z] {"timestamp":1782775551354,"type":"xhr","method":"GET","url":"/api/dashboard/timeline?per_page=20&category=all","request":{"body":null},"response":{"status":500,"statusText":"Internal Server Error","body":""},"duration":11,"error":null}
[2026-06-29T23:25:52.815Z] {"timestamp":1782775552640,"type":"xhr","method":"GET","url":"/api/notifications/summary","request":{"body":null},"response":{"status":200,"statusText":"OK","body":{"unread":6}},"duration":4,"error":null}
[2026-06-29T23:25:52.815Z] {"timestamp":1782775552641,"type":"xhr","method":"GET","url":"/api/admin/conversas/fila/estatisticas","request":{"body":null},"response":{"status":200,"statusText":"OK","body":{"success":true,"data":{"mensagens_nao_lidas":99}}},"duration":3,"error":null}
[2026-06-29T23:25:53.041Z] {"timestamp":1782775551475,"type":"xhr","method":"GET","url":"/api/dashboard/timeline?per_page=20&category=all","request":{"body":null},"response":{"status":500,"statusText":"Internal Server Error","body":""},"duration":12,"error":null}
[2026-06-29T23:25:54.398Z] {"timestamp":1782775553370,"type":"xhr","method":"GET","url":"/api/dashboard/timeline?per_page=20&category=all","request":{"body":null},"response":{"status":500,"statusText":"Internal Server Error","body":""},"duration":5,"error":null}
[2026-06-29T23:25:55.045Z] {"timestamp":1782775553488,"type":"xhr","method":"GET","url":"/api/dashboard/timeline?per_page=20&category=all","request":{"body":null},"response":{"status":500,"statusText":"Internal Server Error","body":""},"duration":5,"error":null}
[2026-06-29T23:25:55.500Z] {"timestamp":1782775554350,"type":"xhr","method":"GET","url":"/api/admin/conversas/fila/estatisticas","request":{"body":null},"response":{"status":200,"statusText":"OK","body":{"success":true,"data":{"mensagens_nao_lidas":99}}},"duration":4,"error":null}
[2026-06-29T23:25:55.500Z] {"timestamp":1782775554351,"type":"xhr","method":"GET","url":"/api/notifications/summary","request":{"body":null},"response":{"status":200,"statusText":"OK","body":{"unread":6}},"duration":4,"error":null}
[2026-06-29T23:25:58.401Z] {"timestamp":1782775557376,"type":"xhr","method":"GET","url":"/api/dashboard/timeline?per_page=20&category=all","request":{"body":null},"response":{"status":500,"statusText":"Internal Server Error","body":""},"duration":5,"error":null}
[2026-06-29T23:25:59.041Z] {"timestamp":1782775557499,"type":"xhr","method":"GET","url":"/api/dashboard/timeline?per_page=20&category=all","request":{"body":null},"response":{"status":500,"statusText":"Internal Server Error","body":""},"duration":5,"error":null}
[2026-06-29T23:26:00.815Z] {"timestamp":1782775559650,"type":"xhr","method":"GET","url":"/api/notifications/summary","request":{"body":null},"response":{"status":200,"statusText":"OK","body":{"unread":6}},"duration":3,"error":null}
[2026-06-29T23:26:00.815Z] {"timestamp":1782775559650,"type":"xhr","method":"GET","url":"/api/admin/conversas/fila/estatisticas","request":{"body":null},"response":{"status":200,"statusText":"OK","body":{"success":true,"data":{"mensagens_nao_lidas":99}}},"duration":4,"error":null}
[2026-06-29T23:26:01.503Z] {"timestamp":1782775561360,"type":"xhr","method":"GET","url":"/api/admin/conversas/fila/estatisticas","request":{"body":null},"response":{"status":200,"statusText":"OK","body":{"success":true,"data":{"mensagens_nao_lidas":99}}},"duration":3,"error":null}
[2026-06-29T23:26:01.503Z] {"timestamp":1782775561361,"type":"xhr","method":"GET","url":"/api/notifications/summary","request":{"body":null},"response":{"status":200,"statusText":"OK","body":{"unread":6}},"duration":3,"error":null}
[2026-06-29T23:26:06.816Z] {"timestamp":1782775566658,"type":"xhr","method":"GET","url":"/api/notifications/summary","request":{"body":null},"response":{"status":200,"statusText":"OK","body":{"unread":6}},"duration":3,"error":null}
[2026-06-29T23:26:06.816Z] {"timestamp":1782775566658,"type":"xhr","method":"GET","url":"/api/admin/conversas/fila/estatisticas","request":{"body":null},"response":{"status":200,"statusText":"OK","body":{"success":true,"data":{"mensagens_nao_lidas":99}}},"duration":4,"error":null}
[2026-06-29T23:26:09.495Z] {"timestamp":1782775568374,"type":"xhr","method":"GET","url":"/api/admin/conversas/fila/estatisticas","request":{"body":null},"response":{"status":200,"statusText":"OK","body":{"success":true,"data":{"mensagens_nao_lidas":99}}},"duration":3,"error":null}
[2026-06-29T23:26:09.495Z] {"timestamp":1782775568374,"type":"xhr","method":"GET","url":"/api/notifications/summary","request":{"body":null},"response":{"status":200,"statusText":"OK","body":{"unread":6}},"duration":4,"error":null}
[2026-06-29T23:26:14.827Z] {"timestamp":1782775573664,"type":"xhr","method":"GET","url":"/api/notifications/summary","request":{"body":null},"response":{"status":200,"statusText":"OK","body":{"unread":6}},"duration":4,"error":null}
[2026-06-29T23:26:14.827Z] {"timestamp":1782775573665,"type":"xhr","method":"GET","url":"/api/admin/conversas/fila/estatisticas","request":{"body":null},"response":{"status":200,"statusText":"OK","body":{"success":true,"data":{"mensagens_nao_lidas":99}}},"duration":4,"error":null}
[2026-06-29T23:26:15.496Z] {"timestamp":1782775575384,"type":"xhr","method":"GET","url":"/api/admin/conversas/fila/estatisticas","request":{"body":null},"response":{"status":200,"statusText":"OK","body":{"success":true,"data":{"mensagens_nao_lidas":99}}},"duration":4,"error":null}
[2026-06-29T23:26:15.496Z] {"timestamp":1782775575385,"type":"xhr","method":"GET","url":"/api/notifications/summary","request":{"body":null},"response":{"status":200,"statusText":"OK","body":{"unread":6}},"duration":3,"error":null}
[2026-06-29T23:26:20.826Z] {"timestamp":1782775580684,"type":"xhr","method":"GET","url":"/api/notifications/summary","request":{"body":null},"response":{"status":200,"statusText":"OK","body":{"unread":6}},"duration":4,"error":null}
[2026-06-29T23:26:20.826Z] {"timestamp":1782775580684,"type":"xhr","method":"GET","url":"/api/admin/conversas/fila/estatisticas","request":{"body":null},"response":{"status":200,"statusText":"OK","body":{"success":true,"data":{"mensagens_nao_lidas":99}}},"duration":4,"error":null}
[2026-06-29T23:26:23.494Z] {"timestamp":1782775582401,"type":"xhr","method":"GET","url":"/api/admin/conversas/fila/estatisticas","request":{"body":null},"response":{"status":200,"statusText":"OK","body":{"success":true,"data":{"mensagens_nao_lidas":99}}},"duration":3,"error":null}
[2026-06-29T23:26:23.494Z] {"timestamp":1782775582401,"type":"xhr","method":"GET","url":"/api/notifications/summary","request":{"body":null},"response":{"status":200,"statusText":"OK","body":{"unread":6}},"duration":4,"error":null}
[2026-06-29T23:26:28.822Z] {"timestamp":1782775587689,"type":"xhr","method":"GET","url":"/api/notifications/summary","request":{"body":null},"response":{"status":200,"statusText":"OK","body":{"unread":6}},"duration":4,"error":null}
[2026-06-29T23:26:28.822Z] {"timestamp":1782775587689,"type":"xhr","method":"GET","url":"/api/admin/conversas/fila/estatisticas","request":{"body":null},"response":{"status":200,"statusText":"OK","body":{"success":true,"data":{"mensagens_nao_lidas":99}}},"duration":5,"error":null}
[2026-06-29T23:26:29.492Z] {"timestamp":1782775589410,"type":"xhr","method":"GET","url":"/api/admin/conversas/fila/estatisticas","request":{"body":null},"response":{"status":200,"statusText":"OK","body":{"success":true,"data":{"mensagens_nao_lidas":99}}},"duration":4,"error":null}
[2026-06-29T23:26:29.492Z] {"timestamp":1782775589411,"type":"xhr","method":"GET","url":"/api/notifications/summary","request":{"body":null},"response":{"status":200,"statusText":"OK","body":{"unread":6}},"duration":4,"error":null}
[2026-06-29T23:26:34.824Z] {"timestamp":1782775594696,"type":"xhr","method":"GET","url":"/api/notifications/summary","request":{"body":null},"response":{"status":200,"statusText":"OK","body":{"unread":6}},"duration":4,"error":null}
[2026-06-29T23:26:34.824Z] {"timestamp":1782775594697,"type":"xhr","method":"GET","url":"/api/admin/conversas/fila/estatisticas","request":{"body":null},"response":{"status":200,"statusText":"OK","body":{"success":true,"data":{"mensagens_nao_lidas":99}}},"duration":4,"error":null}
[2026-06-29T23:26:37.496Z] {"timestamp":1782775596416,"type":"xhr","method":"GET","url":"/api/admin/conversas/fila/estatisticas","request":{"body":null},"response":{"status":200,"statusText":"OK","body":{"success":true,"data":{"mensagens_nao_lidas":99}}},"duration":6,"error":null}
[2026-06-29T23:26:37.496Z] {"timestamp":1782775596417,"type":"xhr","method":"GET","url":"/api/notifications/summary","request":{"body":null},"response":{"status":200,"statusText":"OK","body":{"unread":6}},"duration":6,"error":null}
[2026-06-29T23:26:42.826Z] {"timestamp":1782775601702,"type":"xhr","method":"GET","url":"/api/notifications/summary","request":{"body":null},"response":{"status":200,"statusText":"OK","body":{"unread":6}},"duration":4,"error":null}
[2026-06-29T23:26:42.826Z] {"timestamp":1782775601703,"type":"xhr","method":"GET","url":"/api/admin/conversas/fila/estatisticas","request":{"body":null},"response":{"status":200,"statusText":"OK","body":{"success":true,"data":{"mensagens_nao_lidas":99}}},"duration":4,"error":null}
[2026-06-29T23:26:43.495Z] {"timestamp":1782775603429,"type":"xhr","method":"GET","url":"/api/admin/conversas/fila/estatisticas","request":{"body":null},"response":{"status":200,"statusText":"OK","body":{"success":true,"data":{"mensagens_nao_lidas":99}}},"duration":4,"error":null}
[2026-06-29T23:26:43.495Z] {"timestamp":1782775603430,"type":"xhr","method":"GET","url":"/api/notifications/summary","request":{"body":null},"response":{"status":200,"statusText":"OK","body":{"unread":6}},"duration":3,"error":null}
[2026-06-29T23:26:46.404Z] {"timestamp":1782775606204,"type":"xhr","method":"GET","url":"/api/notifications/summary","request":{"body":null},"response":{"status":500,"statusText":"Internal Server Error","body":""},"duration":36,"error":null}
[2026-06-29T23:26:46.404Z] {"timestamp":1782775606205,"type":"xhr","method":"GET","url":"/api/admin/conversas/fila/estatisticas","request":{"body":null},"response":{"status":500,"statusText":"Internal Server Error","body":""},"duration":36,"error":null}
[2026-06-29T23:26:47.039Z] {"timestamp":1782775606204,"type":"xhr","method":"GET","url":"/api/notifications/summary","request":{"body":null},"response":{"status":500,"statusText":"Internal Server Error","body":""},"duration":37,"error":null}
[2026-06-29T23:26:47.039Z] {"timestamp":1782775606206,"type":"xhr","method":"GET","url":"/api/admin/conversas/fila/estatisticas","request":{"body":null},"response":{"status":500,"statusText":"Internal Server Error","body":""},"duration":37,"error":null}
[2026-06-29T23:26:48.825Z] {"timestamp":1782775608721,"type":"xhr","method":"GET","url":"/api/notifications/summary","request":{"body":null},"response":{"status":200,"statusText":"OK","body":{"unread":6}},"duration":5,"error":null}
[2026-06-29T23:26:48.825Z] {"timestamp":1782775608722,"type":"xhr","method":"GET","url":"/api/admin/conversas/fila/estatisticas","request":{"body":null},"response":{"status":200,"statusText":"OK","body":{"success":true,"data":{"mensagens_nao_lidas":99}}},"duration":4,"error":null}
[2026-06-29T23:26:51.493Z] {"timestamp":1782775610445,"type":"xhr","method":"GET","url":"/api/admin/conversas/fila/estatisticas","request":{"body":null},"response":{"status":200,"statusText":"OK","body":{"success":true,"data":{"mensagens_nao_lidas":99}}},"duration":5,"error":null}
[2026-06-29T23:26:51.493Z] {"timestamp":1782775610446,"type":"xhr","method":"GET","url":"/api/notifications/summary","request":{"body":null},"response":{"status":200,"statusText":"OK","body":{"unread":6}},"duration":4,"error":null}
[2026-06-29T23:26:56.822Z] {"timestamp":1782775615731,"type":"xhr","method":"GET","url":"/api/notifications/summary","request":{"body":null},"response":{"status":200,"statusText":"OK","body":{"unread":6}},"duration":3,"error":null}
[2026-06-29T23:26:56.822Z] {"timestamp":1782775615731,"type":"xhr","method":"GET","url":"/api/admin/conversas/fila/estatisticas","request":{"body":null},"response":{"status":200,"statusText":"OK","body":{"success":true,"data":{"mensagens_nao_lidas":99}}},"duration":4,"error":null}
[2026-06-29T23:26:57.498Z] {"timestamp":1782775617463,"type":"xhr","method":"GET","url":"/api/notifications/summary","request":{"body":null},"response":{"status":200,"statusText":"OK","body":{"unread":6}},"duration":3,"error":null}
[2026-06-29T23:26:57.498Z] {"timestamp":1782775617462,"type":"xhr","method":"GET","url":"/api/admin/conversas/fila/estatisticas","request":{"body":null},"response":{"status":200,"statusText":"OK","body":{"success":true,"data":{"mensagens_nao_lidas":99}}},"duration":5,"error":null}
[2026-06-29T23:26:58.408Z] {"timestamp":1782775617386,"type":"xhr","method":"GET","url":"/api/dashboard/timeline?per_page=20&category=all","request":{"body":null},"response":{"status":500,"statusText":"Internal Server Error","body":""},"duration":7,"error":null}
[2026-06-29T23:26:59.045Z] {"timestamp":1782775617510,"type":"xhr","method":"GET","url":"/api/dashboard/timeline?per_page=20&category=all","request":{"body":null},"response":{"status":500,"statusText":"Internal Server Error","body":""},"duration":15,"error":null}
[2026-06-29T23:26:59.045Z] {"timestamp":1782775618531,"type":"xhr","method":"GET","url":"/api/dashboard/timeline?per_page=20&category=all","request":{"body":null},"response":{"status":500,"statusText":"Internal Server Error","body":""},"duration":5,"error":null}
[2026-06-29T23:27:00.408Z] {"timestamp":1782775618405,"type":"xhr","method":"GET","url":"/api/dashboard/timeline?per_page=20&category=all","request":{"body":null},"response":{"status":500,"statusText":"Internal Server Error","body":""},"duration":7,"error":null}
[2026-06-29T23:27:01.038Z] {"timestamp":1782775620546,"type":"xhr","method":"GET","url":"/api/dashboard/timeline?per_page=20&category=all","request":{"body":null},"response":{"status":500,"statusText":"Internal Server Error","body":""},"duration":5,"error":null}
[2026-06-29T23:27:02.406Z] {"timestamp":1782775620421,"type":"xhr","method":"GET","url":"/api/dashboard/timeline?per_page=20&category=all","request":{"body":null},"response":{"status":500,"statusText":"Internal Server Error","body":""},"duration":6,"error":null}
[2026-06-29T23:27:02.825Z] {"timestamp":1782775622736,"type":"xhr","method":"GET","url":"/api/notifications/summary","request":{"body":null},"response":{"status":200,"statusText":"OK","body":{"unread":6}},"duration":5,"error":null}
[2026-06-29T23:27:02.825Z] {"timestamp":1782775622737,"type":"xhr","method":"GET","url":"/api/admin/conversas/fila/estatisticas","request":{"body":null},"response":{"status":200,"statusText":"OK","body":{"success":true,"data":{"mensagens_nao_lidas":99}}},"duration":4,"error":null}
[2026-06-29T23:27:05.044Z] {"timestamp":1782775624561,"type":"xhr","method":"GET","url":"/api/dashboard/timeline?per_page=20&category=all","request":{"body":null},"response":{"status":500,"statusText":"Internal Server Error","body":""},"duration":5,"error":null}
[2026-06-29T23:27:05.497Z] {"timestamp":1782775624469,"type":"xhr","method":"GET","url":"/api/notifications/summary","request":{"body":null},"response":{"status":200,"statusText":"OK","body":{"unread":6}},"duration":5,"error":null}
[2026-06-29T23:27:05.497Z] {"timestamp":1782775624470,"type":"xhr","method":"GET","url":"/api/admin/conversas/fila/estatisticas","request":{"body":null},"response":{"status":200,"statusText":"OK","body":{"success":true,"data":{"mensagens_nao_lidas":99}}},"duration":6,"error":null}
[2026-06-29T23:27:06.400Z] {"timestamp":1782775624439,"type":"xhr","method":"GET","url":"/api/dashboard/timeline?per_page=20&category=all","request":{"body":null},"response":{"status":500,"statusText":"Internal Server Error","body":""},"duration":7,"error":null}
[2026-06-29T23:27:10.816Z] {"timestamp":1782775629750,"type":"xhr","method":"GET","url":"/api/notifications/summary","request":{"body":null},"response":{"status":200,"statusText":"OK","body":{"unread":6}},"duration":6,"error":null}
[2026-06-29T23:27:10.816Z] {"timestamp":1782775629751,"type":"xhr","method":"GET","url":"/api/admin/conversas/fila/estatisticas","request":{"body":null},"response":{"status":200,"statusText":"OK","body":{"success":true,"data":{"mensagens_nao_lidas":99}}},"duration":6,"error":null}
[2026-06-29T23:27:13.490Z] {"timestamp":1782775631487,"type":"xhr","method":"GET","url":"/api/notifications/summary","request":{"body":null},"response":{"status":200,"statusText":"OK","body":{"unread":6}},"duration":5,"error":null}
[2026-06-29T23:27:13.490Z] {"timestamp":1782775631487,"type":"xhr","method":"GET","url":"/api/admin/conversas/fila/estatisticas","request":{"body":null},"response":{"status":200,"statusText":"OK","body":{"success":true,"data":{"mensagens_nao_lidas":99}}},"duration":5,"error":null}
[2026-06-29T23:27:16.823Z] {"timestamp":1782775636759,"type":"xhr","method":"GET","url":"/api/notifications/summary","request":{"body":null},"response":{"status":200,"statusText":"OK","body":{"unread":6}},"duration":4,"error":null}
[2026-06-29T23:27:16.823Z] {"timestamp":1782775636759,"type":"xhr","method":"GET","url":"/api/admin/conversas/fila/estatisticas","request":{"body":null},"response":{"status":200,"statusText":"OK","body":{"success":true,"data":{"mensagens_nao_lidas":99}}},"duration":4,"error":null}
[2026-06-29T23:27:19.489Z] {"timestamp":1782775638504,"type":"xhr","method":"GET","url":"/api/notifications/summary","request":{"body":null},"response":{"status":200,"statusText":"OK","body":{"unread":6}},"duration":6,"error":null}
[2026-06-29T23:27:19.489Z] {"timestamp":1782775638505,"type":"xhr","method":"GET","url":"/api/admin/conversas/fila/estatisticas","request":{"body":null},"response":{"status":200,"statusText":"OK","body":{"success":true,"data":{"mensagens_nao_lidas":99}}},"duration":7,"error":null}
[2026-06-29T23:27:24.818Z] {"timestamp":1782775643772,"type":"xhr","method":"GET","url":"/api/notifications/summary","request":{"body":null},"response":{"status":200,"statusText":"OK","body":{"unread":6}},"duration":4,"error":null}
[2026-06-29T23:27:24.818Z] {"timestamp":1782775643773,"type":"xhr","method":"GET","url":"/api/admin/conversas/fila/estatisticas","request":{"body":null},"response":{"status":200,"statusText":"OK","body":{"success":true,"data":{"mensagens_nao_lidas":99}}},"duration":4,"error":null}
[2026-06-29T23:27:27.498Z] {"timestamp":1782775645516,"type":"xhr","method":"GET","url":"/api/notifications/summary","request":{"body":null},"response":{"status":200,"statusText":"OK","body":{"unread":6}},"duration":3,"error":null}
[2026-06-29T23:27:27.498Z] {"timestamp":1782775645516,"type":"xhr","method":"GET","url":"/api/admin/conversas/fila/estatisticas","request":{"body":null},"response":{"status":200,"statusText":"OK","body":{"success":true,"data":{"mensagens_nao_lidas":99}}},"duration":4,"error":null}
[2026-06-29T23:27:30.822Z] {"timestamp":1782775650787,"type":"xhr","method":"GET","url":"/api/notifications/summary","request":{"body":null},"response":{"status":200,"statusText":"OK","body":{"unread":6}},"duration":4,"error":null}
[2026-06-29T23:27:30.822Z] {"timestamp":1782775650787,"type":"xhr","method":"GET","url":"/api/admin/conversas/fila/estatisticas","request":{"body":null},"response":{"status":200,"statusText":"OK","body":{"success":true,"data":{"mensagens_nao_lidas":99}}},"duration":4,"error":null}
[2026-06-29T23:27:33.494Z] {"timestamp":1782775652522,"type":"xhr","method":"GET","url":"/api/notifications/summary","request":{"body":null},"response":{"status":200,"statusText":"OK","body":{"unread":6}},"duration":3,"error":null}
[2026-06-29T23:27:33.494Z] {"timestamp":1782775652523,"type":"xhr","method":"GET","url":"/api/admin/conversas/fila/estatisticas","request":{"body":null},"response":{"status":200,"statusText":"OK","body":{"success":true,"data":{"mensagens_nao_lidas":99}}},"duration":3,"error":null}
[2026-06-29T23:27:38.824Z] {"timestamp":1782775657795,"type":"xhr","method":"GET","url":"/api/notifications/summary","request":{"body":null},"response":{"status":200,"statusText":"OK","body":{"unread":6}},"duration":4,"error":null}
[2026-06-29T23:27:38.824Z] {"timestamp":1782775657796,"type":"xhr","method":"GET","url":"/api/admin/conversas/fila/estatisticas","request":{"body":null},"response":{"status":200,"statusText":"OK","body":{"success":true,"data":{"mensagens_nao_lidas":99}}},"duration":3,"error":null}
[2026-06-29T23:27:41.489Z] {"timestamp":1782775659534,"type":"xhr","method":"GET","url":"/api/notifications/summary","request":{"body":null},"response":{"status":200,"statusText":"OK","body":{"unread":6}},"duration":4,"error":null}
[2026-06-29T23:27:41.489Z] {"timestamp":1782775659535,"type":"xhr","method":"GET","url":"/api/admin/conversas/fila/estatisticas","request":{"body":null},"response":{"status":200,"statusText":"OK","body":{"success":true,"data":{"mensagens_nao_lidas":99}}},"duration":4,"error":null}
[2026-06-29T23:27:46.824Z] {"timestamp":1782775664815,"type":"xhr","method":"GET","url":"/api/notifications/summary","request":{"body":null},"response":{"status":200,"statusText":"OK","body":{"unread":6}},"duration":3,"error":null}
[2026-06-29T23:27:46.824Z] {"timestamp":1782775664815,"type":"xhr","method":"GET","url":"/api/admin/conversas/fila/estatisticas","request":{"body":null},"response":{"status":200,"statusText":"OK","body":{"success":true,"data":{"mensagens_nao_lidas":99}}},"duration":4,"error":null}
[2026-06-29T23:27:47.042Z] {"timestamp":1782775666253,"type":"xhr","method":"GET","url":"/api/notifications/summary","request":{"body":null},"response":{"status":500,"statusText":"Internal Server Error","body":""},"duration":205,"error":null}
[2026-06-29T23:27:47.042Z] {"timestamp":1782775666254,"type":"xhr","method":"GET","url":"/api/admin/conversas/fila/estatisticas","request":{"body":null},"response":{"status":500,"statusText":"Internal Server Error","body":""},"duration":205,"error":null}
[2026-06-29T23:27:47.503Z] {"timestamp":1782775666550,"type":"xhr","method":"GET","url":"/api/notifications/summary","request":{"body":null},"response":{"status":200,"statusText":"OK","body":{"unread":6}},"duration":4,"error":null}
[2026-06-29T23:27:47.503Z] {"timestamp":1782775666550,"type":"xhr","method":"GET","url":"/api/admin/conversas/fila/estatisticas","request":{"body":null},"response":{"status":200,"statusText":"OK","body":{"success":true,"data":{"mensagens_nao_lidas":99}}},"duration":4,"error":null}
[2026-06-29T23:27:48.402Z] {"timestamp":1782775666253,"type":"xhr","method":"GET","url":"/api/notifications/summary","request":{"body":null},"response":{"status":500,"statusText":"Internal Server Error","body":""},"duration":205,"error":null}
[2026-06-29T23:27:48.402Z] {"timestamp":1782775666254,"type":"xhr","method":"GET","url":"/api/admin/conversas/fila/estatisticas","request":{"body":null},"response":{"status":500,"statusText":"Internal Server Error","body":""},"duration":205,"error":null}
[2026-06-29T23:27:52.814Z] {"timestamp":1782775671821,"type":"xhr","method":"GET","url":"/api/notifications/summary","request":{"body":null},"response":{"status":200,"statusText":"OK","body":{"unread":6}},"duration":5,"error":null}
[2026-06-29T23:27:52.814Z] {"timestamp":1782775671822,"type":"xhr","method":"GET","url":"/api/admin/conversas/fila/estatisticas","request":{"body":null},"response":{"status":200,"statusText":"OK","body":{"success":true,"data":{"mensagens_nao_lidas":99}}},"duration":6,"error":null}
[2026-06-29T23:27:55.500Z] {"timestamp":1782775673568,"type":"xhr","method":"GET","url":"/api/notifications/summary","request":{"body":null},"response":{"status":200,"statusText":"OK","body":{"unread":6}},"duration":4,"error":null}
[2026-06-29T23:27:55.500Z] {"timestamp":1782775673568,"type":"xhr","method":"GET","url":"/api/admin/conversas/fila/estatisticas","request":{"body":null},"response":{"status":200,"statusText":"OK","body":{"success":true,"data":{"mensagens_nao_lidas":99}}},"duration":4,"error":null}
[2026-06-29T23:28:00.819Z] {"timestamp":1782775678842,"type":"xhr","method":"GET","url":"/api/notifications/summary","request":{"body":null},"response":{"status":200,"statusText":"OK","body":{"unread":6}},"duration":3,"error":null}
[2026-06-29T23:28:00.819Z] {"timestamp":1782775678843,"type":"xhr","method":"GET","url":"/api/admin/conversas/fila/estatisticas","request":{"body":null},"response":{"status":200,"statusText":"OK","body":{"success":true,"data":{"mensagens_nao_lidas":99}}},"duration":3,"error":null}
[2026-06-29T23:28:01.497Z] {"timestamp":1782775680574,"type":"xhr","method":"GET","url":"/api/notifications/summary","request":{"body":null},"response":{"status":200,"statusText":"OK","body":{"unread":6}},"duration":6,"error":null}
[2026-06-29T23:28:01.497Z] {"timestamp":1782775680575,"type":"xhr","method":"GET","url":"/api/admin/conversas/fila/estatisticas","request":{"body":null},"response":{"status":200,"statusText":"OK","body":{"success":true,"data":{"mensagens_nao_lidas":99}}},"duration":5,"error":null}
[2026-06-29T23:28:05.039Z] {"timestamp":1782775684570,"type":"xhr","method":"GET","url":"/api/dashboard/timeline?per_page=20&category=all","request":{"body":null},"response":{"status":500,"statusText":"Internal Server Error","body":""},"duration":7,"error":null}
[2026-06-29T23:28:06.400Z] {"timestamp":1782775684452,"type":"xhr","method":"GET","url":"/api/dashboard/timeline?per_page=20&category=all","request":{"body":null},"response":{"status":500,"statusText":"Internal Server Error","body":""},"duration":10,"error":null}
[2026-06-29T23:28:06.400Z] {"timestamp":1782775685466,"type":"xhr","method":"GET","url":"/api/dashboard/timeline?per_page=20&category=all","request":{"body":null},"response":{"status":500,"statusText":"Internal Server Error","body":""},"duration":5,"error":null}
[2026-06-29T23:28:06.819Z] {"timestamp":1782775685857,"type":"xhr","method":"GET","url":"/api/notifications/summary","request":{"body":null},"response":{"status":200,"statusText":"OK","body":{"unread":6}},"duration":4,"error":null}
[2026-06-29T23:28:06.819Z] {"timestamp":1782775685858,"type":"xhr","method":"GET","url":"/api/admin/conversas/fila/estatisticas","request":{"body":null},"response":{"status":200,"statusText":"OK","body":{"success":true,"data":{"mensagens_nao_lidas":99}}},"duration":4,"error":null}
[2026-06-29T23:28:07.038Z] {"timestamp":1782775685581,"type":"xhr","method":"GET","url":"/api/dashboard/timeline?per_page=20&category=all","request":{"body":null},"response":{"status":500,"statusText":"Internal Server Error","body":""},"duration":4,"error":null}
[2026-06-29T23:28:08.404Z] {"timestamp":1782775687475,"type":"xhr","method":"GET","url":"/api/dashboard/timeline?per_page=20&category=all","request":{"body":null},"response":{"status":500,"statusText":"Internal Server Error","body":""},"duration":4,"error":null}
[2026-06-29T23:28:09.036Z] {"timestamp":1782775687600,"type":"xhr","method":"GET","url":"/api/dashboard/timeline?per_page=20&category=all","request":{"body":null},"response":{"status":500,"statusText":"Internal Server Error","body":""},"duration":5,"error":null}
[2026-06-29T23:28:09.502Z] {"timestamp":1782775687585,"type":"xhr","method":"GET","url":"/api/notifications/summary","request":{"body":null},"response":{"status":200,"statusText":"OK","body":{"unread":6}},"duration":3,"error":null}
[2026-06-29T23:28:09.502Z] {"timestamp":1782775687585,"type":"xhr","method":"GET","url":"/api/admin/conversas/fila/estatisticas","request":{"body":null},"response":{"status":200,"statusText":"OK","body":{"success":true,"data":{"mensagens_nao_lidas":99}}},"duration":4,"error":null}
[2026-06-29T23:28:12.410Z] {"timestamp":1782775691491,"type":"xhr","method":"GET","url":"/api/dashboard/timeline?per_page=20&category=all","request":{"body":null},"response":{"status":500,"statusText":"Internal Server Error","body":""},"duration":5,"error":null}
[2026-06-29T23:28:13.037Z] {"timestamp":1782775691615,"type":"xhr","method":"GET","url":"/api/dashboard/timeline?per_page=20&category=all","request":{"body":null},"response":{"status":500,"statusText":"Internal Server Error","body":""},"duration":5,"error":null}
[2026-06-29T23:28:14.820Z] {"timestamp":1782775692877,"type":"xhr","method":"GET","url":"/api/notifications/summary","request":{"body":null},"response":{"status":200,"statusText":"OK","body":{"unread":6}},"duration":3,"error":null}
[2026-06-29T23:28:14.820Z] {"timestamp":1782775692877,"type":"xhr","method":"GET","url":"/api/admin/conversas/fila/estatisticas","request":{"body":null},"response":{"status":200,"statusText":"OK","body":{"success":true,"data":{"mensagens_nao_lidas":99}}},"duration":4,"error":null}
[2026-06-29T23:28:15.502Z] {"timestamp":1782775694598,"type":"xhr","method":"GET","url":"/api/notifications/summary","request":{"body":null},"response":{"status":200,"statusText":"OK","body":{"unread":6}},"duration":5,"error":null}
[2026-06-29T23:28:15.502Z] {"timestamp":1782775694598,"type":"xhr","method":"GET","url":"/api/admin/conversas/fila/estatisticas","request":{"body":null},"response":{"status":200,"statusText":"OK","body":{"success":true,"data":{"mensagens_nao_lidas":99}}},"duration":5,"error":null}
[2026-06-29T23:28:20.814Z] {"timestamp":1782775699892,"type":"xhr","method":"GET","url":"/api/notifications/summary","request":{"body":null},"response":{"status":200,"statusText":"OK","body":{"unread":6}},"duration":4,"error":null}
[2026-06-29T23:28:20.814Z] {"timestamp":1782775699892,"type":"xhr","method":"GET","url":"/api/admin/conversas/fila/estatisticas","request":{"body":null},"response":{"status":200,"statusText":"OK","body":{"success":true,"data":{"mensagens_nao_lidas":99}}},"duration":4,"error":null}
[2026-06-29T23:28:23.498Z] {"timestamp":1782775701606,"type":"xhr","method":"GET","url":"/api/notifications/summary","request":{"body":null},"response":{"status":200,"statusText":"OK","body":{"unread":6}},"duration":5,"error":null}
[2026-06-29T23:28:23.498Z] {"timestamp":1782775701607,"type":"xhr","method":"GET","url":"/api/admin/conversas/fila/estatisticas","request":{"body":null},"response":{"status":200,"statusText":"OK","body":{"success":true,"data":{"mensagens_nao_lidas":99}}},"duration":4,"error":null}
[2026-06-29T23:28:28.829Z] {"timestamp":1782775706897,"type":"xhr","method":"GET","url":"/api/notifications/summary","request":{"body":null},"response":{"status":200,"statusText":"OK","body":{"unread":6}},"duration":4,"error":null}
[2026-06-29T23:28:28.829Z] {"timestamp":1782775706897,"type":"xhr","method":"GET","url":"/api/admin/conversas/fila/estatisticas","request":{"body":null},"response":{"status":200,"statusText":"OK","body":{"success":true,"data":{"mensagens_nao_lidas":99}}},"duration":4,"error":null}
[2026-06-29T23:28:29.504Z] {"timestamp":1782775708619,"type":"xhr","method":"GET","url":"/api/notifications/summary","request":{"body":null},"response":{"status":200,"statusText":"OK","body":{"unread":6}},"duration":3,"error":null}
[2026-06-29T23:28:29.504Z] {"timestamp":1782775708620,"type":"xhr","method":"GET","url":"/api/admin/conversas/fila/estatisticas","request":{"body":null},"response":{"status":200,"statusText":"OK","body":{"success":true,"data":{"mensagens_nao_lidas":99}}},"duration":3,"error":null}
[2026-06-29T23:28:34.815Z] {"timestamp":1782775713909,"type":"xhr","method":"GET","url":"/api/notifications/summary","request":{"body":null},"response":{"status":200,"statusText":"OK","body":{"unread":6}},"duration":4,"error":null}
[2026-06-29T23:28:34.815Z] {"timestamp":1782775713909,"type":"xhr","method":"GET","url":"/api/admin/conversas/fila/estatisticas","request":{"body":null},"response":{"status":200,"statusText":"OK","body":{"success":true,"data":{"mensagens_nao_lidas":99}}},"duration":4,"error":null}
[2026-06-29T23:28:37.503Z] {"timestamp":1782775715629,"type":"xhr","method":"GET","url":"/api/notifications/summary","request":{"body":null},"response":{"status":200,"statusText":"OK","body":{"unread":6}},"duration":5,"error":null}
[2026-06-29T23:28:37.503Z] {"timestamp":1782775715629,"type":"xhr","method":"GET","url":"/api/admin/conversas/fila/estatisticas","request":{"body":null},"response":{"status":200,"statusText":"OK","body":{"success":true,"data":{"mensagens_nao_lidas":99}}},"duration":5,"error":null}
[2026-06-29T23:28:42.817Z] {"timestamp":1782775720917,"type":"xhr","method":"GET","url":"/api/admin/conversas/fila/estatisticas","request":{"body":null},"response":{"status":200,"statusText":"OK","body":{"success":true,"data":{"mensagens_nao_lidas":99}}},"duration":4,"error":null}
[2026-06-29T23:28:42.817Z] {"timestamp":1782775720917,"type":"xhr","method":"GET","url":"/api/notifications/summary","request":{"body":null},"response":{"status":200,"statusText":"OK","body":{"unread":6}},"duration":4,"error":null}
[2026-06-29T23:28:43.499Z] {"timestamp":1782775722649,"type":"xhr","method":"GET","url":"/api/notifications/summary","request":{"body":null},"response":{"status":200,"statusText":"OK","body":{"unread":6}},"duration":4,"error":null}
[2026-06-29T23:28:43.499Z] {"timestamp":1782775722649,"type":"xhr","method":"GET","url":"/api/admin/conversas/fila/estatisticas","request":{"body":null},"response":{"status":200,"statusText":"OK","body":{"success":true,"data":{"mensagens_nao_lidas":99}}},"duration":5,"error":null}
[2026-06-29T23:28:47.033Z] {"timestamp":1782775726475,"type":"xhr","method":"GET","url":"/api/notifications/summary","request":{"body":null},"response":{"status":500,"statusText":"Internal Server Error","body":""},"duration":7,"error":null}
[2026-06-29T23:28:47.033Z] {"timestamp":1782775726475,"type":"xhr","method":"GET","url":"/api/admin/conversas/fila/estatisticas","request":{"body":null},"response":{"status":500,"statusText":"Internal Server Error","body":""},"duration":7,"error":null}
[2026-06-29T23:28:48.401Z] {"timestamp":1782775726459,"type":"xhr","method":"GET","url":"/api/notifications/summary","request":{"body":null},"response":{"status":500,"statusText":"Internal Server Error","body":""},"duration":8,"error":null}
[2026-06-29T23:28:48.402Z] {"timestamp":1782775726460,"type":"xhr","method":"GET","url":"/api/admin/conversas/fila/estatisticas","request":{"body":null},"response":{"status":500,"statusText":"Internal Server Error","body":""},"duration":7,"error":null}
[2026-06-29T23:28:48.818Z] {"timestamp":1782775727928,"type":"xhr","method":"GET","url":"/api/admin/conversas/fila/estatisticas","request":{"body":null},"response":{"status":200,"statusText":"OK","body":{"success":true,"data":{"mensagens_nao_lidas":99}}},"duration":4,"error":null}
[2026-06-29T23:28:48.818Z] {"timestamp":1782775727929,"type":"xhr","method":"GET","url":"/api/notifications/summary","request":{"body":null},"response":{"status":200,"statusText":"OK","body":{"unread":6}},"duration":3,"error":null}
[2026-06-29T23:28:51.489Z] {"timestamp":1782775729658,"type":"xhr","method":"GET","url":"/api/notifications/summary","request":{"body":null},"response":{"status":200,"statusText":"OK","body":{"unread":6}},"duration":5,"error":null}
[2026-06-29T23:28:51.489Z] {"timestamp":1782775729659,"type":"xhr","method":"GET","url":"/api/admin/conversas/fila/estatisticas","request":{"body":null},"response":{"status":200,"statusText":"OK","body":{"success":true,"data":{"mensagens_nao_lidas":99}}},"duration":4,"error":null}
[2026-06-29T23:28:56.823Z] {"timestamp":1782775734934,"type":"xhr","method":"GET","url":"/api/admin/conversas/fila/estatisticas","request":{"body":null},"response":{"status":200,"statusText":"OK","body":{"success":true,"data":{"mensagens_nao_lidas":99}}},"duration":5,"error":null}
[2026-06-29T23:28:56.823Z] {"timestamp":1782775734934,"type":"xhr","method":"GET","url":"/api/notifications/summary","request":{"body":null},"response":{"status":200,"statusText":"OK","body":{"unread":6}},"duration":5,"error":null}
[2026-06-29T23:28:57.494Z] {"timestamp":1782775736667,"type":"xhr","method":"GET","url":"/api/notifications/summary","request":{"body":null},"response":{"status":200,"statusText":"OK","body":{"unread":6}},"duration":3,"error":null}
[2026-06-29T23:28:57.494Z] {"timestamp":1782775736668,"type":"xhr","method":"GET","url":"/api/admin/conversas/fila/estatisticas","request":{"body":null},"response":{"status":200,"statusText":"OK","body":{"success":true,"data":{"mensagens_nao_lidas":99}}},"duration":3,"error":null}
[2026-06-29T23:29:02.824Z] {"timestamp":1782775741944,"type":"xhr","method":"GET","url":"/api/admin/conversas/fila/estatisticas","request":{"body":null},"response":{"status":200,"statusText":"OK","body":{"success":true,"data":{"mensagens_nao_lidas":99}}},"duration":4,"error":null}
[2026-06-29T23:29:02.825Z] {"timestamp":1782775741945,"type":"xhr","method":"GET","url":"/api/notifications/summary","request":{"body":null},"response":{"status":200,"statusText":"OK","body":{"unread":6}},"duration":3,"error":null}
[2026-06-29T23:29:05.492Z] {"timestamp":1782775743686,"type":"xhr","method":"GET","url":"/api/notifications/summary","request":{"body":null},"response":{"status":200,"statusText":"OK","body":{"unread":6}},"duration":4,"error":null}
[2026-06-29T23:29:05.492Z] {"timestamp":1782775743686,"type":"xhr","method":"GET","url":"/api/admin/conversas/fila/estatisticas","request":{"body":null},"response":{"status":200,"statusText":"OK","body":{"success":true,"data":{"mensagens_nao_lidas":99}}},"duration":5,"error":null}
[2026-06-29T23:29:10.824Z] {"timestamp":1782775748964,"type":"xhr","method":"GET","url":"/api/admin/conversas/fila/estatisticas","request":{"body":null},"response":{"status":200,"statusText":"OK","body":{"success":true,"data":{"mensagens_nao_lidas":99}}},"duration":3,"error":null}
[2026-06-29T23:29:10.824Z] {"timestamp":1782775748964,"type":"xhr","method":"GET","url":"/api/notifications/summary","request":{"body":null},"response":{"status":200,"statusText":"OK","body":{"unread":6}},"duration":4,"error":null}
[2026-06-29T23:29:11.488Z] {"timestamp":1782775750698,"type":"xhr","method":"GET","url":"/api/notifications/summary","request":{"body":null},"response":{"status":200,"statusText":"OK","body":{"unread":6}},"duration":3,"error":null}
[2026-06-29T23:29:11.488Z] {"timestamp":1782775750698,"type":"xhr","method":"GET","url":"/api/admin/conversas/fila/estatisticas","request":{"body":null},"response":{"status":200,"statusText":"OK","body":{"success":true,"data":{"mensagens_nao_lidas":99}}},"duration":4,"error":null}
[2026-06-29T23:29:12.405Z] {"timestamp":1782775751501,"type":"xhr","method":"GET","url":"/api/dashboard/timeline?per_page=20&category=all","request":{"body":null},"response":{"status":500,"statusText":"Internal Server Error","body":""},"duration":8,"error":null}
[2026-06-29T23:29:13.044Z] {"timestamp":1782775751627,"type":"xhr","method":"GET","url":"/api/dashboard/timeline?per_page=20&category=all","request":{"body":null},"response":{"status":500,"statusText":"Internal Server Error","body":""},"duration":7,"error":null}
[2026-06-29T23:29:13.044Z] {"timestamp":1782775752638,"type":"xhr","method":"GET","url":"/api/dashboard/timeline?per_page=20&category=all","request":{"body":null},"response":{"status":500,"statusText":"Internal Server Error","body":""},"duration":5,"error":null}
[2026-06-29T23:29:14.402Z] {"timestamp":1782775752513,"type":"xhr","method":"GET","url":"/api/dashboard/timeline?per_page=20&category=all","request":{"body":null},"response":{"status":500,"statusText":"Internal Server Error","body":""},"duration":12,"error":null}
[2026-06-29T23:29:15.034Z] {"timestamp":1782775754649,"type":"xhr","method":"GET","url":"/api/dashboard/timeline?per_page=20&category=all","request":{"body":null},"response":{"status":500,"statusText":"Internal Server Error","body":""},"duration":5,"error":null}
[2026-06-29T23:29:16.410Z] {"timestamp":1782775754531,"type":"xhr","method":"GET","url":"/api/dashboard/timeline?per_page=20&category=all","request":{"body":null},"response":{"status":500,"statusText":"Internal Server Error","body":""},"duration":4,"error":null}
[2026-06-29T23:29:16.816Z] {"timestamp":1782775755978,"type":"xhr","method":"GET","url":"/api/admin/conversas/fila/estatisticas","request":{"body":null},"response":{"status":200,"statusText":"OK","body":{"success":true,"data":{"mensagens_nao_lidas":99}}},"duration":4,"error":null}
[2026-06-29T23:29:16.816Z] {"timestamp":1782775755979,"type":"xhr","method":"GET","url":"/api/notifications/summary","request":{"body":null},"response":{"status":200,"statusText":"OK","body":{"unread":6}},"duration":4,"error":null}
[2026-06-29T23:29:19.038Z] {"timestamp":1782775758662,"type":"xhr","method":"GET","url":"/api/dashboard/timeline?per_page=20&category=all","request":{"body":null},"response":{"status":500,"statusText":"Internal Server Error","body":""},"duration":4,"error":null}
[2026-06-29T23:29:19.499Z] {"timestamp":1782775757712,"type":"xhr","method":"GET","url":"/api/notifications/summary","request":{"body":null},"response":{"status":200,"statusText":"OK","body":{"unread":6}},"duration":4,"error":null}
[2026-06-29T23:29:19.499Z] {"timestamp":1782775757713,"type":"xhr","method":"GET","url":"/api/admin/conversas/fila/estatisticas","request":{"body":null},"response":{"status":200,"statusText":"OK","body":{"success":true,"data":{"mensagens_nao_lidas":99}}},"duration":4,"error":null}
[2026-06-29T23:29:20.400Z] {"timestamp":1782775758538,"type":"xhr","method":"GET","url":"/api/dashboard/timeline?per_page=20&category=all","request":{"body":null},"response":{"status":500,"statusText":"Internal Server Error","body":""},"duration":5,"error":null}
[2026-06-29T23:29:24.818Z] {"timestamp":1782775762989,"type":"xhr","method":"GET","url":"/api/admin/conversas/fila/estatisticas","request":{"body":null},"response":{"status":200,"statusText":"OK","body":{"success":true,"data":{"mensagens_nao_lidas":99}}},"duration":3,"error":null}
[2026-06-29T23:29:24.818Z] {"timestamp":1782775762990,"type":"xhr","method":"GET","url":"/api/notifications/summary","request":{"body":null},"response":{"status":200,"statusText":"OK","body":{"unread":6}},"duration":3,"error":null}
[2026-06-29T23:29:25.496Z] {"timestamp":1782775764728,"type":"xhr","method":"GET","url":"/api/notifications/summary","request":{"body":null},"response":{"status":200,"statusText":"OK","body":{"unread":6}},"duration":3,"error":null}
[2026-06-29T23:29:25.496Z] {"timestamp":1782775764728,"type":"xhr","method":"GET","url":"/api/admin/conversas/fila/estatisticas","request":{"body":null},"response":{"status":200,"statusText":"OK","body":{"success":true,"data":{"mensagens_nao_lidas":99}}},"duration":4,"error":null}
[2026-06-29T23:29:30.815Z] {"timestamp":1782775769993,"type":"xhr","method":"GET","url":"/api/admin/conversas/fila/estatisticas","request":{"body":null},"response":{"status":200,"statusText":"OK","body":{"success":true,"data":{"mensagens_nao_lidas":99}}},"duration":4,"error":null}
[2026-06-29T23:29:30.816Z] {"timestamp":1782775769994,"type":"xhr","method":"GET","url":"/api/notifications/summary","request":{"body":null},"response":{"status":200,"statusText":"OK","body":{"unread":6}},"duration":4,"error":null}
[2026-06-29T23:29:33.498Z] {"timestamp":1782775771744,"type":"xhr","method":"GET","url":"/api/notifications/summary","request":{"body":null},"response":{"status":200,"statusText":"OK","body":{"unread":6}},"duration":4,"error":null}
[2026-06-29T23:29:33.498Z] {"timestamp":1782775771744,"type":"xhr","method":"GET","url":"/api/admin/conversas/fila/estatisticas","request":{"body":null},"response":{"status":200,"statusText":"OK","body":{"success":true,"data":{"mensagens_nao_lidas":99}}},"duration":4,"error":null}
[2026-06-29T23:29:38.821Z] {"timestamp":1782775777001,"type":"xhr","method":"GET","url":"/api/admin/conversas/fila/estatisticas","request":{"body":null},"response":{"status":200,"statusText":"OK","body":{"success":true,"data":{"mensagens_nao_lidas":99}}},"duration":4,"error":null}
[2026-06-29T23:29:38.821Z] {"timestamp":1782775777001,"type":"xhr","method":"GET","url":"/api/notifications/summary","request":{"body":null},"response":{"status":200,"statusText":"OK","body":{"unread":6}},"duration":5,"error":null}
[2026-06-29T23:29:39.490Z] {"timestamp":1782775778754,"type":"xhr","method":"GET","url":"/api/notifications/summary","request":{"body":null},"response":{"status":200,"statusText":"OK","body":{"unread":6}},"duration":5,"error":null}
[2026-06-29T23:29:39.490Z] {"timestamp":1782775778755,"type":"xhr","method":"GET","url":"/api/admin/conversas/fila/estatisticas","request":{"body":null},"response":{"status":200,"statusText":"OK","body":{"success":true,"data":{"mensagens_nao_lidas":99}}},"duration":4,"error":null}
[2026-06-29T23:29:44.813Z] {"timestamp":1782775784017,"type":"xhr","method":"GET","url":"/api/admin/conversas/fila/estatisticas","request":{"body":null},"response":{"status":200,"statusText":"OK","body":{"success":true,"data":{"mensagens_nao_lidas":99}}},"duration":5,"error":null}
[2026-06-29T23:29:44.813Z] {"timestamp":1782775784018,"type":"xhr","method":"GET","url":"/api/notifications/summary","request":{"body":null},"response":{"status":200,"statusText":"OK","body":{"unread":6}},"duration":5,"error":null}
[2026-06-29T23:29:47.033Z] {"timestamp":1782775786484,"type":"xhr","method":"GET","url":"/api/notifications/summary","request":{"body":null},"response":{"status":500,"statusText":"Internal Server Error","body":""},"duration":7,"error":null}
[2026-06-29T23:29:47.033Z] {"timestamp":1782775786484,"type":"xhr","method":"GET","url":"/api/admin/conversas/fila/estatisticas","request":{"body":null},"response":{"status":500,"statusText":"Internal Server Error","body":""},"duration":7,"error":null}
[2026-06-29T23:29:47.497Z] {"timestamp":1782775785763,"type":"xhr","method":"GET","url":"/api/notifications/summary","request":{"body":null},"response":{"status":200,"statusText":"OK","body":{"unread":6}},"duration":4,"error":null}
[2026-06-29T23:29:47.497Z] {"timestamp":1782775785764,"type":"xhr","method":"GET","url":"/api/admin/conversas/fila/estatisticas","request":{"body":null},"response":{"status":200,"statusText":"OK","body":{"success":true,"data":{"mensagens_nao_lidas":99}}},"duration":3,"error":null}
[2026-06-29T23:29:48.399Z] {"timestamp":1782775786469,"type":"xhr","method":"GET","url":"/api/notifications/summary","request":{"body":null},"response":{"status":500,"statusText":"Internal Server Error","body":""},"duration":8,"error":null}
[2026-06-29T23:29:48.399Z] {"timestamp":1782775786469,"type":"xhr","method":"GET","url":"/api/admin/conversas/fila/estatisticas","request":{"body":null},"response":{"status":500,"statusText":"Internal Server Error","body":""},"duration":9,"error":null}
[2026-06-29T23:29:52.825Z] {"timestamp":1782775791036,"type":"xhr","method":"GET","url":"/api/admin/conversas/fila/estatisticas","request":{"body":null},"response":{"status":200,"statusText":"OK","body":{"success":true,"data":{"mensagens_nao_lidas":99}}},"duration":4,"error":null}
[2026-06-29T23:29:52.825Z] {"timestamp":1782775791036,"type":"xhr","method":"GET","url":"/api/notifications/summary","request":{"body":null},"response":{"status":200,"statusText":"OK","body":{"unread":6}},"duration":4,"error":null}
[2026-06-29T23:29:53.493Z] {"timestamp":1782775792775,"type":"xhr","method":"GET","url":"/api/notifications/summary","request":{"body":null},"response":{"status":200,"statusText":"OK","body":{"unread":6}},"duration":3,"error":null}
[2026-06-29T23:29:53.493Z] {"timestamp":1782775792775,"type":"xhr","method":"GET","url":"/api/admin/conversas/fila/estatisticas","request":{"body":null},"response":{"status":200,"statusText":"OK","body":{"success":true,"data":{"mensagens_nao_lidas":99}}},"duration":4,"error":null}
[2026-06-29T23:29:58.830Z] {"timestamp":1782775798049,"type":"xhr","method":"GET","url":"/api/admin/conversas/fila/estatisticas","request":{"body":null},"response":{"status":200,"statusText":"OK","body":{"success":true,"data":{"mensagens_nao_lidas":99}}},"duration":3,"error":null}
[2026-06-29T23:29:58.830Z] {"timestamp":1782775798049,"type":"xhr","method":"GET","url":"/api/notifications/summary","request":{"body":null},"response":{"status":200,"statusText":"OK","body":{"unread":6}},"duration":5,"error":null}
[2026-06-29T23:30:01.502Z] {"timestamp":1782775799784,"type":"xhr","method":"GET","url":"/api/notifications/summary","request":{"body":null},"response":{"status":200,"statusText":"OK","body":{"unread":6}},"duration":4,"error":null}
[2026-06-29T23:30:01.502Z] {"timestamp":1782775799785,"type":"xhr","method":"GET","url":"/api/admin/conversas/fila/estatisticas","request":{"body":null},"response":{"status":200,"statusText":"OK","body":{"success":true,"data":{"mensagens_nao_lidas":99}}},"duration":3,"error":null}
[2026-06-29T23:30:06.818Z] {"timestamp":1782775805065,"type":"xhr","method":"GET","url":"/api/admin/conversas/fila/estatisticas","request":{"body":null},"response":{"status":200,"statusText":"OK","body":{"success":true,"data":{"mensagens_nao_lidas":99}}},"duration":4,"error":null}
[2026-06-29T23:30:06.818Z] {"timestamp":1782775805065,"type":"xhr","method":"GET","url":"/api/notifications/summary","request":{"body":null},"response":{"status":200,"statusText":"OK","body":{"unread":6}},"duration":5,"error":null}
[2026-06-29T23:30:07.499Z] {"timestamp":1782775806799,"type":"xhr","method":"GET","url":"/api/notifications/summary","request":{"body":null},"response":{"status":200,"statusText":"OK","body":{"unread":6}},"duration":5,"error":null}
[2026-06-29T23:30:07.499Z] {"timestamp":1782775806799,"type":"xhr","method":"GET","url":"/api/admin/conversas/fila/estatisticas","request":{"body":null},"response":{"status":200,"statusText":"OK","body":{"success":true,"data":{"mensagens_nao_lidas":99}}},"duration":5,"error":null}
[2026-06-29T23:30:12.815Z] {"timestamp":1782775812082,"type":"xhr","method":"GET","url":"/api/admin/conversas/fila/estatisticas","request":{"body":null},"response":{"status":200,"statusText":"OK","body":{"success":true,"data":{"mensagens_nao_lidas":99}}},"duration":6,"error":null}
[2026-06-29T23:30:12.815Z] {"timestamp":1782775812083,"type":"xhr","method":"GET","url":"/api/notifications/summary","request":{"body":null},"response":{"status":200,"statusText":"OK","body":{"unread":6}},"duration":6,"error":null}
[2026-06-29T23:30:15.491Z] {"timestamp":1782775813818,"type":"xhr","method":"GET","url":"/api/notifications/summary","request":{"body":null},"response":{"status":200,"statusText":"OK","body":{"unread":6}},"duration":4,"error":null}
[2026-06-29T23:30:15.491Z] {"timestamp":1782775813819,"type":"xhr","method":"GET","url":"/api/admin/conversas/fila/estatisticas","request":{"body":null},"response":{"status":200,"statusText":"OK","body":{"success":true,"data":{"mensagens_nao_lidas":99}}},"duration":4,"error":null}
[2026-06-29T23:30:19.037Z] {"timestamp":1782775818681,"type":"xhr","method":"GET","url":"/api/dashboard/timeline?per_page=20&category=all","request":{"body":null},"response":{"status":500,"statusText":"Internal Server Error","body":""},"duration":7,"error":null}
[2026-06-29T23:30:20.403Z] {"timestamp":1782775818557,"type":"xhr","method":"GET","url":"/api/dashboard/timeline?per_page=20&category=all","request":{"body":null},"response":{"status":500,"statusText":"Internal Server Error","body":""},"duration":8,"error":null}
[2026-06-29T23:30:20.403Z] {"timestamp":1782775819579,"type":"xhr","method":"GET","url":"/api/dashboard/timeline?per_page=20&category=all","request":{"body":null},"response":{"status":500,"statusText":"Internal Server Error","body":""},"duration":5,"error":null}
[2026-06-29T23:30:20.822Z] {"timestamp":1782775819097,"type":"xhr","method":"GET","url":"/api/admin/conversas/fila/estatisticas","request":{"body":null},"response":{"status":200,"statusText":"OK","body":{"success":true,"data":{"mensagens_nao_lidas":99}}},"duration":4,"error":null}
[2026-06-29T23:30:20.822Z] {"timestamp":1782775819097,"type":"xhr","method":"GET","url":"/api/notifications/summary","request":{"body":null},"response":{"status":200,"statusText":"OK","body":{"unread":6}},"duration":5,"error":null}
[2026-06-29T23:30:21.037Z] {"timestamp":1782775819704,"type":"xhr","method":"GET","url":"/api/dashboard/timeline?per_page=20&category=all","request":{"body":null},"response":{"status":500,"statusText":"Internal Server Error","body":""},"duration":5,"error":null}
[2026-06-29T23:30:21.489Z] {"timestamp":1782775820834,"type":"xhr","method":"GET","url":"/api/notifications/summary","request":{"body":null},"response":{"status":200,"statusText":"OK","body":{"unread":6}},"duration":5,"error":null}
[2026-06-29T23:30:21.489Z] {"timestamp":1782775820835,"type":"xhr","method":"GET","url":"/api/admin/conversas/fila/estatisticas","request":{"body":null},"response":{"status":200,"statusText":"OK","body":{"success":true,"data":{"mensagens_nao_lidas":99}}},"duration":4,"error":null}
[2026-06-29T23:30:22.406Z] {"timestamp":1782775821596,"type":"xhr","method":"GET","url":"/api/dashboard/timeline?per_page=20&category=all","request":{"body":null},"response":{"status":500,"statusText":"Internal Server Error","body":""},"duration":4,"error":null}
[2026-06-29T23:30:23.042Z] {"timestamp":1782775821720,"type":"xhr","method":"GET","url":"/api/dashboard/timeline?per_page=20&category=all","request":{"body":null},"response":{"status":500,"statusText":"Internal Server Error","body":""},"duration":5,"error":null}
[2026-06-29T23:30:26.404Z] {"timestamp":1782775825607,"type":"xhr","method":"GET","url":"/api/dashboard/timeline?per_page=20&category=all","request":{"body":null},"response":{"status":500,"statusText":"Internal Server Error","body":""},"duration":5,"error":null}
[2026-06-29T23:30:26.827Z] {"timestamp":1782775826104,"type":"xhr","method":"GET","url":"/api/admin/conversas/fila/estatisticas","request":{"body":null},"response":{"status":200,"statusText":"OK","body":{"success":true,"data":{"mensagens_nao_lidas":99}}},"duration":5,"error":null}
[2026-06-29T23:30:26.827Z] {"timestamp":1782775826104,"type":"xhr","method":"GET","url":"/api/notifications/summary","request":{"body":null},"response":{"status":200,"statusText":"OK","body":{"unread":6}},"duration":5,"error":null}
[2026-06-29T23:30:27.038Z] {"timestamp":1782775825731,"type":"xhr","method":"GET","url":"/api/dashboard/timeline?per_page=20&category=all","request":{"body":null},"response":{"status":500,"statusText":"Internal Server Error","body":""},"duration":5,"error":null}
[2026-06-29T23:30:29.501Z] {"timestamp":1782775827842,"type":"xhr","method":"GET","url":"/api/notifications/summary","request":{"body":null},"response":{"status":200,"statusText":"OK","body":{"unread":6}},"duration":4,"error":null}
[2026-06-29T23:30:29.501Z] {"timestamp":1782775827843,"type":"xhr","method":"GET","url":"/api/admin/conversas/fila/estatisticas","request":{"body":null},"response":{"status":200,"statusText":"OK","body":{"success":true,"data":{"mensagens_nao_lidas":99}}},"duration":4,"error":null}
[2026-06-29T23:30:34.827Z] {"timestamp":1782775833122,"type":"xhr","method":"GET","url":"/api/admin/conversas/fila/estatisticas","request":{"body":null},"response":{"status":200,"statusText":"OK","body":{"success":true,"data":{"mensagens_nao_lidas":99}}},"duration":4,"error":null}
[2026-06-29T23:30:34.827Z] {"timestamp":1782775833123,"type":"xhr","method":"GET","url":"/api/notifications/summary","request":{"body":null},"response":{"status":200,"statusText":"OK","body":{"unread":6}},"duration":4,"error":null}
[2026-06-29T23:30:35.491Z] {"timestamp":1782775834854,"type":"xhr","method":"GET","url":"/api/notifications/summary","request":{"body":null},"response":{"status":200,"statusText":"OK","body":{"unread":6}},"duration":4,"error":null}
[2026-06-29T23:30:35.491Z] {"timestamp":1782775834855,"type":"xhr","method":"GET","url":"/api/admin/conversas/fila/estatisticas","request":{"body":null},"response":{"status":200,"statusText":"OK","body":{"success":true,"data":{"mensagens_nao_lidas":99}}},"duration":3,"error":null}
[2026-06-29T23:30:40.815Z] {"timestamp":1782775840130,"type":"xhr","method":"GET","url":"/api/admin/conversas/fila/estatisticas","request":{"body":null},"response":{"status":200,"statusText":"OK","body":{"success":true,"data":{"mensagens_nao_lidas":99}}},"duration":4,"error":null}
[2026-06-29T23:30:40.815Z] {"timestamp":1782775840130,"type":"xhr","method":"GET","url":"/api/notifications/summary","request":{"body":null},"response":{"status":200,"statusText":"OK","body":{"unread":6}},"duration":4,"error":null}
[2026-06-29T23:30:43.503Z] {"timestamp":1782775841867,"type":"xhr","method":"GET","url":"/api/notifications/summary","request":{"body":null},"response":{"status":200,"statusText":"OK","body":{"unread":6}},"duration":4,"error":null}
[2026-06-29T23:30:43.503Z] {"timestamp":1782775841868,"type":"xhr","method":"GET","url":"/api/admin/conversas/fila/estatisticas","request":{"body":null},"response":{"status":200,"statusText":"OK","body":{"success":true,"data":{"mensagens_nao_lidas":99}}},"duration":4,"error":null}
[2026-06-29T23:30:47.042Z] {"timestamp":1782775846495,"type":"xhr","method":"GET","url":"/api/notifications/summary","request":{"body":null},"response":{"status":500,"statusText":"Internal Server Error","body":""},"duration":8,"error":null}
[2026-06-29T23:30:47.042Z] {"timestamp":1782775846496,"type":"xhr","method":"GET","url":"/api/admin/conversas/fila/estatisticas","request":{"body":null},"response":{"status":500,"statusText":"Internal Server Error","body":""},"duration":7,"error":null}
[2026-06-29T23:30:48.409Z] {"timestamp":1782775846479,"type":"xhr","method":"GET","url":"/api/notifications/summary","request":{"body":null},"response":{"status":500,"statusText":"Internal Server Error","body":""},"duration":8,"error":null}
[2026-06-29T23:30:48.409Z] {"timestamp":1782775846480,"type":"xhr","method":"GET","url":"/api/admin/conversas/fila/estatisticas","request":{"body":null},"response":{"status":500,"statusText":"Internal Server Error","body":""},"duration":8,"error":null}
[2026-06-29T23:30:48.817Z] {"timestamp":1782775847150,"type":"xhr","method":"GET","url":"/api/admin/conversas/fila/estatisticas","request":{"body":null},"response":{"status":200,"statusText":"OK","body":{"success":true,"data":{"mensagens_nao_lidas":99}}},"duration":4,"error":null}
[2026-06-29T23:30:48.817Z] {"timestamp":1782775847150,"type":"xhr","method":"GET","url":"/api/notifications/summary","request":{"body":null},"response":{"status":200,"statusText":"OK","body":{"unread":6}},"duration":4,"error":null}
[2026-06-29T23:30:49.495Z] {"timestamp":1782775848878,"type":"xhr","method":"GET","url":"/api/admin/conversas/fila/estatisticas","request":{"body":null},"response":{"status":200,"statusText":"OK","body":{"success":true,"data":{"mensagens_nao_lidas":99}}},"duration":3,"error":null}
[2026-06-29T23:30:49.495Z] {"timestamp":1782775848877,"type":"xhr","method":"GET","url":"/api/notifications/summary","request":{"body":null},"response":{"status":200,"statusText":"OK","body":{"unread":6}},"duration":5,"error":null}
[2026-06-29T23:30:54.827Z] {"timestamp":1782775854170,"type":"xhr","method":"GET","url":"/api/admin/conversas/fila/estatisticas","request":{"body":null},"response":{"status":200,"statusText":"OK","body":{"success":true,"data":{"mensagens_nao_lidas":99}}},"duration":4,"error":null}
[2026-06-29T23:30:54.827Z] {"timestamp":1782775854171,"type":"xhr","method":"GET","url":"/api/notifications/summary","request":{"body":null},"response":{"status":200,"statusText":"OK","body":{"unread":6}},"duration":3,"error":null}
[2026-06-29T23:30:57.497Z] {"timestamp":1782775855895,"type":"xhr","method":"GET","url":"/api/notifications/summary","request":{"body":null},"response":{"status":200,"statusText":"OK","body":{"unread":6}},"duration":5,"error":null}
[2026-06-29T23:30:57.497Z] {"timestamp":1782775855895,"type":"xhr","method":"GET","url":"/api/admin/conversas/fila/estatisticas","request":{"body":null},"response":{"status":200,"statusText":"OK","body":{"success":true,"data":{"mensagens_nao_lidas":99}}},"duration":6,"error":null}
[2026-06-29T23:31:02.817Z] {"timestamp":1782775861179,"type":"xhr","method":"GET","url":"/api/admin/conversas/fila/estatisticas","request":{"body":null},"response":{"status":200,"statusText":"OK","body":{"success":true,"data":{"mensagens_nao_lidas":99}}},"duration":4,"error":null}
[2026-06-29T23:31:02.817Z] {"timestamp":1782775861179,"type":"xhr","method":"GET","url":"/api/notifications/summary","request":{"body":null},"response":{"status":200,"statusText":"OK","body":{"unread":6}},"duration":4,"error":null}
[2026-06-29T23:31:03.495Z] {"timestamp":1782775862907,"type":"xhr","method":"GET","url":"/api/notifications/summary","request":{"body":null},"response":{"status":200,"statusText":"OK","body":{"unread":6}},"duration":4,"error":null}
[2026-06-29T23:31:03.495Z] {"timestamp":1782775862907,"type":"xhr","method":"GET","url":"/api/admin/conversas/fila/estatisticas","request":{"body":null},"response":{"status":200,"statusText":"OK","body":{"success":true,"data":{"mensagens_nao_lidas":99}}},"duration":4,"error":null}
[2026-06-29T23:31:08.817Z] {"timestamp":1782775868184,"type":"xhr","method":"GET","url":"/api/admin/conversas/fila/estatisticas","request":{"body":null},"response":{"status":200,"statusText":"OK","body":{"success":true,"data":{"mensagens_nao_lidas":99}}},"duration":4,"error":null}
[2026-06-29T23:31:08.817Z] {"timestamp":1782775868185,"type":"xhr","method":"GET","url":"/api/notifications/summary","request":{"body":null},"response":{"status":200,"statusText":"OK","body":{"unread":6}},"duration":3,"error":null}
[2026-06-29T23:31:11.492Z] {"timestamp":1782775869927,"type":"xhr","method":"GET","url":"/api/notifications/summary","request":{"body":null},"response":{"status":200,"statusText":"OK","body":{"unread":6}},"duration":6,"error":null}
[2026-06-29T23:31:11.492Z] {"timestamp":1782775869928,"type":"xhr","method":"GET","url":"/api/admin/conversas/fila/estatisticas","request":{"body":null},"response":{"status":200,"statusText":"OK","body":{"success":true,"data":{"mensagens_nao_lidas":99}}},"duration":6,"error":null}
[2026-06-29T23:31:16.825Z] {"timestamp":1782775875193,"type":"xhr","method":"GET","url":"/api/admin/conversas/fila/estatisticas","request":{"body":null},"response":{"status":200,"statusText":"OK","body":{"success":true,"data":{"mensagens_nao_lidas":99}}},"duration":6,"error":null}
[2026-06-29T23:31:16.825Z] {"timestamp":1782775875194,"type":"xhr","method":"GET","url":"/api/notifications/summary","request":{"body":null},"response":{"status":200,"statusText":"OK","body":{"unread":6}},"duration":5,"error":null}
[2026-06-29T23:31:17.497Z] {"timestamp":1782775876945,"type":"xhr","method":"GET","url":"/api/notifications/summary","request":{"body":null},"response":{"status":200,"statusText":"OK","body":{"unread":6}},"duration":5,"error":null}
[2026-06-29T23:31:17.497Z] {"timestamp":1782775876946,"type":"xhr","method":"GET","url":"/api/admin/conversas/fila/estatisticas","request":{"body":null},"response":{"status":200,"statusText":"OK","body":{"success":true,"data":{"mensagens_nao_lidas":99}}},"duration":6,"error":null}
[2026-06-29T23:31:22.828Z] {"timestamp":1782775882203,"type":"xhr","method":"GET","url":"/api/admin/conversas/fila/estatisticas","request":{"body":null},"response":{"status":200,"statusText":"OK","body":{"success":true,"data":{"mensagens_nao_lidas":99}}},"duration":3,"error":null}
[2026-06-29T23:31:22.828Z] {"timestamp":1782775882203,"type":"xhr","method":"GET","url":"/api/notifications/summary","request":{"body":null},"response":{"status":200,"statusText":"OK","body":{"unread":6}},"duration":4,"error":null}
[2026-06-29T23:31:25.498Z] {"timestamp":1782775883961,"type":"xhr","method":"GET","url":"/api/notifications/summary","request":{"body":null},"response":{"status":200,"statusText":"OK","body":{"unread":6}},"duration":7,"error":null}
[2026-06-29T23:31:25.498Z] {"timestamp":1782775883962,"type":"xhr","method":"GET","url":"/api/admin/conversas/fila/estatisticas","request":{"body":null},"response":{"status":200,"statusText":"OK","body":{"success":true,"data":{"mensagens_nao_lidas":99}}},"duration":7,"error":null}
[2026-06-29T23:31:26.409Z] {"timestamp":1782775885618,"type":"xhr","method":"GET","url":"/api/dashboard/timeline?per_page=20&category=all","request":{"body":null},"response":{"status":500,"statusText":"Internal Server Error","body":""},"duration":7,"error":null}
[2026-06-29T23:31:27.044Z] {"timestamp":1782775885742,"type":"xhr","method":"GET","url":"/api/dashboard/timeline?per_page=20&category=all","request":{"body":null},"response":{"status":500,"statusText":"Internal Server Error","body":""},"duration":7,"error":null}
[2026-06-29T23:31:27.044Z] {"timestamp":1782775886762,"type":"xhr","method":"GET","url":"/api/dashboard/timeline?per_page=20&category=all","request":{"body":null},"response":{"status":500,"statusText":"Internal Server Error","body":""},"duration":4,"error":null}
[2026-06-29T23:31:28.401Z] {"timestamp":1782775886636,"type":"xhr","method":"GET","url":"/api/dashboard/timeline?per_page=20&category=all","request":{"body":null},"response":{"status":500,"statusText":"Internal Server Error","body":""},"duration":6,"error":null}
[2026-06-29T23:31:29.048Z] {"timestamp":1782775888776,"type":"xhr","method":"GET","url":"/api/dashboard/timeline?per_page=20&category=all","request":{"body":null},"response":{"status":500,"statusText":"Internal Server Error","body":""},"duration":6,"error":null}
[2026-06-29T23:31:30.400Z] {"timestamp":1782775888657,"type":"xhr","method":"GET","url":"/api/dashboard/timeline?per_page=20&category=all","request":{"body":null},"response":{"status":500,"statusText":"Internal Server Error","body":""},"duration":17,"error":null}
[2026-06-29T23:31:30.822Z] {"timestamp":1782775889219,"type":"xhr","method":"GET","url":"/api/admin/conversas/fila/estatisticas","request":{"body":null},"response":{"status":200,"statusText":"OK","body":{"success":true,"data":{"mensagens_nao_lidas":99}}},"duration":3,"error":null}
[2026-06-29T23:31:30.822Z] {"timestamp":1782775889219,"type":"xhr","method":"GET","url":"/api/notifications/summary","request":{"body":null},"response":{"status":200,"statusText":"OK","body":{"unread":6}},"duration":4,"error":null}
[2026-06-29T23:31:31.498Z] {"timestamp":1782775890973,"type":"xhr","method":"GET","url":"/api/notifications/summary","request":{"body":null},"response":{"status":200,"statusText":"OK","body":{"unread":6}},"duration":4,"error":null}
[2026-06-29T23:31:31.498Z] {"timestamp":1782775890974,"type":"xhr","method":"GET","url":"/api/admin/conversas/fila/estatisticas","request":{"body":null},"response":{"status":200,"statusText":"OK","body":{"success":true,"data":{"mensagens_nao_lidas":99}}},"duration":4,"error":null}
[2026-06-29T23:31:33.036Z] {"timestamp":1782775892785,"type":"xhr","method":"GET","url":"/api/dashboard/timeline?per_page=20&category=all","request":{"body":null},"response":{"status":500,"statusText":"Internal Server Error","body":""},"duration":5,"error":null}
[2026-06-29T23:31:34.404Z] {"timestamp":1782775892678,"type":"xhr","method":"GET","url":"/api/dashboard/timeline?per_page=20&category=all","request":{"body":null},"response":{"status":500,"statusText":"Internal Server Error","body":""},"duration":5,"error":null}
[2026-06-29T23:31:36.820Z] {"timestamp":1782775896227,"type":"xhr","method":"GET","url":"/api/notifications/summary","request":{"body":null},"response":{"status":200,"statusText":"OK","body":{"unread":6}},"duration":4,"error":null}
[2026-06-29T23:31:36.820Z] {"timestamp":1782775896227,"type":"xhr","method":"GET","url":"/api/admin/conversas/fila/estatisticas","request":{"body":null},"response":{"status":200,"statusText":"OK","body":{"success":true,"data":{"mensagens_nao_lidas":99}}},"duration":5,"error":null}
[2026-06-29T23:31:39.504Z] {"timestamp":1782775897992,"type":"xhr","method":"GET","url":"/api/notifications/summary","request":{"body":null},"response":{"status":200,"statusText":"OK","body":{"unread":6}},"duration":5,"error":null}
[2026-06-29T23:31:39.504Z] {"timestamp":1782775897993,"type":"xhr","method":"GET","url":"/api/admin/conversas/fila/estatisticas","request":{"body":null},"response":{"status":200,"statusText":"OK","body":{"success":true,"data":{"mensagens_nao_lidas":99}}},"duration":4,"error":null}
[2026-06-29T23:31:44.816Z] {"timestamp":1782775903238,"type":"xhr","method":"GET","url":"/api/notifications/summary","request":{"body":null},"response":{"status":200,"statusText":"OK","body":{"unread":6}},"duration":3,"error":null}
[2026-06-29T23:31:44.816Z] {"timestamp":1782775903238,"type":"xhr","method":"GET","url":"/api/admin/conversas/fila/estatisticas","request":{"body":null},"response":{"status":200,"statusText":"OK","body":{"success":true,"data":{"mensagens_nao_lidas":99}}},"duration":4,"error":null}
[2026-06-29T23:31:45.490Z] {"timestamp":1782775905002,"type":"xhr","method":"GET","url":"/api/notifications/summary","request":{"body":null},"response":{"status":200,"statusText":"OK","body":{"unread":6}},"duration":4,"error":null}
[2026-06-29T23:31:45.490Z] {"timestamp":1782775905003,"type":"xhr","method":"GET","url":"/api/admin/conversas/fila/estatisticas","request":{"body":null},"response":{"status":200,"statusText":"OK","body":{"success":true,"data":{"mensagens_nao_lidas":99}}},"duration":4,"error":null}
[2026-06-29T23:31:47.045Z] {"timestamp":1782775906518,"type":"xhr","method":"GET","url":"/api/notifications/summary","request":{"body":null},"response":{"status":500,"statusText":"Internal Server Error","body":""},"duration":7,"error":null}
[2026-06-29T23:31:47.045Z] {"timestamp":1782775906518,"type":"xhr","method":"GET","url":"/api/admin/conversas/fila/estatisticas","request":{"body":null},"response":{"status":500,"statusText":"Internal Server Error","body":""},"duration":7,"error":null}
[2026-06-29T23:31:48.402Z] {"timestamp":1782775906502,"type":"xhr","method":"GET","url":"/api/notifications/summary","request":{"body":null},"response":{"status":500,"statusText":"Internal Server Error","body":""},"duration":8,"error":null}
[2026-06-29T23:31:48.402Z] {"timestamp":1782775906503,"type":"xhr","method":"GET","url":"/api/admin/conversas/fila/estatisticas","request":{"body":null},"response":{"status":500,"statusText":"Internal Server Error","body":""},"duration":8,"error":null}
[2026-06-29T23:31:50.821Z] {"timestamp":1782775910243,"type":"xhr","method":"GET","url":"/api/notifications/summary","request":{"body":null},"response":{"status":200,"statusText":"OK","body":{"unread":6}},"duration":3,"error":null}
[2026-06-29T23:31:50.821Z] {"timestamp":1782775910243,"type":"xhr","method":"GET","url":"/api/admin/conversas/fila/estatisticas","request":{"body":null},"response":{"status":200,"statusText":"OK","body":{"success":true,"data":{"mensagens_nao_lidas":99}}},"duration":4,"error":null}
[2026-06-29T23:31:53.496Z] {"timestamp":1782775912014,"type":"xhr","method":"GET","url":"/api/notifications/summary","request":{"body":null},"response":{"status":200,"statusText":"OK","body":{"unread":6}},"duration":5,"error":null}
[2026-06-29T23:31:53.496Z] {"timestamp":1782775912014,"type":"xhr","method":"GET","url":"/api/admin/conversas/fila/estatisticas","request":{"body":null},"response":{"status":200,"statusText":"OK","body":{"success":true,"data":{"mensagens_nao_lidas":99}}},"duration":5,"error":null}
[2026-06-29T23:31:58.828Z] {"timestamp":1782775917260,"type":"xhr","method":"GET","url":"/api/notifications/summary","request":{"body":null},"response":{"status":200,"statusText":"OK","body":{"unread":6}},"duration":4,"error":null}
[2026-06-29T23:31:58.828Z] {"timestamp":1782775917261,"type":"xhr","method":"GET","url":"/api/admin/conversas/fila/estatisticas","request":{"body":null},"response":{"status":200,"statusText":"OK","body":{"success":true,"data":{"mensagens_nao_lidas":99}}},"duration":4,"error":null}
[2026-06-29T23:31:59.493Z] {"timestamp":1782775919028,"type":"xhr","method":"GET","url":"/api/notifications/summary","request":{"body":null},"response":{"status":200,"statusText":"OK","body":{"unread":6}},"duration":4,"error":null}
[2026-06-29T23:31:59.493Z] {"timestamp":1782775919028,"type":"xhr","method":"GET","url":"/api/admin/conversas/fila/estatisticas","request":{"body":null},"response":{"status":200,"statusText":"OK","body":{"success":true,"data":{"mensagens_nao_lidas":99}}},"duration":5,"error":null}
[2026-06-29T23:32:04.819Z] {"timestamp":1782775924277,"type":"xhr","method":"GET","url":"/api/notifications/summary","request":{"body":null},"response":{"status":200,"statusText":"OK","body":{"unread":6}},"duration":4,"error":null}
[2026-06-29T23:32:04.819Z] {"timestamp":1782775924278,"type":"xhr","method":"GET","url":"/api/admin/conversas/fila/estatisticas","request":{"body":null},"response":{"status":200,"statusText":"OK","body":{"success":true,"data":{"mensagens_nao_lidas":99}}},"duration":3,"error":null}
[2026-06-29T23:32:07.493Z] {"timestamp":1782775926041,"type":"xhr","method":"GET","url":"/api/notifications/summary","request":{"body":null},"response":{"status":200,"statusText":"OK","body":{"unread":6}},"duration":4,"error":null}
[2026-06-29T23:32:07.493Z] {"timestamp":1782775926041,"type":"xhr","method":"GET","url":"/api/admin/conversas/fila/estatisticas","request":{"body":null},"response":{"status":200,"statusText":"OK","body":{"success":true,"data":{"mensagens_nao_lidas":99}}},"duration":4,"error":null}
[2026-06-29T23:32:12.826Z] {"timestamp":1782775931290,"type":"xhr","method":"GET","url":"/api/admin/conversas/fila/estatisticas","request":{"body":null},"response":{"status":200,"statusText":"OK","body":{"success":true,"data":{"mensagens_nao_lidas":99}}},"duration":4,"error":null}
[2026-06-29T23:32:12.826Z] {"timestamp":1782775931290,"type":"xhr","method":"GET","url":"/api/notifications/summary","request":{"body":null},"response":{"status":200,"statusText":"OK","body":{"unread":6}},"duration":4,"error":null}
[2026-06-29T23:32:13.497Z] {"timestamp":1782775933055,"type":"xhr","method":"GET","url":"/api/notifications/summary","request":{"body":null},"response":{"status":200,"statusText":"OK","body":{"unread":6}},"duration":4,"error":null}
[2026-06-29T23:32:13.497Z] {"timestamp":1782775933055,"type":"xhr","method":"GET","url":"/api/admin/conversas/fila/estatisticas","request":{"body":null},"response":{"status":200,"statusText":"OK","body":{"success":true,"data":{"mensagens_nao_lidas":99}}},"duration":4,"error":null}
[2026-06-29T23:32:18.822Z] {"timestamp":1782775938304,"type":"xhr","method":"GET","url":"/api/admin/conversas/fila/estatisticas","request":{"body":null},"response":{"status":200,"statusText":"OK","body":{"success":true,"data":{"mensagens_nao_lidas":99}}},"duration":5,"error":null}
[2026-06-29T23:32:18.822Z] {"timestamp":1782775938305,"type":"xhr","method":"GET","url":"/api/notifications/summary","request":{"body":null},"response":{"status":200,"statusText":"OK","body":{"unread":6}},"duration":4,"error":null}
[2026-06-29T23:32:21.491Z] {"timestamp":1782775940071,"type":"xhr","method":"GET","url":"/api/notifications/summary","request":{"body":null},"response":{"status":200,"statusText":"OK","body":{"unread":6}},"duration":4,"error":null}
[2026-06-29T23:32:21.491Z] {"timestamp":1782775940071,"type":"xhr","method":"GET","url":"/api/admin/conversas/fila/estatisticas","request":{"body":null},"response":{"status":200,"statusText":"OK","body":{"success":true,"data":{"mensagens_nao_lidas":99}}},"duration":5,"error":null}
[2026-06-29T23:32:26.829Z] {"timestamp":1782775945324,"type":"xhr","method":"GET","url":"/api/admin/conversas/fila/estatisticas","request":{"body":null},"response":{"status":200,"statusText":"OK","body":{"success":true,"data":{"mensagens_nao_lidas":99}}},"duration":4,"error":null}
[2026-06-29T23:32:26.829Z] {"timestamp":1782775945324,"type":"xhr","method":"GET","url":"/api/notifications/summary","request":{"body":null},"response":{"status":200,"statusText":"OK","body":{"unread":6}},"duration":5,"error":null}
[2026-06-29T23:32:27.492Z] {"timestamp":1782775947085,"type":"xhr","method":"GET","url":"/api/notifications/summary","request":{"body":null},"response":{"status":200,"statusText":"OK","body":{"unread":6}},"duration":4,"error":null}
[2026-06-29T23:32:27.493Z] {"timestamp":1782775947085,"type":"xhr","method":"GET","url":"/api/admin/conversas/fila/estatisticas","request":{"body":null},"response":{"status":200,"statusText":"OK","body":{"success":true,"data":{"mensagens_nao_lidas":99}}},"duration":5,"error":null}
[2026-06-29T23:32:32.825Z] {"timestamp":1782775952334,"type":"xhr","method":"GET","url":"/api/admin/conversas/fila/estatisticas","request":{"body":null},"response":{"status":200,"statusText":"OK","body":{"success":true,"data":{"mensagens_nao_lidas":99}}},"duration":8,"error":null}
[2026-06-29T23:32:32.825Z] {"timestamp":1782775952335,"type":"xhr","method":"GET","url":"/api/notifications/summary","request":{"body":null},"response":{"status":200,"statusText":"OK","body":{"unread":6}},"duration":7,"error":null}
[2026-06-29T23:32:33.045Z] {"timestamp":1782775952806,"type":"xhr","method":"GET","url":"/api/dashboard/timeline?per_page=20&category=all","request":{"body":null},"response":{"status":500,"statusText":"Internal Server Error","body":""},"duration":5,"error":null}
[2026-06-29T23:32:34.404Z] {"timestamp":1782775952694,"type":"xhr","method":"GET","url":"/api/dashboard/timeline?per_page=20&category=all","request":{"body":null},"response":{"status":500,"statusText":"Internal Server Error","body":""},"duration":22,"error":null}
[2026-06-29T23:32:34.404Z] {"timestamp":1782775953725,"type":"xhr","method":"GET","url":"/api/dashboard/timeline?per_page=20&category=all","request":{"body":null},"response":{"status":500,"statusText":"Internal Server Error","body":""},"duration":6,"error":null}
[2026-06-29T23:32:35.043Z] {"timestamp":1782775953819,"type":"xhr","method":"GET","url":"/api/dashboard/timeline?per_page=20&category=all","request":{"body":null},"response":{"status":500,"statusText":"Internal Server Error","body":""},"duration":5,"error":null}
[2026-06-29T23:32:35.495Z] {"timestamp":1782775954098,"type":"xhr","method":"GET","url":"/api/notifications/summary","request":{"body":null},"response":{"status":200,"statusText":"OK","body":{"unread":6}},"duration":4,"error":null}
[2026-06-29T23:32:35.495Z] {"timestamp":1782775954098,"type":"xhr","method":"GET","url":"/api/admin/conversas/fila/estatisticas","request":{"body":null},"response":{"status":200,"statusText":"OK","body":{"success":true,"data":{"mensagens_nao_lidas":99}}},"duration":6,"error":null}
[2026-06-29T23:32:36.409Z] {"timestamp":1782775955735,"type":"xhr","method":"GET","url":"/api/dashboard/timeline?per_page=20&category=all","request":{"body":null},"response":{"status":500,"statusText":"Internal Server Error","body":""},"duration":6,"error":null}
[2026-06-29T23:32:37.036Z] {"timestamp":1782775955829,"type":"xhr","method":"GET","url":"/api/dashboard/timeline?per_page=20&category=all","request":{"body":null},"response":{"status":500,"statusText":"Internal Server Error","body":""},"duration":5,"error":null}
[2026-06-29T23:32:40.408Z] {"timestamp":1782775959747,"type":"xhr","method":"GET","url":"/api/dashboard/timeline?per_page=20&category=all","request":{"body":null},"response":{"status":500,"statusText":"Internal Server Error","body":""},"duration":6,"error":null}
[2026-06-29T23:32:40.820Z] {"timestamp":1782775959357,"type":"xhr","method":"GET","url":"/api/admin/conversas/fila/estatisticas","request":{"body":null},"response":{"status":200,"statusText":"OK","body":{"success":true,"data":{"mensagens_nao_lidas":99}}},"duration":5,"error":null}
[2026-06-29T23:32:40.820Z] {"timestamp":1782775959358,"type":"xhr","method":"GET","url":"/api/notifications/summary","request":{"body":null},"response":{"status":200,"statusText":"OK","body":{"unread":6}},"duration":4,"error":null}
[2026-06-29T23:32:41.046Z] {"timestamp":1782775959840,"type":"xhr","method":"GET","url":"/api/dashboard/timeline?per_page=20&category=all","request":{"body":null},"response":{"status":500,"statusText":"Internal Server Error","body":""},"duration":6,"error":null}
[2026-06-29T23:32:41.504Z] {"timestamp":1782775961107,"type":"xhr","method":"GET","url":"/api/notifications/summary","request":{"body":null},"response":{"status":200,"statusText":"OK","body":{"unread":6}},"duration":7,"error":null}
[2026-06-29T23:32:41.504Z] {"timestamp":1782775961108,"type":"xhr","method":"GET","url":"/api/admin/conversas/fila/estatisticas","request":{"body":null},"response":{"status":200,"statusText":"OK","body":{"success":true,"data":{"mensagens_nao_lidas":99}}},"duration":6,"error":null}
[2026-06-29T23:32:46.825Z] {"timestamp":1782775966373,"type":"xhr","method":"GET","url":"/api/admin/conversas/fila/estatisticas","request":{"body":null},"response":{"status":200,"statusText":"OK","body":{"success":true,"data":{"mensagens_nao_lidas":99}}},"duration":5,"error":null}
[2026-06-29T23:32:46.825Z] {"timestamp":1782775966374,"type":"xhr","method":"GET","url":"/api/notifications/summary","request":{"body":null},"response":{"status":200,"statusText":"OK","body":{"unread":6}},"duration":4,"error":null}
[2026-06-29T23:32:47.042Z] {"timestamp":1782775966538,"type":"xhr","method":"GET","url":"/api/notifications/summary","request":{"body":null},"response":{"status":500,"statusText":"Internal Server Error","body":""},"duration":7,"error":null}
[2026-06-29T23:32:47.042Z] {"timestamp":1782775966538,"type":"xhr","method":"GET","url":"/api/admin/conversas/fila/estatisticas","request":{"body":null},"response":{"status":500,"statusText":"Internal Server Error","body":""},"duration":8,"error":null}
[2026-06-29T23:32:48.399Z] {"timestamp":1782775966522,"type":"xhr","method":"GET","url":"/api/notifications/summary","request":{"body":null},"response":{"status":500,"statusText":"Internal Server Error","body":""},"duration":8,"error":null}
[2026-06-29T23:32:48.399Z] {"timestamp":1782775966523,"type":"xhr","method":"GET","url":"/api/admin/conversas/fila/estatisticas","request":{"body":null},"response":{"status":500,"statusText":"Internal Server Error","body":""},"duration":7,"error":null}
[2026-06-29T23:32:49.491Z] {"timestamp":1782775968120,"type":"xhr","method":"GET","url":"/api/notifications/summary","request":{"body":null},"response":{"status":200,"statusText":"OK","body":{"unread":6}},"duration":4,"error":null}
[2026-06-29T23:32:49.491Z] {"timestamp":1782775968121,"type":"xhr","method":"GET","url":"/api/admin/conversas/fila/estatisticas","request":{"body":null},"response":{"status":200,"statusText":"OK","body":{"success":true,"data":{"mensagens_nao_lidas":99}}},"duration":4,"error":null}
[2026-06-29T23:32:54.824Z] {"timestamp":1782775973391,"type":"xhr","method":"GET","url":"/api/notifications/summary","request":{"body":null},"response":{"status":200,"statusText":"OK","body":{"unread":6}},"duration":4,"error":null}
[2026-06-29T23:32:54.824Z] {"timestamp":1782775973391,"type":"xhr","method":"GET","url":"/api/admin/conversas/fila/estatisticas","request":{"body":null},"response":{"status":200,"statusText":"OK","body":{"success":true,"data":{"mensagens_nao_lidas":99}}},"duration":4,"error":null}
[2026-06-29T23:32:55.496Z] {"timestamp":1782775975130,"type":"xhr","method":"GET","url":"/api/notifications/summary","request":{"body":null},"response":{"status":200,"statusText":"OK","body":{"unread":6}},"duration":4,"error":null}
[2026-06-29T23:32:55.496Z] {"timestamp":1782775975131,"type":"xhr","method":"GET","url":"/api/admin/conversas/fila/estatisticas","request":{"body":null},"response":{"status":200,"statusText":"OK","body":{"success":true,"data":{"mensagens_nao_lidas":99}}},"duration":3,"error":null}
[2026-06-29T23:33:00.817Z] {"timestamp":1782775980409,"type":"xhr","method":"GET","url":"/api/notifications/summary","request":{"body":null},"response":{"status":200,"statusText":"OK","body":{"unread":6}},"duration":3,"error":null}
[2026-06-29T23:33:00.817Z] {"timestamp":1782775980409,"type":"xhr","method":"GET","url":"/api/admin/conversas/fila/estatisticas","request":{"body":null},"response":{"status":200,"statusText":"OK","body":{"success":true,"data":{"mensagens_nao_lidas":99}}},"duration":4,"error":null}
[2026-06-29T23:33:03.501Z] {"timestamp":1782775982141,"type":"xhr","method":"GET","url":"/api/notifications/summary","request":{"body":null},"response":{"status":200,"statusText":"OK","body":{"unread":6}},"duration":4,"error":null}
[2026-06-29T23:33:03.501Z] {"timestamp":1782775982142,"type":"xhr","method":"GET","url":"/api/admin/conversas/fila/estatisticas","request":{"body":null},"response":{"status":200,"statusText":"OK","body":{"success":true,"data":{"mensagens_nao_lidas":99}}},"duration":3,"error":null}
[2026-06-29T23:33:08.817Z] {"timestamp":1782775987414,"type":"xhr","method":"GET","url":"/api/notifications/summary","request":{"body":null},"response":{"status":200,"statusText":"OK","body":{"unread":6}},"duration":3,"error":null}
[2026-06-29T23:33:08.817Z] {"timestamp":1782775987414,"type":"xhr","method":"GET","url":"/api/admin/conversas/fila/estatisticas","request":{"body":null},"response":{"status":200,"statusText":"OK","body":{"success":true,"data":{"mensagens_nao_lidas":99}}},"duration":4,"error":null}
[2026-06-29T23:33:09.490Z] {"timestamp":1782775989155,"type":"xhr","method":"GET","url":"/api/notifications/summary","request":{"body":null},"response":{"status":200,"statusText":"OK","body":{"unread":6}},"duration":4,"error":null}
[2026-06-29T23:33:09.490Z] {"timestamp":1782775989156,"type":"xhr","method":"GET","url":"/api/admin/conversas/fila/estatisticas","request":{"body":null},"response":{"status":200,"statusText":"OK","body":{"success":true,"data":{"mensagens_nao_lidas":99}}},"duration":4,"error":null}
[2026-06-29T23:33:14.823Z] {"timestamp":1782775994419,"type":"xhr","method":"GET","url":"/api/notifications/summary","request":{"body":null},"response":{"status":200,"statusText":"OK","body":{"unread":6}},"duration":4,"error":null}
[2026-06-29T23:33:14.823Z] {"timestamp":1782775994420,"type":"xhr","method":"GET","url":"/api/admin/conversas/fila/estatisticas","request":{"body":null},"response":{"status":200,"statusText":"OK","body":{"success":true,"data":{"mensagens_nao_lidas":99}}},"duration":4,"error":null}
[2026-06-29T23:33:17.499Z] {"timestamp":1782775996170,"type":"xhr","method":"GET","url":"/api/admin/conversas/fila/estatisticas","request":{"body":null},"response":{"status":200,"statusText":"OK","body":{"success":true,"data":{"mensagens_nao_lidas":99}}},"duration":3,"error":null}
[2026-06-29T23:33:17.499Z] {"timestamp":1782775996169,"type":"xhr","method":"GET","url":"/api/notifications/summary","request":{"body":null},"response":{"status":200,"statusText":"OK","body":{"unread":6}},"duration":5,"error":null}
[2026-06-29T23:33:22.823Z] {"timestamp":1782776001431,"type":"xhr","method":"GET","url":"/api/notifications/summary","request":{"body":null},"response":{"status":200,"statusText":"OK","body":{"unread":6}},"duration":4,"error":null}
[2026-06-29T23:33:22.823Z] {"timestamp":1782776001432,"type":"xhr","method":"GET","url":"/api/admin/conversas/fila/estatisticas","request":{"body":null},"response":{"status":200,"statusText":"OK","body":{"success":true,"data":{"mensagens_nao_lidas":99}}},"duration":3,"error":null}
[2026-06-29T23:33:23.497Z] {"timestamp":1782776003180,"type":"xhr","method":"GET","url":"/api/admin/conversas/fila/estatisticas","request":{"body":null},"response":{"status":200,"statusText":"OK","body":{"success":true,"data":{"mensagens_nao_lidas":99}}},"duration":4,"error":null}
[2026-06-29T23:33:23.497Z] {"timestamp":1782776003181,"type":"xhr","method":"GET","url":"/api/notifications/summary","request":{"body":null},"response":{"status":200,"statusText":"OK","body":{"unread":6}},"duration":4,"error":null}
[2026-06-29T23:33:28.820Z] {"timestamp":1782776008443,"type":"xhr","method":"GET","url":"/api/notifications/summary","request":{"body":null},"response":{"status":200,"statusText":"OK","body":{"unread":6}},"duration":5,"error":null}
[2026-06-29T23:33:28.820Z] {"timestamp":1782776008444,"type":"xhr","method":"GET","url":"/api/admin/conversas/fila/estatisticas","request":{"body":null},"response":{"status":200,"statusText":"OK","body":{"success":true,"data":{"mensagens_nao_lidas":99}}},"duration":4,"error":null}
[2026-06-29T23:33:31.494Z] {"timestamp":1782776010188,"type":"xhr","method":"GET","url":"/api/admin/conversas/fila/estatisticas","request":{"body":null},"response":{"status":200,"statusText":"OK","body":{"success":true,"data":{"mensagens_nao_lidas":99}}},"duration":4,"error":null}
[2026-06-29T23:33:31.494Z] {"timestamp":1782776010189,"type":"xhr","method":"GET","url":"/api/notifications/summary","request":{"body":null},"response":{"status":200,"statusText":"OK","body":{"unread":6}},"duration":4,"error":null}
[2026-06-29T23:33:36.828Z] {"timestamp":1782776015456,"type":"xhr","method":"GET","url":"/api/notifications/summary","request":{"body":null},"response":{"status":200,"statusText":"OK","body":{"unread":6}},"duration":4,"error":null}
[2026-06-29T23:33:36.828Z] {"timestamp":1782776015457,"type":"xhr","method":"GET","url":"/api/admin/conversas/fila/estatisticas","request":{"body":null},"response":{"status":200,"statusText":"OK","body":{"success":true,"data":{"mensagens_nao_lidas":99}}},"duration":3,"error":null}
[2026-06-29T23:33:37.498Z] {"timestamp":1782776017198,"type":"xhr","method":"GET","url":"/api/admin/conversas/fila/estatisticas","request":{"body":null},"response":{"status":200,"statusText":"OK","body":{"success":true,"data":{"mensagens_nao_lidas":99}}},"duration":4,"error":null}
[2026-06-29T23:33:37.498Z] {"timestamp":1782776017198,"type":"xhr","method":"GET","url":"/api/notifications/summary","request":{"body":null},"response":{"status":200,"statusText":"OK","body":{"unread":6}},"duration":4,"error":null}
[2026-06-29T23:33:40.399Z] {"timestamp":1782776019766,"type":"xhr","method":"GET","url":"/api/dashboard/timeline?per_page=20&category=all","request":{"body":null},"response":{"status":500,"statusText":"Internal Server Error","body":""},"duration":7,"error":null}
[2026-06-29T23:33:41.037Z] {"timestamp":1782776019859,"type":"xhr","method":"GET","url":"/api/dashboard/timeline?per_page=20&category=all","request":{"body":null},"response":{"status":500,"statusText":"Internal Server Error","body":""},"duration":7,"error":null}
[2026-06-29T23:33:41.037Z] {"timestamp":1782776020873,"type":"xhr","method":"GET","url":"/api/dashboard/timeline?per_page=20&category=all","request":{"body":null},"response":{"status":500,"statusText":"Internal Server Error","body":""},"duration":5,"error":null}
[2026-06-29T23:33:42.411Z] {"timestamp":1782776020779,"type":"xhr","method":"GET","url":"/api/dashboard/timeline?per_page=20&category=all","request":{"body":null},"response":{"status":500,"statusText":"Internal Server Error","body":""},"duration":7,"error":null}
[2026-06-29T23:33:42.817Z] {"timestamp":1782776022471,"type":"xhr","method":"GET","url":"/api/notifications/summary","request":{"body":null},"response":{"status":200,"statusText":"OK","body":{"unread":6}},"duration":4,"error":null}
[2026-06-29T23:33:42.817Z] {"timestamp":1782776022471,"type":"xhr","method":"GET","url":"/api/admin/conversas/fila/estatisticas","request":{"body":null},"response":{"status":200,"statusText":"OK","body":{"success":true,"data":{"mensagens_nao_lidas":99}}},"duration":5,"error":null}
[2026-06-29T23:33:43.045Z] {"timestamp":1782776022890,"type":"xhr","method":"GET","url":"/api/dashboard/timeline?per_page=20&category=all","request":{"body":null},"response":{"status":500,"statusText":"Internal Server Error","body":""},"duration":5,"error":null}
[2026-06-29T23:33:44.404Z] {"timestamp":1782776022798,"type":"xhr","method":"GET","url":"/api/dashboard/timeline?per_page=20&category=all","request":{"body":null},"response":{"status":500,"statusText":"Internal Server Error","body":""},"duration":10,"error":null}
[2026-06-29T23:33:45.491Z] {"timestamp":1782776024215,"type":"xhr","method":"GET","url":"/api/admin/conversas/fila/estatisticas","request":{"body":null},"response":{"status":200,"statusText":"OK","body":{"success":true,"data":{"mensagens_nao_lidas":99}}},"duration":3,"error":null}
[2026-06-29T23:33:45.491Z] {"timestamp":1782776024216,"type":"xhr","method":"GET","url":"/api/notifications/summary","request":{"body":null},"response":{"status":200,"statusText":"OK","body":{"unread":6}},"duration":3,"error":null}
[2026-06-29T23:33:47.038Z] {"timestamp":1782776026552,"type":"xhr","method":"GET","url":"/api/notifications/summary","request":{"body":null},"response":{"status":500,"statusText":"Internal Server Error","body":""},"duration":6,"error":null}
[2026-06-29T23:33:47.038Z] {"timestamp":1782776026553,"type":"xhr","method":"GET","url":"/api/admin/conversas/fila/estatisticas","request":{"body":null},"response":{"status":500,"statusText":"Internal Server Error","body":""},"duration":6,"error":null}
[2026-06-29T23:33:47.038Z] {"timestamp":1782776026912,"type":"xhr","method":"GET","url":"/api/dashboard/timeline?per_page=20&category=all","request":{"body":null},"response":{"status":500,"statusText":"Internal Server Error","body":""},"duration":4,"error":null}
[2026-06-29T23:33:48.401Z] {"timestamp":1782776026537,"type":"xhr","method":"GET","url":"/api/notifications/summary","request":{"body":null},"response":{"status":500,"statusText":"Internal Server Error","body":""},"duration":7,"error":null}
[2026-06-29T23:33:48.401Z] {"timestamp":1782776026537,"type":"xhr","method":"GET","url":"/api/admin/conversas/fila/estatisticas","request":{"body":null},"response":{"status":500,"statusText":"Internal Server Error","body":""},"duration":8,"error":null}
[2026-06-29T23:33:48.401Z] {"timestamp":1782776026816,"type":"xhr","method":"GET","url":"/api/dashboard/timeline?per_page=20&category=all","request":{"body":null},"response":{"status":500,"statusText":"Internal Server Error","body":""},"duration":5,"error":null}
[2026-06-29T23:33:50.824Z] {"timestamp":1782776029487,"type":"xhr","method":"GET","url":"/api/notifications/summary","request":{"body":null},"response":{"status":200,"statusText":"OK","body":{"unread":6}},"duration":3,"error":null}
[2026-06-29T23:33:50.824Z] {"timestamp":1782776029487,"type":"xhr","method":"GET","url":"/api/admin/conversas/fila/estatisticas","request":{"body":null},"response":{"status":200,"statusText":"OK","body":{"success":true,"data":{"mensagens_nao_lidas":99}}},"duration":4,"error":null}
[2026-06-29T23:33:51.498Z] {"timestamp":1782776031220,"type":"xhr","method":"GET","url":"/api/admin/conversas/fila/estatisticas","request":{"body":null},"response":{"status":200,"statusText":"OK","body":{"success":true,"data":{"mensagens_nao_lidas":99}}},"duration":5,"error":null}
[2026-06-29T23:33:51.498Z] {"timestamp":1782776031221,"type":"xhr","method":"GET","url":"/api/notifications/summary","request":{"body":null},"response":{"status":200,"statusText":"OK","body":{"unread":6}},"duration":4,"error":null}
[2026-06-29T23:33:56.817Z] {"timestamp":1782776036503,"type":"xhr","method":"GET","url":"/api/notifications/summary","request":{"body":null},"response":{"status":200,"statusText":"OK","body":{"unread":6}},"duration":6,"error":null}
[2026-06-29T23:33:56.817Z] {"timestamp":1782776036504,"type":"xhr","method":"GET","url":"/api/admin/conversas/fila/estatisticas","request":{"body":null},"response":{"status":200,"statusText":"OK","body":{"success":true,"data":{"mensagens_nao_lidas":99}}},"duration":5,"error":null}
[2026-06-29T23:33:59.500Z] {"timestamp":1782776038237,"type":"xhr","method":"GET","url":"/api/admin/conversas/fila/estatisticas","request":{"body":null},"response":{"status":200,"statusText":"OK","body":{"success":true,"data":{"mensagens_nao_lidas":99}}},"duration":4,"error":null}
[2026-06-29T23:33:59.500Z] {"timestamp":1782776038238,"type":"xhr","method":"GET","url":"/api/notifications/summary","request":{"body":null},"response":{"status":200,"statusText":"OK","body":{"unread":6}},"duration":4,"error":null}
[2026-06-29T23:34:04.818Z] {"timestamp":1782776043514,"type":"xhr","method":"GET","url":"/api/notifications/summary","request":{"body":null},"response":{"status":200,"statusText":"OK","body":{"unread":6}},"duration":4,"error":null}
[2026-06-29T23:34:04.818Z] {"timestamp":1782776043515,"type":"xhr","method":"GET","url":"/api/admin/conversas/fila/estatisticas","request":{"body":null},"response":{"status":200,"statusText":"OK","body":{"success":true,"data":{"mensagens_nao_lidas":99}}},"duration":3,"error":null}
[2026-06-29T23:34:05.487Z] {"timestamp":1782776045251,"type":"xhr","method":"GET","url":"/api/admin/conversas/fila/estatisticas","request":{"body":null},"response":{"status":200,"statusText":"OK","body":{"success":true,"data":{"mensagens_nao_lidas":99}}},"duration":6,"error":null}
[2026-06-29T23:34:05.487Z] {"timestamp":1782776045252,"type":"xhr","method":"GET","url":"/api/notifications/summary","request":{"body":null},"response":{"status":200,"statusText":"OK","body":{"unread":6}},"duration":5,"error":null}
[2026-06-29T23:34:10.831Z] {"timestamp":1782776050519,"type":"xhr","method":"GET","url":"/api/notifications/summary","request":{"body":null},"response":{"status":200,"statusText":"OK","body":{"unread":6}},"duration":4,"error":null}
[2026-06-29T23:34:10.831Z] {"timestamp":1782776050520,"type":"xhr","method":"GET","url":"/api/admin/conversas/fila/estatisticas","request":{"body":null},"response":{"status":200,"statusText":"OK","body":{"success":true,"data":{"mensagens_nao_lidas":99}}},"duration":3,"error":null}
[2026-06-29T23:34:13.492Z] {"timestamp":1782776052271,"type":"xhr","method":"GET","url":"/api/admin/conversas/fila/estatisticas","request":{"body":null},"response":{"status":200,"statusText":"OK","body":{"success":true,"data":{"mensagens_nao_lidas":99}}},"duration":4,"error":null}
[2026-06-29T23:34:13.492Z] {"timestamp":1782776052272,"type":"xhr","method":"GET","url":"/api/notifications/summary","request":{"body":null},"response":{"status":200,"statusText":"OK","body":{"unread":6}},"duration":4,"error":null}
[2026-06-29T23:34:18.817Z] {"timestamp":1782776057533,"type":"xhr","method":"GET","url":"/api/notifications/summary","request":{"body":null},"response":{"status":200,"statusText":"OK","body":{"unread":6}},"duration":5,"error":null}
[2026-06-29T23:34:18.817Z] {"timestamp":1782776057534,"type":"xhr","method":"GET","url":"/api/admin/conversas/fila/estatisticas","request":{"body":null},"response":{"status":200,"statusText":"OK","body":{"success":true,"data":{"mensagens_nao_lidas":99}}},"duration":5,"error":null}
[2026-06-29T23:34:19.491Z] {"timestamp":1782776059290,"type":"xhr","method":"GET","url":"/api/admin/conversas/fila/estatisticas","request":{"body":null},"response":{"status":200,"statusText":"OK","body":{"success":true,"data":{"mensagens_nao_lidas":99}}},"duration":5,"error":null}
[2026-06-29T23:34:19.491Z] {"timestamp":1782776059291,"type":"xhr","method":"GET","url":"/api/notifications/summary","request":{"body":null},"response":{"status":200,"statusText":"OK","body":{"unread":6}},"duration":4,"error":null}
[2026-06-29T23:34:24.814Z] {"timestamp":1782776064553,"type":"xhr","method":"GET","url":"/api/notifications/summary","request":{"body":null},"response":{"status":200,"statusText":"OK","body":{"unread":6}},"duration":4,"error":null}
[2026-06-29T23:34:24.814Z] {"timestamp":1782776064554,"type":"xhr","method":"GET","url":"/api/admin/conversas/fila/estatisticas","request":{"body":null},"response":{"status":200,"statusText":"OK","body":{"success":true,"data":{"mensagens_nao_lidas":99}}},"duration":3,"error":null}
[2026-06-29T23:34:27.499Z] {"timestamp":1782776066298,"type":"xhr","method":"GET","url":"/api/admin/conversas/fila/estatisticas","request":{"body":null},"response":{"status":200,"statusText":"OK","body":{"success":true,"data":{"mensagens_nao_lidas":99}}},"duration":5,"error":null}
[2026-06-29T23:34:27.499Z] {"timestamp":1782776066299,"type":"xhr","method":"GET","url":"/api/notifications/summary","request":{"body":null},"response":{"status":200,"statusText":"OK","body":{"unread":6}},"duration":4,"error":null}
[2026-06-29T23:34:32.817Z] {"timestamp":1782776071567,"type":"xhr","method":"GET","url":"/api/notifications/summary","request":{"body":null},"response":{"status":200,"statusText":"OK","body":{"unread":6}},"duration":4,"error":null}
[2026-06-29T23:34:32.817Z] {"timestamp":1782776071567,"type":"xhr","method":"GET","url":"/api/admin/conversas/fila/estatisticas","request":{"body":null},"response":{"status":200,"statusText":"OK","body":{"success":true,"data":{"mensagens_nao_lidas":99}}},"duration":4,"error":null}
[2026-06-29T23:34:33.490Z] {"timestamp":1782776073317,"type":"xhr","method":"GET","url":"/api/notifications/summary","request":{"body":null},"response":{"status":200,"statusText":"OK","body":{"unread":6}},"duration":4,"error":null}
[2026-06-29T23:34:33.490Z] {"timestamp":1782776073317,"type":"xhr","method":"GET","url":"/api/admin/conversas/fila/estatisticas","request":{"body":null},"response":{"status":200,"statusText":"OK","body":{"success":true,"data":{"mensagens_nao_lidas":99}}},"duration":4,"error":null}
[2026-06-29T23:34:38.825Z] {"timestamp":1782776078587,"type":"xhr","method":"GET","url":"/api/notifications/summary","request":{"body":null},"response":{"status":200,"statusText":"OK","body":{"unread":6}},"duration":9,"error":null}
[2026-06-29T23:34:38.825Z] {"timestamp":1782776078587,"type":"xhr","method":"GET","url":"/api/admin/conversas/fila/estatisticas","request":{"body":null},"response":{"status":200,"statusText":"OK","body":{"success":true,"data":{"mensagens_nao_lidas":99}}},"duration":9,"error":null}
[2026-06-29T23:34:41.492Z] {"timestamp":1782776080332,"type":"xhr","method":"GET","url":"/api/notifications/summary","request":{"body":null},"response":{"status":200,"statusText":"OK","body":{"unread":6}},"duration":4,"error":null}
[2026-06-29T23:34:41.492Z] {"timestamp":1782776080333,"type":"xhr","method":"GET","url":"/api/admin/conversas/fila/estatisticas","request":{"body":null},"response":{"status":200,"statusText":"OK","body":{"success":true,"data":{"mensagens_nao_lidas":99}}},"duration":3,"error":null}
[2026-06-29T23:34:46.818Z] {"timestamp":1782776085604,"type":"xhr","method":"GET","url":"/api/notifications/summary","request":{"body":null},"response":{"status":200,"statusText":"OK","body":{"unread":6}},"duration":4,"error":null}
[2026-06-29T23:34:46.818Z] {"timestamp":1782776085605,"type":"xhr","method":"GET","url":"/api/admin/conversas/fila/estatisticas","request":{"body":null},"response":{"status":200,"statusText":"OK","body":{"success":true,"data":{"mensagens_nao_lidas":99}}},"duration":3,"error":null}
[2026-06-29T23:34:47.039Z] {"timestamp":1782776086568,"type":"xhr","method":"GET","url":"/api/notifications/summary","request":{"body":null},"response":{"status":500,"statusText":"Internal Server Error","body":""},"duration":8,"error":null}
[2026-06-29T23:34:47.039Z] {"timestamp":1782776086568,"type":"xhr","method":"GET","url":"/api/admin/conversas/fila/estatisticas","request":{"body":null},"response":{"status":500,"statusText":"Internal Server Error","body":""},"duration":9,"error":null}
[2026-06-29T23:34:47.039Z] {"timestamp":1782776086922,"type":"xhr","method":"GET","url":"/api/dashboard/timeline?per_page=20&category=all","request":{"body":null},"response":{"status":500,"statusText":"Internal Server Error","body":""},"duration":7,"error":null}
[2026-06-29T23:34:47.493Z] {"timestamp":1782776087337,"type":"xhr","method":"GET","url":"/api/notifications/summary","request":{"body":null},"response":{"status":200,"statusText":"OK","body":{"unread":6}},"duration":4,"error":null}
[2026-06-29T23:34:47.493Z] {"timestamp":1782776087338,"type":"xhr","method":"GET","url":"/api/admin/conversas/fila/estatisticas","request":{"body":null},"response":{"status":200,"statusText":"OK","body":{"success":true,"data":{"mensagens_nao_lidas":99}}},"duration":4,"error":null}
[2026-06-29T23:34:48.405Z] {"timestamp":1782776086552,"type":"xhr","method":"GET","url":"/api/notifications/summary","request":{"body":null},"response":{"status":500,"statusText":"Internal Server Error","body":""},"duration":10,"error":null}
[2026-06-29T23:34:48.405Z] {"timestamp":1782776086553,"type":"xhr","method":"GET","url":"/api/admin/conversas/fila/estatisticas","request":{"body":null},"response":{"status":500,"statusText":"Internal Server Error","body":""},"duration":9,"error":null}
[2026-06-29T23:34:48.405Z] {"timestamp":1782776086830,"type":"xhr","method":"GET","url":"/api/dashboard/timeline?per_page=20&category=all","request":{"body":null},"response":{"status":500,"statusText":"Internal Server Error","body":""},"duration":8,"error":null}
[2026-06-29T23:34:48.405Z] {"timestamp":1782776087852,"type":"xhr","method":"GET","url":"/api/dashboard/timeline?per_page=20&category=all","request":{"body":null},"response":{"status":500,"statusText":"Internal Server Error","body":""},"duration":14,"error":null}
[2026-06-29T23:34:49.035Z] {"timestamp":1782776087934,"type":"xhr","method":"GET","url":"/api/dashboard/timeline?per_page=20&category=all","request":{"body":null},"response":{"status":500,"statusText":"Internal Server Error","body":""},"duration":6,"error":null}
[2026-06-29T23:34:50.406Z] {"timestamp":1782776089872,"type":"xhr","method":"GET","url":"/api/dashboard/timeline?per_page=20&category=all","request":{"body":null},"response":{"status":500,"statusText":"Internal Server Error","body":""},"duration":5,"error":null}
[2026-06-29T23:34:51.037Z] {"timestamp":1782776089951,"type":"xhr","method":"GET","url":"/api/dashboard/timeline?per_page=20&category=all","request":{"body":null},"response":{"status":500,"statusText":"Internal Server Error","body":""},"duration":9,"error":null}
[2026-06-29T23:34:52.827Z] {"timestamp":1782776092619,"type":"xhr","method":"GET","url":"/api/notifications/summary","request":{"body":null},"response":{"status":200,"statusText":"OK","body":{"unread":6}},"duration":4,"error":null}
[2026-06-29T23:34:52.827Z] {"timestamp":1782776092620,"type":"xhr","method":"GET","url":"/api/admin/conversas/fila/estatisticas","request":{"body":null},"response":{"status":200,"statusText":"OK","body":{"success":true,"data":{"mensagens_nao_lidas":99}}},"duration":4,"error":null}
[2026-06-29T23:34:54.400Z] {"timestamp":1782776093879,"type":"xhr","method":"GET","url":"/api/dashboard/timeline?per_page=20&category=all","request":{"body":null},"response":{"status":500,"statusText":"Internal Server Error","body":""},"duration":5,"error":null}
[2026-06-29T23:34:55.041Z] {"timestamp":1782776093972,"type":"xhr","method":"GET","url":"/api/dashboard/timeline?per_page=20&category=all","request":{"body":null},"response":{"status":500,"statusText":"Internal Server Error","body":""},"duration":5,"error":null}
[2026-06-29T23:34:55.492Z] {"timestamp":1782776094352,"type":"xhr","method":"GET","url":"/api/notifications/summary","request":{"body":null},"response":{"status":200,"statusText":"OK","body":{"unread":6}},"duration":3,"error":null}
[2026-06-29T23:34:55.492Z] {"timestamp":1782776094353,"type":"xhr","method":"GET","url":"/api/admin/conversas/fila/estatisticas","request":{"body":null},"response":{"status":200,"statusText":"OK","body":{"success":true,"data":{"mensagens_nao_lidas":99}}},"duration":3,"error":null}
[2026-06-29T23:35:00.815Z] {"timestamp":1782776099627,"type":"xhr","method":"GET","url":"/api/notifications/summary","request":{"body":null},"response":{"status":200,"statusText":"OK","body":{"unread":6}},"duration":5,"error":null}
[2026-06-29T23:35:00.815Z] {"timestamp":1782776099627,"type":"xhr","method":"GET","url":"/api/admin/conversas/fila/estatisticas","request":{"body":null},"response":{"status":200,"statusText":"OK","body":{"success":true,"data":{"mensagens_nao_lidas":99}}},"duration":5,"error":null}
[2026-06-29T23:35:01.494Z] {"timestamp":1782776101365,"type":"xhr","method":"GET","url":"/api/notifications/summary","request":{"body":null},"response":{"status":200,"statusText":"OK","body":{"unread":6}},"duration":4,"error":null}
[2026-06-29T23:35:01.494Z] {"timestamp":1782776101365,"type":"xhr","method":"GET","url":"/api/admin/conversas/fila/estatisticas","request":{"body":null},"response":{"status":200,"statusText":"OK","body":{"success":true,"data":{"mensagens_nao_lidas":99}}},"duration":4,"error":null}
[2026-06-29T23:35:06.819Z] {"timestamp":1782776106644,"type":"xhr","method":"GET","url":"/api/notifications/summary","request":{"body":null},"response":{"status":200,"statusText":"OK","body":{"unread":6}},"duration":4,"error":null}
[2026-06-29T23:35:06.819Z] {"timestamp":1782776106645,"type":"xhr","method":"GET","url":"/api/admin/conversas/fila/estatisticas","request":{"body":null},"response":{"status":200,"statusText":"OK","body":{"success":true,"data":{"mensagens_nao_lidas":99}}},"duration":4,"error":null}
[2026-06-29T23:35:09.494Z] {"timestamp":1782776108379,"type":"xhr","method":"GET","url":"/api/notifications/summary","request":{"body":null},"response":{"status":200,"statusText":"OK","body":{"unread":6}},"duration":5,"error":null}
[2026-06-29T23:35:09.494Z] {"timestamp":1782776108379,"type":"xhr","method":"GET","url":"/api/admin/conversas/fila/estatisticas","request":{"body":null},"response":{"status":200,"statusText":"OK","body":{"success":true,"data":{"mensagens_nao_lidas":99}}},"duration":6,"error":null}
[2026-06-29T23:35:14.816Z] {"timestamp":1782776113658,"type":"xhr","method":"GET","url":"/api/admin/conversas/fila/estatisticas","request":{"body":null},"response":{"status":200,"statusText":"OK","body":{"success":true,"data":{"mensagens_nao_lidas":99}}},"duration":3,"error":null}
[2026-06-29T23:35:14.816Z] {"timestamp":1782776113657,"type":"xhr","method":"GET","url":"/api/notifications/summary","request":{"body":null},"response":{"status":200,"statusText":"OK","body":{"unread":6}},"duration":4,"error":null}
[2026-06-29T23:35:15.499Z] {"timestamp":1782776115387,"type":"xhr","method":"GET","url":"/api/notifications/summary","request":{"body":null},"response":{"status":200,"statusText":"OK","body":{"unread":6}},"duration":3,"error":null}
[2026-06-29T23:35:15.499Z] {"timestamp":1782776115387,"type":"xhr","method":"GET","url":"/api/admin/conversas/fila/estatisticas","request":{"body":null},"response":{"status":200,"statusText":"OK","body":{"success":true,"data":{"mensagens_nao_lidas":99}}},"duration":4,"error":null}
[2026-06-29T23:35:20.819Z] {"timestamp":1782776120666,"type":"xhr","method":"GET","url":"/api/admin/conversas/fila/estatisticas","request":{"body":null},"response":{"status":200,"statusText":"OK","body":{"success":true,"data":{"mensagens_nao_lidas":99}}},"duration":5,"error":null}
[2026-06-29T23:35:20.819Z] {"timestamp":1782776120667,"type":"xhr","method":"GET","url":"/api/notifications/summary","request":{"body":null},"response":{"status":200,"statusText":"OK","body":{"unread":6}},"duration":4,"error":null}
[2026-06-29T23:35:23.491Z] {"timestamp":1782776122400,"type":"xhr","method":"GET","url":"/api/notifications/summary","request":{"body":null},"response":{"status":200,"statusText":"OK","body":{"unread":6}},"duration":4,"error":null}
[2026-06-29T23:35:23.491Z] {"timestamp":1782776122401,"type":"xhr","method":"GET","url":"/api/admin/conversas/fila/estatisticas","request":{"body":null},"response":{"status":200,"statusText":"OK","body":{"success":true,"data":{"mensagens_nao_lidas":99}}},"duration":4,"error":null}
[2026-06-29T23:35:28.826Z] {"timestamp":1782776127685,"type":"xhr","method":"GET","url":"/api/admin/conversas/fila/estatisticas","request":{"body":null},"response":{"status":200,"statusText":"OK","body":{"success":true,"data":{"mensagens_nao_lidas":99}}},"duration":4,"error":null}
[2026-06-29T23:35:28.826Z] {"timestamp":1782776127685,"type":"xhr","method":"GET","url":"/api/notifications/summary","request":{"body":null},"response":{"status":200,"statusText":"OK","body":{"unread":6}},"duration":5,"error":null}
[2026-06-29T23:35:29.501Z] {"timestamp":1782776129418,"type":"xhr","method":"GET","url":"/api/notifications/summary","request":{"body":null},"response":{"status":200,"statusText":"OK","body":{"unread":6}},"duration":4,"error":null}
[2026-06-29T23:35:29.501Z] {"timestamp":1782776129418,"type":"xhr","method":"GET","url":"/api/admin/conversas/fila/estatisticas","request":{"body":null},"response":{"status":200,"statusText":"OK","body":{"success":true,"data":{"mensagens_nao_lidas":99}}},"duration":5,"error":null}
[2026-06-29T23:35:34.819Z] {"timestamp":1782776134703,"type":"xhr","method":"GET","url":"/api/admin/conversas/fila/estatisticas","request":{"body":null},"response":{"status":200,"statusText":"OK","body":{"success":true,"data":{"mensagens_nao_lidas":99}}},"duration":9,"error":null}
[2026-06-29T23:35:34.819Z] {"timestamp":1782776134704,"type":"xhr","method":"GET","url":"/api/notifications/summary","request":{"body":null},"response":{"status":200,"statusText":"OK","body":{"unread":6}},"duration":8,"error":null}
[2026-06-29T23:35:37.489Z] {"timestamp":1782776136433,"type":"xhr","method":"GET","url":"/api/notifications/summary","request":{"body":null},"response":{"status":200,"statusText":"OK","body":{"unread":6}},"duration":4,"error":null}
[2026-06-29T23:35:37.489Z] {"timestamp":1782776136434,"type":"xhr","method":"GET","url":"/api/admin/conversas/fila/estatisticas","request":{"body":null},"response":{"status":200,"statusText":"OK","body":{"success":true,"data":{"mensagens_nao_lidas":99}}},"duration":4,"error":null}
[2026-06-29T23:35:42.825Z] {"timestamp":1782776141714,"type":"xhr","method":"GET","url":"/api/admin/conversas/fila/estatisticas","request":{"body":null},"response":{"status":200,"statusText":"OK","body":{"success":true,"data":{"mensagens_nao_lidas":99}}},"duration":5,"error":null}
[2026-06-29T23:35:42.825Z] {"timestamp":1782776141715,"type":"xhr","method":"GET","url":"/api/notifications/summary","request":{"body":null},"response":{"status":200,"statusText":"OK","body":{"unread":6}},"duration":5,"error":null}
[2026-06-29T23:35:43.497Z] {"timestamp":1782776143446,"type":"xhr","method":"GET","url":"/api/notifications/summary","request":{"body":null},"response":{"status":200,"statusText":"OK","body":{"unread":6}},"duration":4,"error":null}
[2026-06-29T23:35:43.497Z] {"timestamp":1782776143447,"type":"xhr","method":"GET","url":"/api/admin/conversas/fila/estatisticas","request":{"body":null},"response":{"status":200,"statusText":"OK","body":{"success":true,"data":{"mensagens_nao_lidas":99}}},"duration":3,"error":null}
